phase,node,time,normalized_time,T_i,qw,qx,qy,qz,wx,wy,wz,taux,tauy,tauz
1,0,0.0,0.0,107.0,0.7071067811865347,-1.6807468452362517e-16,1.67220493913727e-16,0.7071067811865347,2.742782150536148e-19,9.081551510955906e-17,-1.6863947817962633e-18,-7.300837241144026e-09,-8.34372922012202e-07,-2.323897621064053e-09
1,1,0.5,0.004672897196261682,107.0,0.7071067811865218,-3.56747337680845e-16,3.5450621320082423e-16,0.7071067811865217,-1.8252093102552347e-08,-5.214830761255038e-07,-5.8097440546062684e-09,-6.1865386615796654e-09,-8.283308159114744e-07,-1.7938578558604292e-09
1,2,1.0,0.009345794392523364,107.0,0.7071067822135302,8.895950980188192e-08,-9.54125991926471e-08,0.7071067801594755,-3.371843521198058e-08,-1.0391898360556822e-06,-1.029440297146384e-08,-5.065133168537612e-09,-8.224943893337494e-07,-1.367748753803808e-09
1,3,1.5,0.014018691588785047,107.0,0.7071067840332799,2.6670342154903473e-07,-2.8507777806293867e-07,0.7071067783396043,-4.6381252086575626e-08,-1.5532488293904237e-06,-1.371382741572147e-08,-3.950012713939391e-09,-8.168185734203721e-07,-1.0136393772095947e-09
1,4,2.0,0.018691588785046728,107.0,0.7071067864573909,5.330824926820987e-07,-5.678550984031366e-07,0.707106775915146,-5.62562519199545e-08,-2.0637604377895817e-06,-1.624803392106424e-08,-2.8429779677474423e-09,-8.112664087239393e-07,-6.404983129738098e-10
1,5,2.5,0.02336448598130841,107.0,0.7071067893292718,8.879624491793936e-07,-9.426246444135406e-07,0.707106773042482,-6.336364654125839e-08,-2.570801943261256e-06,-1.7849453852546446e-08,-1.7419155504219082e-09,-8.058051298686987e-07,-1.8095564057286037e-11
1,6,3.0,0.028037383177570093,107.0,0.7071067924838881,1.3312191055346699e-06,-1.4082837350657068e-06,0.7071067698863698,-6.771836658620629e-08,-3.0744301494550864e-06,-1.7894937105622757e-08,-6.428954269418115e-10,-8.004039748220609e-07,2.089261831145337e-10
1,7,3.5,0.03271028037383177,107.0,0.7071067956460139,1.8627356779992764e-06,-1.963742370663414e-06,0.7071067667216929,-6.932552262846762e-08,-3.574682633750984e-06,-1.7372933940770634e-08,4.5885833948954566e-10,-7.950329596595834e-07,-4.3103587588997895e-10
1,8,4.0,0.037383177570093455,107.0,0.7071067987151253,2.482401122290346e-06,-2.6079180976559647e-06,0.7071067636485686,-6.817828362566196e-08,-4.071578233576353e-06,-1.845089535551376e-08,1.5684129415094953e-09,-7.896621957054245e-07,1.1205949847505101e-10
1,9,4.5,0.04205607476635514,107.0,0.7071068019738214,3.190108932959705e-06,-3.339730583752783e-06,0.7071067603839292,-6.425713858549516e-08,-4.565117105936295e-06,-1.817116299908623e-08,2.6907544556468537e-09,-7.842615063440641e-07,3.2398281540459175e-10
1,10,5.0,0.04672897196261682,107.0,0.707106805181825,3.985756079489391e-06,-4.158096077151042e-06,0.7071067571675226,-5.75301280161453e-08,-5.0552805474512275e-06,-1.736164597254469e-08,3.830572540946109e-09,-7.7880022071386e-07,4.557700024737801e-10
1,11,5.5,0.0514018691588785,107.0,0.707106808245183,4.869241875074262e-06,-5.0619218697125235e-06,0.7071067540927128,-4.795356501178406e-08,-5.542030685453024e-06,-1.6222657212719608e-08,4.992086335486299e-09,-7.732470631631913e-07,1.1935060304045954e-09
1,12,6.0,0.056074766355140186,107.0,0.7071068111053231,5.840466660763207e-06,-6.050100835440151e-06,0.7071067512174257,-3.547321431335344e-08,-6.0253100999912675e-06,-1.3239290776755428e-08,6.178907404149533e-09,-7.675700978627311e-07,1.1978749445411455e-09
1,13,6.5,0.06074766355140187,107.0,0.7071068134358433,6.899330212185572e-06,-7.121506112657278e-06,0.7071067488673604,-2.0025826146699917e-08,-6.505041411222184e-06,-1.0244924020949819e-08,7.393946565258715e-09,-7.617367150821438e-07,7.103957766236918e-10
1,14,7.0,0.06542056074766354,107.0,0.7071068152344112,8.045729809424221e-06,-8.274985977416597e-06,0.7071067470440919,-1.5408597680242917e-09,-6.98112685822051e-06,-8.469129982611717e-09,8.639300741883521e-09,-7.557136360058203e-07,6.396926381226411e-10
1,15,7.5,0.07009345794392523,107.0,0.7071068167160258,9.279557923210577e-06,-9.509358951485414e-06,0.707106745531811,2.0057480772855516e-08,-7.453447880801207e-06,-6.869914522681622e-09,9.916159194006448e-09,-7.494669285047167e-07,1.6670131240405057e-10
1,16,8.0,0.07476635514018691,107.0,0.7071068179114589,1.0600699462809794e-05,-1.0823409200682387e-05,0.7071067442988851,4.4847955564783114e-08,-7.92186471119856e-06,-6.452936995565544e-09,1.1224744770683483e-08,-7.429620473631642e-07,-1.3086166899880548e-09
1,17,8.5,0.0794392523364486,107.0,0.7071068190292326,1.2009028555587971e-05,-1.2215882257410428e-05,0.707106743135882,7.290989417054479e-08,-8.386215990887047e-06,-9.72394580152109e-09,1.2564185453408705e-08,-7.361638613264483e-07,-1.1677722100189339e-09
1,18,9.0,0.08411214953271028,107.0,0.7071068207208006,1.3504404836556947e-05,-1.3685481097691794e-05,0.7071067413903912,1.0432048012487243e-07,-8.846318404306937e-06,-1.2642459169485637e-08,1.3932451293003925e-08,-7.290367188709141e-07,-9.33363299314592e-10
1,19,9.5,0.08878504672897196,107.0,0.7071068229233298,1.5086669167878118e-05,-1.5230862658336754e-05,0.7071067391242456,1.3915177611638512e-07,-9.301966353696199e-06,-1.4974483139597056e-08,1.5326241913464684e-08,-7.215444969534317e-07,-7.804360630329818e-10
1,20,10.0,0.09345794392523364,107.0,0.7071068255325981,1.6755638804672846e-05,-1.6850634793404788e-05,0.7071067364406244,1.7746758983846487e-07,-9.75293166439084e-06,-1.6923631719628364e-08,1.6740884380669498e-08,-7.136506693564763e-07,-1.4208357858964973e-09
1,21,10.5,0.09813084112149532,107.0,0.7071068284803549,1.8511101946214016e-05,-1.8543353740894255e-05,0.7071067334066964,2.1932004837292494e-07,-1.0198963332840903e-05,-2.0473124940588647e-08,1.8170239417195302e-08,-7.053183672434257e-07,-7.644867992111988e-10
1,22,11.0,0.102803738317757,107.0,0.7071068320489156,2.0352811643936167e-05,-2.0307522143512266e-05,0.7071067297390281,2.647459601231839e-07,-1.0639787312473535e-05,-2.2380986683090037e-08,1.9606564306766155e-08,-6.965104669415716e-07,9.581606595644098e-11
1,23,11.5,0.10747663551401869,107.0,0.7071068359474697,2.2280478996030303e-05,-2.2141587707095843e-05,0.7071067257272793,3.13762728083849e-07,-1.1075106354420433e-05,-2.2137221257070598e-08,2.104042036410676e-08,-6.871896636218907e-07,9.316380879807943e-10
1,24,12.0,0.11214953271028037,107.0,0.7071068397950331,2.429376562617368e-05,-2.4043942518740182e-05,0.7071067217512531,3.663641467526292e-07,-1.1504599894295148e-05,-1.9802913603730083e-08,2.246052886693004e-08,-6.773185575064758e-07,1.1731737972720545e-09
1,25,12.5,0.11682242990654206,107.0,0.7071068432214037,2.6392275391115806e-05,-2.6012923095949818e-05,0.7071067181799454,4.2251581065729894e-07,-1.1927923992850031e-05,-1.686365680109853e-08,2.3853770715192407e-08,-6.668597498650642e-07,6.219242565074176e-10
1,26,13.0,0.12149532710280374,107.0,0.7071068461189831,2.8575545272730146e-05,-2.8046811230201868e-05,0.7071067151197262,4.821505391684104e-07,-1.2344711336631016e-05,-1.5301286555056006e-08,2.520501078718437e-08,-6.557759321540998e-07,-3.548386435802856e-11
1,27,13.5,0.1261682242990654,107.0,0.707106848730503,3.084303545776602e-05,-3.014383564295631e-05,0.7071067123266177,5.45163349471886e-07,-1.2754571294344305e-05,-1.5381068202156022e-08,2.6497074935251802e-08,-6.440299821735812e-07,-4.0916969809515965e-10
1,28,14.0,0.1308411214953271,107.0,0.7071068513455778,3.319411852338111e-05,-3.230217455608211e-05,0.7071067095097459,6.114063310790411e-07,-1.3157090033321096e-05,-1.6393562460253514e-08,2.77107296466366e-08,-6.315850578866395e-07,-1.106083962108041e-09
1,29,14.5,0.13551401869158877,107.0,0.7071068541284026,3.5628067739662815e-05,-3.451995918657392e-05,0.7071067065036482,6.806834787336927e-07,-1.3551830694619541e-05,-1.9146705873363176e-08,2.8824327841042905e-08,-6.184047166275096e-07,6.197275049565446e-11
1,30,15.0,0.14018691588785046,107.0,0.7071068573859932,3.8144044509061034e-05,-3.6795278165771764e-05,0.7071067030000387,7.527446875464359e-07,-1.3938333642631681e-05,-1.897793723622247e-08,2.981408359060391e-08,-6.044529859736675e-07,1.330989156027442e-09
1,31,15.5,0.14485981308411214,107.0,0.7071068606011324,4.074108472752383e-05,-3.912618312714833e-05,0.7071066995148666,8.272802933050067e-07,-1.4316116758985477e-05,-1.563472633613778e-08,3.065382089002408e-08,-5.896945008827709e-07,2.651962053071052e-09
1,32,16.0,0.14953271028037382,107.0,0.7071068632119656,4.341808431646918e-05,-4.151069522457543e-05,0.7071066966087282,9.039151812738168e-07,-1.4684675822157423e-05,-8.98705604141551e-09,3.1314894560009856e-08,-5.740945890389129e-07,2.961942425970889e-09
1,33,16.5,0.1542056074766355,107.0,0.7071068646336618,4.617378374607675e-05,-4.394681279441637e-05,0.7071066948652104,9.822026156328155e-07,-1.5043484940426567e-05,-1.5622894241587e-09,3.1766354111085845e-08,-5.576194119570638e-07,2.795289311516576e-09
1,34,17.0,0.1588785046728972,107.0,0.7071068647281811,4.900675157243388e-05,-4.6432520155395114e-05,0.7071066944211314,1.0616185361649815e-06,-1.5391997073018807e-05,5.4480974801514785e-09,3.197490603703198e-08,-5.402360383356621e-07,2.774976018787068e-09
1,35,17.5,0.16355140186915887,107.0,0.7071068635681267,5.1915367018806026e-05,-4.896579755026462e-05,0.707106695202695,1.141555675473013e-06,-1.5729644597096574e-05,1.2410048171377662e-08,3.190491502664925e-08,-5.219125593558993e-07,2.9075340159728475e-09
1,36,18.0,0.16822429906542055,107.0,0.7071068611614344,5.489780161127432e-05,-5.154463223413834e-05,0.7071066972008093,1.2213176702323325e-06,-1.605583994681053e-05,1.9705817609116334e-08,3.1518479244006245e-08,-5.026181962958108e-07,3.51729950098611e-09
1,37,18.5,0.17289719626168223,107.0,0.7071068574484964,5.795199990227988e-05,-5.416703070013965e-05,0.7071067004739708,1.3001133937533958e-06,-1.6369976319610117e-05,2.8528480283299172e-08,3.077526355838717e-08,-4.823233986825027e-07,2.618818171117749e-09
1,38,19.0,0.17757009345794392,107.0,0.7071068521588334,6.107565930633423e-05,-5.683103204337763e-05,0.7071067052916009,1.3770508521348287e-06,-1.6671428443899218e-05,3.510744994936782e-08,2.9633065789507336e-08,-4.609999774087014e-07,2.042251857811083e-09
1,39,19.5,0.1822429906542056,107.0,0.7071068456885615,6.426620907228559e-05,-5.9534722454030434e-05,0.7071067112565871,1.4511326386729243e-06,-1.695955342988966e-05,4.024751570101022e-08,2.804748390962109e-08,-4.386211680006334e-07,1.7196588480516504e-09
1,40,20.0,0.18691588785046728,107.0,0.707106838291581,6.752078847377796e-05,-6.22762508020031e-05,0.7071067181141044,1.5212503245785192e-06,-1.723369165999718e-05,4.4583578663419645e-08,2.5972257493526693e-08,-4.151617503788237e-07,1.6691971193262587e-09
1,41,20.5,0.19158878504672897,107.0,0.7071068301096175,7.083622422708603e-05,-6.505384530498546e-05,0.7071067257215843,1.5861798158042827e-06,-1.749316775408783e-05,4.879589660031122e-08,2.33591620920839e-08,-3.905981073478379e-07,1.4403580952982853e-09
1,42,21.0,0.19626168224299065,107.0,0.7071068211642126,7.420900725571142e-05,-6.78658311912659e-05,0.7071067340567326,1.6445764406437313e-06,-1.773729157128053e-05,5.243841280308316e-08,2.0158672352707914e-08,-3.6490836598257887e-07,5.996228481515621e-10
1,43,21.5,0.20093457943925233,107.0,0.7071068115558407,7.763526878340082e-05,-7.071064938650483e-05,0.7071067430184248,1.6949717263538379e-06,-1.7965359300116018e-05,5.398122542117337e-08,1.632013590262972e-08,-3.3807246778556997e-07,-3.5673165172741707e-10
1,44,22.0,0.205607476635514,107.0,0.707106801655518,8.111075605247972e-05,-7.358687596007349e-05,0.7071067522351069,1.7357706114237142e-06,-1.81766545925741e-05,5.3135072455807886e-08,1.179213699975497e-08,-3.100722475507497e-07,-1.299879880925906e-09
1,45,22.5,0.2102803738317757,107.0,0.7071067918854979,8.463080771021433e-05,-7.649324230802007e-05,0.7071067612841114,1.765249505197771e-06,-1.8370449747380826e-05,4.993269850750042e-08,6.522827894274e-09,-2.808915042139023e-07,-1.7192013756064202e-09
1,46,23.0,0.21495327102803738,107.0,0.7071067826623592,8.819032907537338e-05,-7.942865587305702e-05,0.7071067697485804,1.7815551990056944e-06,-1.854600693759709e-05,4.568333770923214e-08,4.6049583818415874e-10,-2.5051608639261024e-07,-2.356733086494092e-09
1,47,23.5,0.21962616822429906,107.0,0.7071067741713656,9.178376740942787e-05,-8.239222129621625e-05,0.7071067774431175,1.7827051677372957e-06,-1.8702579491669797e-05,3.9841066095359234e-08,-6.44581704611249e-09,-2.1893397908493758e-07,-2.9318271326521317e-09
1,48,24.0,0.22429906542056074,107.0,0.7071067666944275,9.540508752825325e-05,-8.538326167437364e-05,0.7071067840858374,1.7665895074272808e-06,-1.8839413228669653e-05,3.2561510041096814e-08,-1.4245792776157797e-08,-1.861353892727191e-07,-2.8754518910258433e-09
1,49,24.5,0.22897196261682243,107.0,0.707106760486097,9.90477479433055e-05,-8.840133976561913e-05,0.7071067894223821,1.730974105328512e-06,-1.8955747847031013e-05,2.5422802577907914e-08,-2.2987071456278893e-08,-1.52112712658762e-07,-1.97251361269058e-09
1,50,25.0,0.2336448598130841,107.0,0.7071067555221162,0.00010270467779066139,-9.144627890011208e-05,0.7071067934773837,1.6735057038265938e-06,-1.90508182925025e-05,2.0540736409061248e-08,-3.2714969499020036e-08,-1.1686071461633495e-07,-1.3572075686886985e-09
1,51,25.5,0.2383177570093458,107.0,0.7071067514043846,0.00010636825491296289,-9.451818322005636e-05,0.7071067966495066,1.5917176931032866e-06,-1.9123856239191033e-05,1.719553996688612e-08,-4.3471163335672865e-08,-8.03765489180665e-08,-7.108576721095373e-10
1,52,26.0,0.24299065420560748,107.0,0.7071067478622352,0.0001100302853051886,-9.761745706977466e-05,0.7071067992101824,1.48303929149739e-06,-1.9174091582311453e-05,1.5464055457177592e-08,-5.529314019600439e-08,-4.2659789281074015e-08,-4.485887269221864e-10
1,53,26.5,0.24766355140186916,107.0,0.7071067446116249,0.0001136819843672373,-0.00010074482311632758,0.7071068014444276,1.3448059962442019e-06,-1.9200753950651798e-05,1.4385237536796518e-08,-6.82132432065871e-08,-3.7125131356821105e-09,-8.108003365226462e-10
1,54,27.0,0.2523364485981308,107.0,0.7071067415386222,0.00011731396031506924,-0.00010390133884082873,0.7071068034673641,1.1742724739170484e-06,-1.9203074271394077e-05,1.2396968629146081e-08,-8.225741810909197e-08,3.64606530367669e-08,-9.45478643671107e-10
1,55,27.5,0.2570093457943925,107.0,0.7071067388056742,0.00012091620013911995,-0.0001070884110366856,0.7071068051179573,9.68628571554623e-07,-1.9180286363271152e-05,1.006709648224315e-08,-9.744459224987664e-08,7.78525294811741e-08,-1.2450915567483106e-09
1,56,28.0,0.2616822429906542,107.0,0.7071067364750905,0.0001244780586035708,-0.00011030780783948731,0.7071068063355371,7.25016801295119e-07,-1.9131628532362835e-05,6.982235450419877e-09,-1.1378512897172664e-07,1.2045330605426204e-07,-1.6847952483252123e-09
1,57,28.5,0.26635514018691586,107.0,0.7071067346825112,0.00012798825069761221,-0.00011356166785896748,0.7071068069863317,4.4055377849305026e-07,-1.9056345216088505e-05,2.7910534577776497e-09,-1.312803675290266e-07,1.6425055346529476e-07,-1.1090014242015853e-09
1,58,29.0,0.27102803738317754,107.0,0.7071067336259457,0.00013143484814062616,-0.00011685250584171846,0.7071068068744267,1.1235277988875086e-07,-1.895368862017427e-05,3.114291474711944e-11,-1.4992076145123247e-07,2.0922920419015842e-07,-6.073937233980355e-10
1,59,29.5,0.2757009345794392,107.0,0.7071067330550832,0.00013480528008173558,-0.00012018321472865072,0.7071068062524518,-2.624491246259611e-07,-1.882292036754882e-05,-1.4841471442278049e-09,-1.6968486246208948e-07,2.553715184523167e-07,3.516355889448551e-11
1,60,30.0,0.2803738317757009,107.0,0.7071067327528794,0.00013808633904617858,-0.0001235570630283288,0.707106805339985,-6.866612388788773e-07,-1.8663313168501206e-05,-1.403648335223241e-09,-1.9053813681205925e-07,3.026571313508745e-07,6.778847778527718e-11
1,61,30.5,0.2850467289719626,107.0,0.7071067324404813,0.00014126419235899816,-0.000126977687315109,0.7071068044186164,-1.163006541616089e-06,-1.847415246138355e-05,-1.2534002012197859e-09,-2.1243185182962938e-07,3.510630112252055e-07,1.1322634965878621e-10
1,62,31.0,0.2897196261682243,107.0,0.7071067321090708,0.0001443243997139949,-0.0001304490791533832,0.7071068035000878,-1.69408613645959e-06,-1.8254738079335895e-05,-1.0025626671606184e-09,-2.3530113332219577e-07,4.0056351443933674e-07,4.746080806545515e-10
1,63,31.5,0.29439252336448596,107.0,0.7071067317446366,0.0001472519372162125,-0.0001339755661500949,0.7071068026014994,-2.282338942316063e-06,-1.800438588277077e-05,1.3756988666632619e-10,-2.590642169445624e-07,4.5113041563755584e-07,1.2798070260683946e-09
1,64,32.0,0.29906542056074764,107.0,0.7071067311939883,0.00015003122886019597,-0.00013756178614546897,0.7071068018792676,-2.92999948839664e-06,-1.7722429372948062e-05,3.275449285606933e-09,-2.836213128033868e-07,5.027329933183852e-07,9.054700507418519e-10
1,65,32.5,0.3037383177570093,107.0,0.7071067301082162,0.00015264618576670732,-0.00014121265421382582,0.7071068016856331,-3.6390528574830244e-06,-1.7408221252066093e-05,5.4612343491653685e-09,-3.0885231993134725e-07,5.553379399428879e-07,-9.319166725443053e-10
1,66,33.0,0.308411214953271,107.0,0.7071067286600797,0.00015508025381354628,-0.00014493332180883382,0.7071068018512332,-4.411183799922198e-06,-1.706113503953504e-05,3.0364185118864263e-09,-3.3461575600717577e-07,6.089093878443584e-07,-2.402037692257867e-09
1,67,33.5,0.3130841121495327,107.0,0.7071067276692542,0.00015731647044111535,-0.00014872912731858106,0.7071068015598102,-5.247723267653242e-06,-1.6680566672056792e-05,-3.0815654226536533e-09,-3.6074794576258165e-07,6.63409025128115e-07,-3.6075984456345503e-09
1,68,34.0,0.3177570093457944,107.0,0.7071067277933767,0.00015933753099881795,-0.00015260553765884837,0.7071068001571135,-6.149593054963078e-06,-1.6265936031267447e-05,-1.2231864033610029e-08,-3.8706172080763185e-07,7.187961104607369e-07,-4.198866498070622e-09
1,69,34.5,0.32242990654205606,107.0,0.7071067295733634,0.00016112586531480112,-0.00015656808016812628,0.7071067971055265,-7.117247058545669e-06,-1.5816688462136495e-05,-2.2879073609949745e-08,-4.1334395080537174e-07,7.750274002410007e-07,-5.219978258117089e-09
1,70,35.0,0.32710280373831774,107.0,0.7071067332787616,0.00016266372487461073,-0.00016062226443203591,0.7071067921386512,-8.150606392760771e-06,-1.5332296336884222e-05,-3.6097876174597535e-08,-4.3935645068142405e-07,8.320573930221618e-07,-6.204322117715143e-09
1,71,35.5,0.3317757009345794,107.0,0.7071067393690991,0.00016393328188275176,-0.00016477349277360686,0.7071067847998924,-9.248996689278658e-06,-1.4812260466135158e-05,-5.17961327382124e-08,-4.6483361782600663e-07,8.898382408312831e-07,-6.4870404627558076e-09
1,72,36.0,0.3364485981308411,107.0,0.7071067482875583,0.0001649167395126804,-0.0001690269600598616,0.7071067746487124,-1.04110795830272e-05,-1.4256111565496928e-05,-6.821923171749664e-08,-4.894821679650457e-07,9.483199459732128e-07,-5.946739853202435e-09
1,73,36.5,0.3411214953271028,107.0,0.7071067601670261,0.00016559645450200028,-0.0001733875416780042,0.7071067615545097,-1.1634783544139521e-05,-1.3663411599136657e-05,-8.330871361883029e-08,-5.129805922441834e-07,1.0074503051520752e-06,-5.938843168835026e-09
1,74,37.0,0.34579439252336447,107.0,0.7071067747763109,0.0001659550722641599,-0.00017785966946681515,0.7071067457503281,-1.2917233317340237e-05,-1.303375515828141e-05,-9.839427779576734e-08,-5.349780373222421e-07,1.06717516552428e-06,-5.806575224414347e-09
1,75,37.5,0.35046728971962615,107.0,0.7071067921190181,0.00016597567487990525,-0.00018244719526456677,0.7071067272339115,-1.4254676486988539e-05,-1.2366770679685527e-05,-1.1316325594159173e-07,-5.550945960114064e-07,1.1274384401928416e-06,-5.9789352760790254e-09
1,76,38.0,0.35514018691588783,107.0,0.7071068121431425,0.00016564194207144484,-0.00018715324189830682,0.7071067060580446,-1.564241087783505e-05,-1.1662121654413974e-05,-1.2837502060487467e-07,-5.729206679632404e-07,1.1881822157075703e-06,-7.1234904790936125e-09
1,77,38.5,0.3598130841121495,107.0,0.7071068349305054,0.0001649383253436977,-0.00019198004144076061,0.7071066821410591,-1.70747103020705e-05,-1.091950776943812e-05,-1.464573823508034e-07,-5.8801806353064e-07,1.2493466917258423e-06,-6.511007041767729e-09
1,78,39.0,0.3644859813084112,107.0,0.7071068609916191,0.00016385023548729627,-0.00019692876051880534,0.7071066549719203,-1.854475306204927e-05,-1.0138666086943485e-05,-1.6301457110321257e-07,-5.999195907452185e-07,1.3108705988754986e-06,-5.874072073739548e-09
1,79,39.5,0.3691588785046729,107.0,0.7071068900593668,0.000162364242519401,-0.00020199931354126613,0.7071066248165182,-2.004454955980374e-05,-9.319371962473221e-06,-1.7798177987623838e-07,-6.08130076874303e-07,1.3726910537611578e-06,-5.100611028831016e-09
1,80,40.0,0.37383177570093457,107.0,0.7071069218545499,0.00016046828911310998,-0.00020719016283107864,0.7071065919521083,-2.1564872263989654e-05,-8.461440053692608e-06,-1.910135113682969e-07,-6.121273263180868e-07,1.4347436937708262e-06,-3.667515599925792e-09
1,81,40.5,0.37850467289719625,107.0,0.7071069560362104,0.0001581519163682858,-0.00021249810674620864,0.7071065567170024,-2.3095188155429424e-05,-7.564725244899449e-06,-2.0045600517910834e-07,-6.113647077034706e-07,1.4969629887914094e-06,-3.5641131583384957e-09
1,82,41.0,0.38317757009345793,107.0,0.7071069919703149,0.0001554065016318619,-0.0002179180560620012,0.7071065197419286,-2.4623597650115606e-05,-6.629123376712249e-06,-2.0962835120435282e-07,-6.05270915096128e-07,1.5592819709518716e-06,-3.5147059012718833e-09
1,83,41.5,0.3878504672897196,107.0,0.7071070296088057,0.0001522255075792948,-0.00022344279943795227,0.7071064810710573,-2.6136772853397746e-05,-5.654572144668935e-06,-2.1865996525797278e-07,-5.932537929870247e-07,1.621632631029338e-06,-3.559192030802568e-09
1,84,42.0,0.3925233644859813,107.0,0.7071070689257258,0.00014860474194132708,-0.0002290627584532159,0.7071064407259937,-2.7619905481243253e-05,-4.641051750071752e-06,-2.2777963373684173e-07,-5.747025155881523e-07,1.6839458565015722e-06,-2.8808554480481446e-09
1,85,42.5,0.397196261682243,107.0,0.7071071099347926,0.00014454262672312354,-0.00023476573341936908,0.7071063986883677,-2.9056660184529343e-05,-3.588585589549366e-06,-2.3517405047324978e-07,-5.489906113518157e-07,1.7461520278116797e-06,-1.1573980325313043e-09
1,86,43.0,0.40186915887850466,107.0,0.7071071523284308,0.00014004047567147106,-0.00024053664114184528,0.7071063552610096,-3.042913544701731e-05,-2.497240571953525e-06,-2.382239540226486e-07,-5.154804236159045e-07,1.8081807279280345e-06,7.384276073147365e-11
1,87,43.5,0.40654205607476634,107.0,0.7071071953353556,0.0001351027787730239,-0.00024635724577304883,0.7071063112106326,-3.171783561372534e-05,-1.3671276167807651e-06,-2.3815333042836146e-07,-4.735260680999183e-07,1.8699610946736504e-06,9.30351210930129e-10
1,88,44.0,0.411214953271028,107.0,0.7071072384000524,0.00012973749206699012,-0.0002522058846470351,0.7071062670886673,-3.290165029561835e-05,-1.9840193238826095e-07,-2.3589249589457646e-07,-4.224779549192215e-07,1.9314217972534467e-06,4.148891605913345e-09
1,89,44.5,0.4158878504672897,107.0,0.7071072811309764,0.0001239563309093278,-0.0002580571906756727,0.7071062232834346,-3.395784511273632e-05,1.0087366911198647e-06,-2.255300585061925e-07,-3.616892747126902e-07,1.9924918768931354e-06,6.209138626349694e-09
1,90,45.0,0.4205607476635514,107.0,0.7071073220912445,0.00011777506450106511,-0.0002638818133621682,0.7071061812298813,-3.486206864079075e-05,2.2540441144055357e-06,-2.099558301537575e-07,-2.905197757701054e-07,2.053100055378782e-06,8.364637154947852e-09
1,91,45.5,0.4252336448598131,107.0,0.7071073603546565,0.00011121381013959584,-0.0002696461404998139,0.7071061418540306,-3.558836879011225e-05,3.5372316492469454e-06,-1.889263663051855e-07,-2.0834271527037578e-07,2.1131753995133445e-06,1.0435135870930591e-08
1,92,46.0,0.42990654205607476,107.0,0.707107394952014,0.00010429732385648217,-0.0002753120231872936,0.707106106127184,-3.610922658072377e-05,4.857966274174111e-06,-1.6264970017092457e-07,-1.1455111945493487e-07,2.172647325170785e-06,1.1489147048161382e-08
1,93,46.5,0.43457943925233644,107.0,0.7071074249511594,9.705528527510521e-05,-0.00028083650666298107,0.7071060749864325,-3.639560556460154e-05,6.215870852638254e-06,-1.3366370644286352e-07,-8.564848134756014e-09,2.231445920225449e-06,1.4305565443914894e-08
1,94,47.0,0.4392523364485981,107.0,0.7071074498690877,8.95225738273821e-05,-0.00028617156979485637,0.7071060489231159,-3.641701893121219e-05,7.610524553012038e-06,-9.756044725698595e-08,1.1016185162476203e-07,2.289501979988327e-06,1.7421942247829803e-08
1,95,47.5,0.4439252336448598,107.0,0.7071074684443533,8.17395323823313e-05,-0.00029126387658382597,0.7071060292109906,-3.61416154158975e-05,9.041463290737468e-06,-5.358986271177373e-08,2.421325956903901e-07,2.3467472544812596e-06,2.0883341318627966e-08
1,96,48.0,0.4485981308411215,107.0,0.7071074792839637,7.375221634532152e-05,-0.00029605454250584024,0.7071060172598865,-3.553628465348406e-05,1.0508180325020176e-05,-8.913497811270507e-10,3.878001398966897e-07,2.40311481319949e-06,2.195886079256743e-08
1,97,48.5,0.4532710280373832,107.0,0.7071074808440951,6.561262376780762e-05,-0.00030047891946951796,0.707106014635491,-3.4566784317806517e-05,1.2010127083500299e-05,5.4565934731692814e-08,5.475583384964153e-07,2.4585389482061747e-06,2.2549385323848723e-08
1,98,49.0,0.45794392523364486,107.0,0.7071074726376686,5.73789033567838e-05,-0.0003044664029880123,0.7071060218521897,-3.319788748856208e-05,1.3546713926357412e-05,1.1156212525047927e-07,7.217326129708264e-07,2.5129556868822275e-06,2.320664253876165e-08
1,99,49.5,0.46261682242990654,107.0,0.7071074543949781,4.91155354448628e-05,-0.00030794026548849326,0.7071060392127343,-3.139355368919454e-05,1.5117311230884141e-05,1.7025331502478584e-07,9.105704966786988e-07,2.566303097894223e-06,2.441900254891418e-08
1,100,50.0,0.4672897196261682,107.0,0.7071074258205833,4.089348277188467e-05,-0.00031081751958488983,0.7071060670514773,-2.911712358684625e-05,1.672125066728969e-05,2.3201270058000626e-07,1.1142320764387895e-06,2.6185215568462997e-06,2.624715541145915e-08
1,101,50.5,0.4719626168224299,107.0,0.7071073863781966,3.2790306629456414e-05,-0.00031300881553002284,0.7071061059493937,-2.6331537576439312e-05,1.8357826640535825e-05,2.9836090119233807e-07,1.3327802016433137e-06,2.669553867260305e-06,2.8027450929103407e-08
1,102,51.0,0.4766355140186916,107.0,0.7071073352645516,2.489024419044476e-05,-0.0003144183770341399,0.7071061567598457,-2.2999578856444773e-05,2.0026297807785435e-05,3.691546132183841e-07,1.5661706112643386e-06,2.7193454838496925e-06,2.9667946678841073e-08
1,103,51.5,0.48130841121495327,107.0,0.7071072717033304,1.728424274287375e-05,-0.0003149439797724428,0.7071062203139505,-1.9084141239080014e-05,2.172588873539729e-05,4.4401537453912676e-07,1.8142418866130554e-06,2.767844593246396e-06,3.110354920511258e-08
1,104,52.0,0.48598130841121495,107.0,0.7071071949863448,1.006994617802526e-05,-0.00031447697696098184,0.7071062973782952,-1.4548522052596623e-05,2.3455791606375087e-05,5.223961774458796e-07,2.076705346734675e-06,2.8150022679684204e-06,3.1215442014779276e-08
1,105,52.5,0.49065420560747663,107.0,0.707107104502731,3.351629392397568e-06,-0.00031290237641012724,0.7071063886241657,-9.356740305923702e-06,2.5215168024046247e-05,6.009466531352134e-07,2.3531350604426447e-06,2.8607726203976527e-06,3.288239749075147e-08
1,106,53.0,0.4953271028037383,107.0,0.7071070002336762,-2.7599236684111387e-06,-0.00031009897350131713,0.7071064941307074,-3.4738799253434543e-06,2.7003150911976823e-05,6.835065445306802e-07,2.6429579479402785e-06,2.9051128835511688e-06,3.447741034287052e-08
1,107,53.5,0.5,107.0,0.7071068814802522,-8.147603760864031e-06,-0.0003059395445138847,0.7071066146543695,3.1335426297755142e-06,2.8818846464368522e-05,7.698407789437639e-07,2.9454440751022823e-06,2.9479833527782443e-06,3.582542407850192e-08
1,108,54.0,0.5046728971962616,107.0,0.7071067475823104,-1.2688224542108343e-05,-0.00030029110457250544,0.7071067509066115,1.0497186096444434e-05,3.066133606001629e-05,8.592688815142424e-07,3.2596972588371645e-06,2.9893474321947236e-06,3.6947860724517575e-08
1,109,54.5,0.5093457943925234,107.0,0.7071065979954354,-1.625284073895419e-05,-0.0002930152346115027,0.7071069034728137,1.864646876306968e-05,3.252967820528744e-05,9.511557466998666e-07,3.5846458884439935e-06,3.0291717051451902e-06,3.749001567284899e-08
1,110,55.0,0.514018691588785,107.0,0.7071064322807653,-1.8707140176431967e-05,-0.00028396848147107796,0.7071070728175308,2.760812989540599e-05,3.442291052113961e-05,1.043970940439305e-06,3.9190343606250224e-06,3.0674260138084217e-06,3.78236562915802e-08
1,111,55.5,0.5186915887850467,107.0,0.7071062502607047,-1.9911913621717254e-05,-0.00027300283517516953,0.7071072591230194,3.740576970179341e-05,3.634005177989209e-05,1.1371045528907806e-06,4.261414923475748e-06,3.1040836420379227e-06,3.851957233280194e-08
1,112,56.0,0.5233644859813084,107.0,0.7071060518532204,-1.97236064463292e-05,-0.00025996628716417046,0.7071074624483211,4.8059368994194705e-05,3.8280104056272584e-05,1.231364492311132e-06,4.610140365364716e-06,3.139121588377375e-06,4.05553350678032e-08
1,113,56.5,0.5280373831775701,107.0,0.7071058368177982,-1.7994955605774565e-05,-0.00024470347305543925,0.7071076829758138,5.958479061280951e-05,4.0242055049098525e-05,1.329993253511766e-06,4.96335696411198e-06,3.172520283727606e-06,4.1895744089934376e-08
1,114,57.0,0.5327102803738317,107.0,0.7071056043212331,-1.4575715208895273e-05,-0.00022705640312683771,0.7071079214370726,7.199326330565121e-05,4.22248802265003e-05,1.4311358921007716e-06,5.318999051832132e-06,3.2042645233997434e-06,4.255278594427893e-08
1,115,57.5,0.5373831775700935,107.0,0.7071053538344978,-9.313473232909201e-06,-0.00020686528369648366,0.7071081782068435,8.529085157962086e-05,4.4227545553677675e-05,1.5329579965812718e-06,5.674784145654835e-06,3.2343435918271297e-06,4.3281124100988346e-08
1,116,58.0,0.5420560747663551,107.0,0.7071050851244896,-2.0545627925606845e-06,-0.00018396943171062024,0.7071084533013969,9.947791364229712e-05,4.6249010298601196e-05,1.6355024992984704e-06,6.028209539225725e-06,3.262752091216757e-06,4.478678484011191e-08
1,117,58.5,0.5467289719626168,107.0,0.7071047979172047,7.35493018141108e-06,-0.00015820828465595762,0.7071087467048265,0.0001145485509510121,4.828823035562071e-05,1.7405683288201507e-06,6.376549796522599e-06,3.2894901784183214e-06,4.4892106522849467e-08
1,118,59.0,0.5514018691588785,107.0,0.707104491582094,1.9068061415900707e-05,-0.00012942250720611255,0.7071090586736867,0.00013049005151586607,5.034416171711706e-05,1.8445015749045023e-06,6.716856801450065e-06,3.3145647697781984e-06,4.497734710649519e-08
1,119,59.5,0.5560747663551402,107.0,0.7071041660905995,3.323582402808611e-05,-9.745519565432956e-05,0.7071093887671792,0.00014728233280942863,5.2415764698187495e-05,1.9470908242868178e-06,7.0459608462185205e-06,3.337990150416989e-06,4.522853261555595e-08
1,120,60.0,0.5607476635514018,107.0,0.7071038214021304,5.000584465248248e-05,-6.215318008983223e-05,0.7071097364498578,0.00016489738801247388,5.4502008542129604e-05,2.048582281674711e-06,7.360473948105678e-06,3.3597887362420725e-06,4.524940308957471e-08
1,121,60.5,0.5654205607476636,107.0,0.707103457377767,6.952098101517011e-05,-2.3368423663030182e-05,0.7071101011668669,0.00018329874036063687,5.6601876502183024e-05,2.148224931123626e-06,7.656795910714411e-06,3.3799921066039635e-06,4.5550872148197964e-08
1,122,61.0,0.5700934579439252,107.0,0.7071030739513771,9.191782217795355e-05,1.9040482600045864e-05,0.7071104821623828,0.00020244091252789956,5.871437156868142e-05,2.2465395324969697e-06,7.931122290163418e-06,3.3986416183651935e-06,4.595106710572627e-08
1,123,61.5,0.5747663551401869,107.0,0.7071026709000405,0.00011732509394244896,6.520673215675124e-05,0.7071108786997513,0.00022226891610968444,6.083852257999751e-05,2.3435879138231335e-06,8.179455573915072e-06,3.415789516242844e-06,4.6457351409722787e-08
1,124,62.0,0.5794392523364486,107.0,0.7071022479210557,0.00014586197295515498,0.00011525362615406632,0.7071112899765124,0.00024271776891526004,6.297339102745215e-05,2.439447523640216e-06,8.397618222729128e-06,3.43149953432036e-06,4.3875035849854886e-08
1,125,62.5,0.5841121495327103,107.0,0.7071018046259187,0.00017763631427510825,0.0001692928124914272,0.7071117151244156,0.0002637120449026629,6.511807823616833e-05,2.5262079718080418e-06,8.581272755883536e-06,3.4458495285954724e-06,4.382925666808217e-08
1,126,63.0,0.5887850467289719,107.0,0.70710134195026,0.00021274279777747982,0.0002274224469377526,0.7071121517960094,0.000285165473545247,6.727173419126764e-05,2.6100224811205384e-06,8.725938315139014e-06,3.458931674079775e-06,4.360487182519001e-08
1,127,63.5,0.5934579439252337,107.0,0.7071008596669681,0.0002512610029770553,0.0002897252840773209,0.7071125986510772,0.0003069805827043715,6.943356648725391e-05,2.690259296778226e-06,8.827016322642745e-06,3.4708546936784805e-06,4.321116601356691e-08
1,128,64.0,0.5981308411214953,107.0,0.7071003575865621,0.00029325341845400505,0.0003562667075097843,0.7071130541595636,0.0003290484037026,7.160285067044677e-05,2.7663150767628253e-06,8.879817653302534e-06,3.4817458676650883e-06,4.341305970584897e-08
1,129,64.5,0.602803738317757,107.0,0.707099835555083,0.00033876339751619776,0.00042709270948654326,0.7071135166112754,0.00035124824495010466,7.377894183733682e-05,2.8395065204571606e-06,8.879588930112283e-06,3.4917525702785085e-06,4.324088744819001e-08
1,130,65.0,0.6074766355140186,107.0,0.7070992931198501,0.0003878130720016115,0.0005022278324127934,0.7071139844626276,0.0003734475315192499,7.596128719331412e-05,2.9087366533257147e-06,8.821549455003434e-06,3.501045313275431e-06,4.309601956410578e-08
1,131,65.5,0.6121495327102804,107.0,0.7070987299638684,0.00044040123510466316,0.0005816730845331833,0.7071144559202607,0.0003955017365840177,7.814944051361667e-05,2.973925369445994e-06,8.700923033107643e-06,3.509819882184467e-06,4.344237045699908e-08
1,132,66.0,0.616822429906542,107.0,0.7070981457365919,0.0004965012098531623,0.0006654038457892586,0.7071149291343375,0.0004172543927828843,8.034307793943809e-05,3.0361689364341927e-06,8.512973066549096e-06,3.518299153384755e-06,4.283290648577958e-08
1,133,66.5,0.6214953271028038,107.0,0.7070975398595183,0.00055605871691801,0.000753367778402766,0.7071154024235325,0.00043853719135218726,8.254201490970912e-05,3.0929659493489453e-06,8.253039373605488e-06,3.5267363873944857e-06,4.114791265358215e-08
1,134,67.0,0.6261682242990654,107.0,0.707096912178939,0.0006189897561704445,0.0008454827585696913,0.7071158736597913,0.0004591701727358584,8.474622515118455e-05,3.1415391159022777e-06,7.916576420788774e-06,3.53541761995533e-06,3.9258151228296176e-08
1,135,67.5,0.6308411214953271,107.0,0.7070962630348002,0.0006851785189733258,0.000941634844912156,0.7071163402441357,0.0004789620131383976,8.695586116295807e-05,3.181315085710772e-06,7.499185602693675e-06,3.544664054062373e-06,3.8027497165791026e-08
1,136,68.0,0.6355140186915887,107.0,0.7070955928945616,0.0007544753480691327,0.0010416763008150658,0.7071167995247442,0.0004977103920963157,8.917127619599554e-05,3.2139109971498145e-06,6.996644314085359e-06,3.554833309233491e-06,3.631517749226659e-08
1,137,68.5,0.6401869158878505,107.0,0.7070949019927752,0.0008266947587808222,0.0011454236854962884,0.7071172492165304,0.0005152024327645392,9.139304701346197e-05,3.2381267346213467e-06,6.40493837257355e-06,3.5663226478197353e-06,3.5098293514650825e-08
1,138,69.0,0.6448598130841121,107.0,0.7070941908591457,0.0009016135328312373,0.0012526560278239883,0.7071176869392445,0.0005312152226095657,9.36219986674922e-05,3.255243588168705e-06,5.720279352261473e-06,3.5795702327417053e-06,3.470082313948577e-08
1,139,69.5,0.6495327102803738,107.0,0.707093459912872,0.0009789689012186628,0.0013631130955837126,0.7071181106957619,0.0005455163781340204,9.585923006204696e-05,3.267395499721695e-06,4.939119308456427e-06,3.595056329856533e-06,3.442946012419972e-08
1,140,70.0,0.6542056074766355,107.0,0.7070927093475406,0.0010584568221395406,0.0014764937693240567,0.7071185190656226,0.0005578646462203659,9.81061402672483e-05,3.275029980040346e-06,4.058162235902965e-06,3.6133064462120107e-06,3.496379481977547e-08
1,141,70.5,0.6588785046728972,107.0,0.7070919394670178,0.0011397303597517775,0.0015924545277783643,0.7071189109524204,0.0005680105337611211,0.0001003644567951238,3.2803445462408134e-06,3.074349641206424e-06,3.634889748191781e-06,3.600091526473371e-08
1,142,71.0,0.6635514018691588,107.0,0.7070911504153763,0.001222398170449769,0.0017106080487624417,0.7071192859407401,0.0005756969017092986,0.00010263626288669157,3.284834731389812e-06,1.984861959989986e-06,3.6604245395557187e-06,3.731937743223014e-08
1,143,71.5,0.6682242990654206,107.0,0.707090342341078,0.0013060230885134608,0.001830521920536872,0.7071196442209913,0.0005806595623241691,0.00010492402822282048,3.289502107149607e-06,7.870882409468598e-07,3.6905780841438664e-06,3.9373226286501116e-08
1,144,72.0,0.6728971962616822,107.0,0.7070895155242827,0.0013901208119480506,0.001951717464186096,0.7071199865514676,0.0005826278006483969,0.00010723063952428036,3.2965474624076623e-06,-5.214093030177435e-07,3.7260684942495165e-06,4.097721348663911e-08
1,145,72.5,0.677570093457944,107.0,0.7070886702037278,0.001474158675889921,0.002073668653062366,0.7071203145191618,0.000581324807627322,0.00010955943233202536,3.3052771686215618e-06,-1.942942039246009e-06,3.767666084883842e-06,4.4041147841850556e-08
1,146,73.0,0.6822429906542056,107.0,0.7070878071250236,0.0015575544950029393,0.002195801115834766,0.707120630075249,0.0005764679957157592,0.00011191422363389268,3.319845614339486e-06,-3.4797489848210554e-06,3.8161977691871806e-06,4.757914491554494e-08
1,147,73.5,0.6869158878504673,107.0,0.7070869267167028,0.0016396754598101437,0.0023174911983330606,0.7071209364362646,0.0005677691805607251,0.00011429934723843345,3.3420210243423868e-06,-5.134067919710296e-06,3.872548515976329e-06,5.1901591319460596e-08
1,148,74.0,0.6915887850467289,107.0,0.7070860295401695,0.0017198370552956072,0.002438065066324766,0.7071212377021359,0.000554934583747767,0.00011671969005971056,3.3744315325605455e-06,-6.908215652145683e-06,3.937665149520901e-06,5.709416319922389e-08
1,149,74.5,0.6962616822429907,107.0,0.7070851161593095,0.0017973019752637613,0.002556797813981973,0.7071215390421803,0.0005376646354113744,0.00011918073077695682,3.420009251630909e-06,-8.804685987939364e-06,4.012558394236257e-06,6.35796204148249e-08
1,150,75.0,0.7009345794392523,107.0,0.7070841871001932,0.0018712789947056226,0.0026729125444463317,0.707121846775354,0.0005156535318403777,0.000121688579772166,3.482839406426213e-06,-1.0826248971190941e-05,4.098310065040519e-06,7.01210825643503e-08
1,151,75.5,0.705607476635514,107.0,0.7070832426506685,0.0019409217574771313,0.002785579378791059,0.7071221685913742,0.0004885885451451006,0.00012425002356165733,3.5640183939211917e-06,-1.2976065312772706e-05,4.196079168623378e-06,7.738939026091935e-08
1,152,76.0,0.7102803738317757,107.0,0.7070822833801782,0.0020053274312949614,0.0028939143526759224,0.7071225130285482,0.0004561490461072306,0.0001268725730409326,3.666431162204489e-06,-1.5257819013491097e-05,4.307109435129856e-06,8.626193774151168e-08
1,153,76.5,0.7149532710280374,107.0,0.7070813098008815,0.0020635351845359174,0.002996978146526558,0.7071228897829266,0.00041800519632782134,0.00012956451643683588,3.7952768018043327e-06,-1.767587169254575e-05,4.432735685838875e-06,9.605247616456099e-08
1,154,77.0,0.719626168224299,107.0,0.7070803219193431,0.002114524423000496,0.0030937745933883177,0.707123310094966,0.0003738162546962244,0.0001323349762395123,3.954170030521272e-06,-2.023541586975395e-05,4.574399678140423e-06,1.0666413934052429e-07
1,155,77.5,0.7242990654205608,107.0,0.7070793194582867,0.0021572127143671314,0.0031832488992824897,0.7071237864292177,0.00032322849993427307,0.00013519397603747743,4.146626931099105e-06,-2.2942665410712687e-05,4.733662602514922e-06,1.1812878235908807e-07
1,156,78.0,0.7289719626168224,107.0,0.7070783017936442,0.0021904533345121495,0.0032642855072729936,0.7071243323960928,0.00026587267730587713,0.00013815251516329874,4.376401067886281e-06,-2.5805064363492303e-05,4.912224061332474e-06,1.3168117891758035e-07
1,157,78.5,0.7336448598130841,107.0,0.7070772678068424,0.002213032349430387,0.00333570552301611,0.7071249627094478,0.0002013609233132557,0.00014122265520102677,4.650507546557838e-06,-2.8831552666251582e-05,5.111941907153904e-06,1.4470786939923395e-07
1,158,79.0,0.7383177570093458,107.0,0.7070762151733686,0.002223665140649866,0.003396263610083438,0.7071256936516604,0.00012928302678302274,0.00014441761889256424,4.969622133692068e-06,-3.203282991122638e-05,5.334863539010777e-06,1.5883204735401532e-07
1,159,79.5,0.7429906542056075,107.0,0.7070751413151237,0.002220992244154737,0.003444644246886203,0.7071265418105404,4.920202855628295e-05,0.00014775190860421016,5.338696131742905e-06,-3.542172487707769e-05,5.58325656120347e-06,1.7385691628459469e-07
1,160,80.0,0.7476635514018691,107.0,0.7070740424376333,0.002203574399165039,0.003479457220583818,0.7071275246568801,-3.9351100432791556e-05,0.00015124144395495273,5.762433882017704e-06,-3.901361538086339e-05,5.859651632258507e-06,1.884437744113567e-07
1,161,80.5,0.7523364485981309,107.0,0.7070729133220521,0.0021698866280031454,0.0034992322067584087,0.707128660281334,-0.00013688383160694143,0.00015490372622536068,6.2424705939252364e-06,-4.282694237215496e-05,6.166895377211574e-06,2.0379233069291073e-07
1,162,81.0,0.7570093457943925,107.0,0.7070717475640428,0.0021183111578772845,0.003502412252911434,0.7071299665845648,-0.00024394973706464663,0.00015875803583665106,6.783757144024698e-06,-4.6883865991636655e-05,6.50821674129484e-06,2.1945485351788724e-07
1,163,81.5,0.7616822429906542,107.0,0.7070705366229649,0.002047128959540957,0.0034873459392549375,0.7071314615400963,-0.00036115778658007915,0.00016282567130081202,7.3904877494715e-06,-5.1211086325128694e-05,6.887310356863324e-06,2.351580146840845e-07
1,164,82.0,0.7663551401869159,107.0,0.7070692695190078,0.0019545095968353725,0.003452277940206918,0.707133162671506,-0.0004891836973515169,0.0001671302402750542,8.066591424753166e-06,-5.5840899692289474e-05,7.308445983080875e-06,2.524162217129316e-07
1,165,82.5,0.7710280373831776,107.0,0.70706793235775,0.0018384990191402466,0.0033953376304041625,0.70713508653839,-0.0006287839243255352,0.00017169801901606592,8.820268062354139e-06,-6.0812548644867805e-05,7.776607304913789e-06,2.679018771234465e-07
1,166,83.0,0.7757009345794392,107.0,0.7070665069498042,0.0016970048215025628,0.003314525278736277,0.7071372489305762,-0.0007808130243042429,0.00017655839858363924,9.651964186459168e-06,-6.617405345567552e-05,8.297681965160106e-06,2.819458126660476e-07
1,167,83.5,0.780373831775701,107.0,0.7070649714309942,0.0015277783468703025,0.0032076952571688322,0.7071396628235042,-0.0009462456017408195,0.00018174444981431428,1.0563617363872869e-05,-7.198459841445106e-05,8.878709410760188e-06,2.942827852129129e-07
1,168,84.0,0.7850467289719626,107.0,0.7070632990945144,0.0013283928182699723,0.003072535465179517,0.7071423378289652,-0.0011262042179591351,0.00018729364319896758,1.1557286656322346e-05,-7.83178182899724e-05,9.528220851806131e-06,3.02239787840878e-07
1,169,84.5,0.7897196261682243,107.0,0.7070614572737975,0.0010962164107591091,0.0029065419484004948,0.7071452792316019,-0.001321995516775037,0.00019324878123478105,1.2629282462375239e-05,-8.526629724593741e-05,1.0256707797571734e-05,3.049021443282644e-07
1,170,85.0,0.794392523364486,107.0,0.7070594070216434,0.0008283787708757115,0.0027069872977016508,0.707148485771336,-0.0015351575990001992,0.0001996592236122298,1.377474885681477e-05,-9.294796927101591e-05,1.1077290159955878e-05,3.026669212705139e-07
1,171,85.5,0.7990654205607477,107.0,0.707057101669812,0.0005217289529364492,0.002470880888163133,0.707151947959443,-0.001767523396794758,0.00020658252996672163,1.4991178721493247e-05,-0.00010151526618595813,1.2006667081870369e-05,2.9351726374008024e-07
1,172,86.0,0.8037383177570093,107.0,0.7070544843639603,0.000172781870129337,0.0021949182051411954,0.7071556466572456,-0.002021306916886752,0.000214086696897979,1.6272681063461496e-05,-0.00011116862456182282,1.306653194077612e-05,2.773340134469795e-07
1,173,86.5,0.8084112149532711,107.0,0.7070514860765642,-0.00022235089104201284,0.0018754153221682255,0.7071595501668521,-0.0022992232526450676,0.00022225327936663063,1.7615118478944778e-05,-0.000122176899702635,1.4285708992019964e-05,2.534471406529828e-07
1,174,87.0,0.8130841121495327,107.0,0.7070480219852437,-0.0006680520081613214,0.0015082227164065355,0.7071636115887253,-0.0026046596293754745,0.00023118184749288873,1.9015251192402446e-05,-0.00013490918745273913,1.570349361042163e-05,2.2015425589216538e-07
1,175,87.5,0.8177570093457944,107.0,0.7070439869930314,-0.0011693203685560385,0.0010886096389509268,0.707167765140291,-0.0029419260040365863,0.0002409965310062174,2.0468861869921217e-05,-0.0001498861393619192,1.7375034304005263e-05,1.7755724967761385e-07
1,176,88.0,0.822429906542056,107.0,0.7070392501380917,-0.0017319384473919587,0.0006111053469630575,0.7071719208799894,-0.003316633953054967,0.0002518559274535836,2.1976245936257756e-05,-0.0001678659075251496,1.9380338191574694e-05,1.262260707493004e-07
1,177,88.5,0.8271028037383178,107.0,0.7070336459053573,-0.0023627083759475203,6.92751189225848e-05,0.7071759585458112,-0.003736290419596796,0.00026396863883119194,2.354478199349735e-05,-0.0001899943038520181,2.1839941434563497e-05,7.476242145758732e-08
1,178,89.0,0.8317757009345794,107.0,0.7070269618253278,-0.0030697956590147383,-0.0005446059270495836,0.7071797190164683,-0.004211266856601436,0.0002776186022361266,2.5211083291602368e-05,-0.00021807898463786877,2.494335099270214e-05,3.53343959660395e-08
1,179,89.5,0.8364485981308412,107.0,0.7070189169417015,-0.0038632486016585833,-0.0012400458157499695,0.7071829951718291,-0.004756453819598239,0.0002932081966152858,2.7053108309022026e-05,-0.00025511010262842606,2.9002392443599862e-05,2.8106735393471576e-08
1,180,90.0,0.8411214953271028,107.0,0.7070091293516734,-0.004755817707410812,-0.0020291135002622187,0.7071855173054217,-0.005394217177880349,0.0003113346919015565,2.9215322017535847e-05,-0.0003062584770044983,3.4550960477479464e-05,8.916707784530245e-08
1,181,90.5,0.8457943925233645,107.0,0.706997063603718,-0.005764310928284419,-0.0029277255892344776,0.7071869294427873,-0.006159849726777369,0.00033292904220920275,3.195735012676825e-05,-0.0003805297906194599,4.249961051411184e-05,2.6701173551878635e-07
1,182,91.0,0.8504672897196262,107.0,0.7069819397257499,-0.006911936695326429,-0.003957871986023343,0.7071867485031411,-0.007111158244031744,0.00035949129878984516,3.570106877002213e-05,-0.0004905873820199929,5.405625677468451e-05,5.70445779190809e-07
1,183,91.5,0.8551401869158879,107.0,0.7069625755370499,-0.00823238235766185,-0.005151494149568389,0.7071842806191819,-0.008337607447747,0.00039327645928336684,4.0961782487483814e-05,-0.0006354825795680849,6.888070021529343e-05,8.214480701399845e-07
1,184,92.0,0.8598130841121495,107.0,0.7069371413348214,-0.009775539911232983,-0.006555945907697096,0.7071784333319718,-0.009926289732710624,0.00043632689692726137,4.793387976664709e-05,-0.0007825463651114269,8.346582076535152e-05,5.104659877795241e-07
1,185,92.5,0.8644859813084113,107.0,0.7069029423535226,-0.011607042399448566,-0.008233607394933354,0.70716738778271,-0.011882624273228188,0.0004884930349149803,5.570670553157421e-05,-0.0009119229786446329,9.579581652674707e-05,-8.016105339867445e-07
1,186,93.0,0.8691588785046729,107.0,0.7068564944347466,-0.013793429646369058,-0.010247828188568918,0.7071482302647393,-0.014162390901333753,0.0005483654202537293,6.240954798740524e-05,-0.0010308118919505097,0.00010659719025697282,-3.2592526990130044e-06
1,187,93.5,0.8738317757009346,107.0,0.706793592018853,-0.016393135917912475,-0.012654367113215147,0.7071166455002663,-0.01673936929635343,0.0006149886641742021,6.591066439724918e-05,-0.0011492225196755629,0.00011690337325595701,-6.945354307742745e-06
1,188,94.0,0.8785046728971962,107.0,0.7067090860547427,-0.019459728648852537,-0.01550448185774475,0.707066614729605,-0.019612364794075555,0.0006880532724695801,6.398906217161343e-05,-0.001272138611904913,0.00012728604193995514,-1.2076746578711661e-05
1,189,94.5,0.883177570093458,107.0,0.7065965242140106,-0.023046412067013054,-0.01884921925968281,0.7069900436120764,-0.0227926452820128,0.0007676070486932118,5.4038723390596604e-05,-0.0014011533204239725,0.0001379793689245259,-1.906211644633574e-05
1,190,95.0,0.8878504672897196,107.0,0.7064477844722097,-0.027208243213342042,-0.022741526667106056,0.7068762708237224,-0.026295466362315695,0.0008538441542831434,3.2627125039534985e-05,-0.001536342233546172,0.00014901049111821281,-2.842770527566934e-05
1,191,95.5,0.8925233644859814,107.0,0.7062527301135854,-0.0320027896408416,-0.027236891628629644,0.7067114364218192,-0.030136280158461627,0.0009469757112451884,-4.763792793807433e-06,-0.0016770312188149846,0.0001602086453604897,-4.090173306003582e-05
1,192,96.0,0.897196261682243,107.0,0.705998846964089,-0.03749006324339875,-0.03239331954610997,0.7064777392559538,-0.034328864972293746,0.0010471061146096986,-6.421063743859793e-05,-0.0018220220476252468,0.00017113918752156116,-5.737329449728438e-05
1,193,96.5,0.9018691588785047,107.0,0.705670899407401,-0.04373205866058343,-0.03827098586479457,0.7061525475328607,-0.038884020944384146,0.0011540681068256966,-0.00015372492705252664,-0.001969622108324399,0.00018097895565074264,-7.893831139237377e-05
1,194,97.0,0.9065420560747663,107.0,0.7052505942264768,-0.050791975949347416,-0.044931666184844635,0.7057073896926702,-0.04380834232874921,0.0012671799541227318,-0.00028375849287892046,-0.002117595835894061,0.00018833089119548764,-0.00010690272699855035
1,195,97.5,0.9112149532710281,107.0,0.7047162892441722,-0.05873311014219693,-0.05243796989650141,0.705106823630246,-0.049102871278096226,0.0013848867611346181,-0.00046774573054303876,-0.0022631400068771324,0.00019098425979509345,-0.00014274533594342087
1,196,98.0,0.9158878504672897,107.0,0.7040427772116616,-0.0676173471704905,-0.060852376172955726,0.7043072131540749,-0.05476169295759481,0.001504251923519235,-0.000722606195852976,-0.002402814493589668,0.0001856366158882947,-0.00018802169930546057
1,197,98.5,0.9205607476635514,107.0,0.7032011710814443,-0.07750320979488325,-0.07023608926297059,0.7032554707888241,-0.06077035966421026,0.0016202748084580912,-0.0010690973711684306,-0.002532487064047701,0.00016766816533496975,-0.00024421234532433103
1,198,99.0,0.9252336448598131,107.0,0.702158910334257,-0.08844337625449393,-0.08064771593452756,0.7018878683356614,-0.06710417567163832,0.0017250674117945028,-0.0015319312101840195,-0.0026465359087225683,0.0001311152918135624,-0.0003122491720025911
1,199,99.5,0.9299065420560748,107.0,0.7008799067163152,-0.10048161334579993,-0.09214177002251844,0.700129056620499,-0.07372447947035797,0.001807014469170258,-0.0021389153002231505,-0.0027313652380317193,6.910687137204688e-05,-0.0003910861299835054
1,200,100.0,0.9345794392523364,107.0,0.6993247890817686,-0.11364879108053168,-0.10476664853741613,0.6978916398564114,-0.08055869014178271,0.0018502062637568164,-0.002916798823482144,-0.0027131158160158086,-2.4865905306690626e-05,-0.00046818638899924584
1,201,100.5,0.9392523364485982,107.0,0.697451338029858,-0.12795531793848441,-0.11855913558289115,0.6950775489297342,-0.08734957470100402,0.0018346650729026812,-0.0038636895063327422,-0.002071533893461416,-0.00014180827083327464,-0.0004384267743076279
1,202,101.0,0.9439252336448598,107.0,0.6952163726910044,-0.14335831636046817,-0.13351198615492915,0.6915902961938691,-0.09253904229894412,0.001746034903576029,-0.004719370621349868,-0.0005385161085813119,-0.00010978438002861405,-0.00013554706249613896
1,203,101.5,0.9485981308411215,107.0,0.6925876901157288,-0.15954641529455518,-0.14934018194098075,0.6874334461515732,-0.09389769284914073,0.0016774196659851601,-0.0048158736808970775,-0.0005037119284084422,-0.00014715949525813128,-2.1339072927023507e-05
1,204,102.0,0.9532710280373832,107.0,0.6895415889407464,-0.1758673955111632,-0.1653361907507434,0.6828374625837277,-0.0951690900319951,0.0015854449813651284,-0.004632962608351821,-0.00011686077107360456,-4.633788704907964e-05,5.249690517781437e-05
1,205,102.5,0.9579439252336449,107.0,0.6860183690949766,-0.19230084251661567,-0.18146438698148146,0.6778420608454354,-0.09547225992065318,0.001556483801873971,-0.0042753923111464335,-7.08473022667473e-05,-3.969366213581267e-05,6.934548966036085e-05
1,206,103.0,0.9626168224299065,107.0,0.6820281614620136,-0.2086881162202036,-0.19752842421913083,0.6725097610507088,-0.0956593600446368,0.0015316752629593216,-0.0038791270478490962,-4.2510564635316636e-05,-3.692159097688877e-05,7.453021094890966e-05
1,207,103.5,0.9672897196261683,107.0,0.6775702566834232,-0.2250033168392346,-0.21349448794588521,0.6668524261391223,-0.09577454880063425,0.0015085992685302358,-0.003473022907295497,-1.9639558936823264e-05,-3.528129705684976e-05,7.38661915214968e-05
1,208,104.0,0.9719626168224299,107.0,0.6726483101394849,-0.24122679517119783,-0.22933836253796633,0.6608765388390851,-0.09583150679769978,0.0014865484578164723,-0.0030716293070899656,2.029108609623906e-06,-3.4119848762824756e-05,6.947286452940305e-05
1,209,104.5,0.9766355140186916,107.0,0.6672689688729141,-0.2573406517614163,-0.2450394114875539,0.6545865862587197,-0.09583328321488675,0.0014652235523053092,-0.002684259877801119,2.5552398934547714e-05,-3.313171159949106e-05,6.186237925953086e-05
1,210,105.0,0.9813084112149533,107.0,0.6614413958315656,-0.27332717063177425,-0.2605785850296043,0.647986372280129,-0.09577530177873705,0.0014445162325440236,-0.0023189781541564105,5.541469629486338e-05,-3.224964851156012e-05,5.041602650660681e-05
1,211,105.5,0.985981308411215,107.0,0.6551774980979094,-0.2891676130802042,-0.2759372229261731,0.6410797037013264,-0.09564178974037572,0.001424360202240559,-0.0019854146207428135,0.00010532977589604135,-3.224672225220208e-05,3.2508814667186576e-05
1,212,106.0,0.9906542056074766,107.0,0.6484930524466971,-0.30484030758358827,-0.2910955740802083,0.6338710551164045,-0.09538270721898708,0.001404206000883459,-0.0016998000456081332,0.0006339850097934894,-7.712505941202359e-05,-3.4836760596289317e-05
1,213,106.5,0.9953271028037384,107.0,0.6414116744315453,-0.3203146972543724,-0.30602832081820064,0.6263674843462058,-0.09380132499863492,0.0013560028388431452,-0.0015859864923141792,0.002158747476435248,6.795158580977565e-05,-0.00022751985422268833
1,214,107.0,1.0,107.0,0.6340765004712677,-0.33535751278454873,-0.32054088887782894,0.6186565029887011,-0.08840768221082088,0.0013984725801161452,-0.0019639938333948378,0.002158747476435248,6.795158580977565e-05,-0.00022751985422268833
2,0,107.0,0.0,40.0,0.6340765004773715,-0.33535751278469855,-0.3205408888732452,0.6186565029851161,-0.08840768221079673,0.0013984725802143592,-0.0019639938334224997,0.004556661827792181,0.00010263091323502585,-0.0002645207697388486
2,1,107.5,0.0125,40.0,0.6269258712560559,-0.34934761527791197,-0.3340779053945222,0.6109927567011407,-0.07702014752859793,0.0014626169010876753,-0.0024398421785959664,0.005736735947947322,0.00016015322250109338,-0.00019915374212943138
2,2,108.0,0.025,40.0,0.6205780207808423,-0.3613731378715548,-0.3457637033400325,0.6039369476742406,-0.0626836604903385,0.0015627126652504686,-0.0027687500796716755,0.005530990200169944,0.00010253334313334341,-5.6427736826768924e-05
2,3,108.5,0.0375,40.0,0.6153919081625215,-0.37104989029606705,-0.3551926867462395,0.5978736768971323,-0.0488626751311383,0.001626796004801736,-0.002762884596510854,0.00503142703123346,1.0332266705960011e-05,6.432943418927244e-05
2,4,109.0,0.05,40.0,0.6113706931020866,-0.3785371384767922,-0.36247532855862674,0.592914113983906,-0.036290849527489955,0.001633253671575753,-0.00248282660400759,0.004418020039614689,-8.300199566526633e-05,0.00015410920237977435
2,5,109.5,0.0625,40.0,0.6084270733232507,-0.3840852721948532,-0.3678249049916653,0.5890669226528017,-0.02525188205695392,0.0015813774243559162,-0.002008645353205679,0.0037475662026448977,-0.0001574936593753414,0.00021357194289156741
2,6,110.0,0.075,40.0,0.6064313435510974,-0.38796667310519545,-0.37148857236132,0.5862756405386355,-0.015887731189964647,0.001482943887305313,-0.001414816361666046,0.003030814208890712,-0.00019914329048226613,0.00024094972292920157
2,7,110.5,0.0875,40.0,0.6052305982581254,-0.3904582161683858,-0.37372663418464674,0.5844370857716902,-0.008313842807650912,0.0013584793308019333,-0.0007771011335661359,0.0020577520487041934,-0.00017753039357074085,0.00021029812369755045
2,8,111.0,0.1,40.0,0.6046581596641137,-0.39184117045567074,-0.374810835097492,0.5834088145945591,-0.0031710461996324805,0.0012475228348589292,-0.00023441454890144403,0.0005148559761974341,-4.922829938346755e-05,6.574165579233024e-05
2,9,111.5,0.1125,40.0,0.6044983887701737,-0.3924803659369066,-0.37510758458369114,0.5829538234556936,-0.0018843449153930294,0.0012167551477751562,-6.412648060350091e-05,0.0002849864687705237,-3.452855236018254e-05,4.565139778984436e-05
2,10,112.0,0.125,40.0,0.6044368507757504,-0.39293638945779763,-0.3752045575315853,0.5826479445060628,-0.0011719957828051925,0.0011951748025737536,5.344119343570832e-05,0.0002068447540844465,-3.239949741909627e-05,4.0817648889871915e-05
2,11,112.5,0.1375,40.0,0.6044259922587856,-0.39329255874915925,-0.3751893882025432,0.5824286274386453,-0.0006547880902428622,0.001174925116703416,0.00015758642540361571,0.00016280752743237238,-3.300870761917023e-05,3.904921497554511e-05
2,12,113.0,0.15,40.0,0.6044488359458899,-0.39357733763555963,-0.3750916753169402,0.5822754666792166,-0.0002474915432886277,0.0011542946744507677,0.0002563634533033181,0.00013336477144324538,-3.4866209021403546e-05,3.8532491103346354e-05
2,13,113.5,0.1625,40.0,0.6044953796590283,-0.3938067879964756,-0.3749280325434046,0.582177395711103,8.636426377216023e-05,0.0011325032938143075,0.00035312319831816425,0.00011173257722301219,-3.748811827897835e-05,3.868369613316358e-05
2,14,114.0,0.175,40.0,0.6045586123653796,-0.3939916472877772,-0.37470953230681353,0.5821273335324332,0.0003662955766068569,0.0011090732198844157,0.0004496857269322393,9.484416290381033e-05,-4.0681760056678984e-05,3.926290418349928e-05
2,15,114.5,0.1875,40.0,0.604633113609649,-0.3941397970563443,-0.37444428825212134,0.5821203425951589,0.00060415408546137,0.0010836471198361502,0.000547233614470112,8.108344033855492e-05,-4.436894889239565e-05,4.0156181445326435e-05
2,16,115.0,0.2,40.0,0.6047144115719616,-0.3942573819006135,-0.3741386202741911,0.5821528064329945,0.000807752198502389,0.0010559165267585637,0.0006466420333324709,6.95105903975092e-05,-4.8529216462800025e-05,4.130728204903224e-05
2,17,115.5,0.2125,40.0,0.6047986395052329,-0.3943493997560769,-0.37379766809027015,0.5822220022114566,0.0009825528745103515,0.001025585766442948,0.00074863086011219,5.954020750147081e-05,-5.3176583463239034e-05,4.2687950556700795e-05
2,18,116.0,0.225,40.0,0.6048823311212568,-0.3944200450964893,-0.3734257482612619,0.5823258572507866,0.0011325550709950824,0.0009923504017461332,0.0008538391981406528,5.078767180764325e-05,-5.834904939874468e-05,4.428550997675744e-05
2,19,116.5,0.2375,40.0,0.604962289219664,-0.39447292173468085,-0.37302657764963415,0.5824628013623665,0.0012607952120205553,0.0009558822458343995,0.0009628671358640062,4.299192931343444e-05,-6.410482752969288e-05,4.609578765570941e-05
2,20,117.0,0.25,40.0,0.6050354955547759,-0.3945111812777375,-0.37260342166667787,0.5826316736080585,0.0013696556167040012,0.000915816728586352,0.0010762988473660656,3.597308785925602e-05,-7.052172703139776e-05,4.81195240133335e-05
2,21,117.5,0.2625,40.0,0.6050990460967326,-0.3945376150783338,-0.37215919701124295,0.5828316624413954,0.00146106687508571,0.0008717406491460498,0.001194716127111091,2.9603186216801278e-05,-7.769685525596957e-05,5.0358693515185425e-05
2,22,118.0,0.275,40.0,0.60515010280519,-0.39455471490911637,-0.37169654528715124,0.5830622678602077,0.0015366370645455629,0.0008231801145624801,0.0013187023538207786,2.3795671382478985e-05,-8.575060705067519e-05,5.281673638946726e-05
2,23,118.5,0.2875,40.0,0.6051858562024055,-0.3945647125723977,-0.3712178891010304,0.583323277282107,0.0015977545373334185,0.0007695859851050587,0.0014488468011830753,1.849327431151879e-05,-9.482981181829737e-05,5.5494882474161584e-05
2,24,119.0,0.3,40.0,0.6052034959149591,-0.3945696021151169,-0.37072547484600277,0.5836147529676347,0.0016456602414010317,0.0007103173526664136,0.0015857395931199517,1.3663085319883152e-05,-0.00010511346730884035,5.8390247372949776e-05
2,25,119.5,0.3125,40.0,0.6052001874000742,-0.39457114809945987,-0.37022140783048757,0.5839370269167137,0.0016815075222251954,0.0006446214355453591,0.0017299618000140046,9.290579069525657e-06,-0.0001168200242996069,6.149357251754555e-05
2,26,120.0,0.325,40.0,0.6051730540297925,-0.3945708808467512,-0.36970768258883163,0.5842907016721112,0.0017064067255872749,0.0005716089203048234,0.0018820698276192868,5.37683233575588e-06,-0.00013021689970470194,6.47868829659977e-05
2,27,120.5,0.3375,40.0,0.6051191634740527,-0.3945700797570885,-0.36918621182517225,0.5846766551833879,0.0017214625182797093,0.0004902233579363471,0.0020425739390758924,1.9383215923192888e-06,-0.00014563424271559996,6.823684554792501e-05
2,28,121.0,0.35,40.0,0.6050355180023969,-0.39456974439111836,-0.36865885650790853,0.5850960487355684,0.001727810298443337,0.0003992019561867299,0.002211900201241848,-9.95407705897524e-07,-0.00016348121322701725,7.178869057134261e-05
2,29,121.5,0.3625,40.0,0.6049190502810815,-0.3945705506599187,-0.3681274601523672,0.5855503361807695,0.0017266462715094589,0.00029702619786851084,0.0023903373097940816,-3.385645073066845e-06,-0.00018426932318862992,7.535758983222251e-05
2,30,122.0,0.375,40.0,0.6047666253695106,-0.3945727901997475,-0.36759389120706015,0.5860412725916004,0.0017192471480310125,0.0001818578708256312,0.002577961995609368,-5.185296364192375e-06,-0.00020863790176271565,7.881656267276839e-05
2,31,122.5,0.3875,40.0,0.6045750497628969,-0.39457629039722847,-0.36706009933238165,0.5865709195815251,0.0017069871411400748,5.145918217557203e-05,0.0027745344143528996,-6.341050878268909e-06,-0.00023739116048634298,8.197959039360722e-05
2,32,123.0,0.4,40.0,0.6043410902621075,-0.39458031038734903,-0.36652819127668407,0.5871416440984476,0.0016913486768524394,-9.691029317487669e-05,0.0029793516300936516,-6.796029426572047e-06,-0.000271548075516253,8.458304129412483e-05
2,33,123.5,0.4125,40.0,0.6040615062303047,-0.3945834067390272,-0.36600053483382383,0.5877561061169904,0.0016739255085263646,-0.0002666278404168989,0.003191055096973165,-6.502921090277637e-06,-0.0003124131744778213,8.627452743385016e-05
2,34,124.0,0.425,40.0,0.6037330986105418,-0.3945832611880579,-0.36547990115181667,0.588417230751722,0.001656391969607254,-0.0004618860745075405,0.0034074108882726772,-5.4070645894638755e-06,-0.0003617579029497163,8.659319068058997e-05
2,35,124.5,0.4375,40.0,0.6033527726239957,-0.3945764665119674,-0.36496965961356215,0.5891281620855461,0.0016405135546748288,-0.0006879847638905141,0.0036250414615508733,-3.4595590356342647e-06,-0.00042222041205885037,8.499172936172511e-05
2,36,125.0,0.45,40.0,0.6029176153735932,-0.3945582430923892,-0.36447404091427676,0.5898922065413874,0.0016281236971451148,-0.0009518725214638554,0.003839213757450562,-6.110434177266541e-07,-0.0004984644597345971,8.089165249154992e-05
2,37,125.5,0.4625,40.0,0.6024249543705094,-0.39452205927975664,-0.36399850506511644,0.5907127960032826,0.0016211144254816138,-0.0012634128088314692,0.004043767537992062,3.2608754880560588e-06,-0.0006005168159830284,7.374219872459257e-05
2,38,126.0,0.475,40.0,0.6018723120717151,-0.3944590584683643,-0.36355030682919803,0.591593564464771,0.0016216031926470557,-0.001638735818851078,0.004231195239897305,8.58567478510853e-06,-0.00075129257639477,6.264335037616199e-05
2,39,126.5,0.4875,40.0,0.601257061842286,-0.3943569694582362,-0.36313952975672353,0.5925387819462462,0.001632666662816045,-0.002108293679124581,0.004391789684690325,1.6410722943741645e-05,-0.0009845340130508252,4.3690531626986516e-05
2,40,127.0,0.5,40.0,0.6005755517701298,-0.39419762775153194,-0.36278129910762236,0.59355451802373,0.0016598046965274737,-0.002723627437304562,0.004506179224964603,2.7314806494507343e-05,-0.0013037857458576448,7.634112466920607e-06
2,41,127.5,0.5125,40.0,0.5998228667166171,-0.39395257688194896,-0.3624995122447401,0.5946494760037571,0.0017096819827024502,-0.0035384935284852328,0.004532045540548597,3.8793743896814536e-05,-0.0016624127148019258,-5.2768051973922575e-05
2,42,128.0,0.525,40.0,0.598996155770415,-0.3935804326812227,-0.3623292038935166,0.595831852409444,0.0017826114217209218,-0.004577501475252648,0.004409199958559627,4.5110637580956205e-05,-0.0020063677585558937,-0.00013501263296524115
2,43,128.5,0.5375,40.0,0.5980993147457138,-0.39303049284813946,-0.36231480911818087,0.5971031907825813,0.0018651133367012641,-0.005831481324363193,0.004083908235763977,3.9740541866925606e-05,-0.002301364013079217,-0.00022907684558127632
2,44,129.0,0.55,40.0,0.5971437278754048,-0.3922503633701534,-0.36250645560924677,0.5984547520851325,0.0019287418394580227,-0.007269833832548237,0.003527530682195227,1.7455741197402443e-05,-0.0025308243233076837,-0.0003224610188036706
2,45,129.5,0.5625,40.0,0.5961449708629653,-0.39119360565009753,-0.3629564724178755,0.5998677651779927,0.001933914349603582,-0.008851599034624163,0.0027424105842023413,-2.488945045154971e-05,-0.0026861634864231154,-0.00040275909567154055
2,46,130.0,0.575,40.0,0.595117978912135,-0.38982568479353535,-0.36371643777361556,0.6013159564656904,0.0018352786451552344,-0.010530451213646074,0.001761190196606631,-8.762420498169431e-05,-0.0027587782739149263,-0.0004581114922568585
2,47,130.5,0.5875,40.0,0.5940723747812089,-0.3881283167121369,-0.36483428280964875,0.6027689186834144,0.0015883989415358165,-0.012254687634849944,0.0006449009343170322,-0.00016705098692364277,-0.0027366230574635666,-0.0004775130107476334
2,48,131.0,0.6,40.0,0.5930087454563998,-0.386102691093386,-0.366350642094804,0.604195785102131,0.0011589168849680102,-0.013965077045771908,-0.000519683593251726,-0.000253591263233344,-0.002605348496484819,-0.00045256605160356685
2,49,131.5,0.6125,40.0,0.5919164378704832,-0.38377150456252335,-0.36829384977136054,0.6055691562825076,0.0005358248590126401,-0.015593419856082763,-0.001626822176879885,-0.00033004482508497895,-0.002352432172283344,-0.00038101734189885194
2,50,132.0,0.625,40.0,0.5907738455538585,-0.381178758333819,-0.37067347402739625,0.6068691730615714,-0.00025123562184798455,-0.017063689963768402,-0.002566832518634462,-0.0003706310008382652,-0.0019695448652412603,-0.00027103670200307763
2,51,132.5,0.6375,40.0,0.5895525782029495,-0.37838560421306083,-0.373472933248142,0.6080872142585957,-0.001112113672514646,-0.018294655504553205,-0.003250854783781699,-0.00034062916043041137,-0.0014457452632481145,-0.00014428125647848673
2,52,133.0,0.65,40.0,0.5882270584312459,-0.3754607168375806,-0.37664187782499764,0.6092282607238179,-0.0018744766710452302,-0.019198246294092173,-0.003642076529759228,-0.00020812536547257308,-0.0007787936405180911,-3.8835259147166e-05
2,53,133.5,0.6625,40.0,0.586791030634424,-0.37246489375834074,-0.380087920577623,0.610310873137885,-0.002289907861367669,-0.019684992319423958,-0.0037931446748320076,-7.499837861361055e-05,-0.00031118333271812224,-1.5552596192236543e-06
2,54,134.0,0.675,40.0,0.585278586226466,-0.3694321688165671,-0.3836734060296226,0.6113620585286847,-0.0023654017722168712,-0.019879481902379172,-0.00386464805187451,-4.3683900931060584e-05,-0.00023019381029052138,5.230982546381723e-06
2,55,134.5,0.6875,40.0,0.583736393092322,-0.36636440648654506,-0.3872956252054622,0.6123977822383091,-0.002359370723035666,-0.020023353033815774,-0.003922105038091998,-3.089788315984354e-05,-0.00020308384042006525,1.2909710898844765e-05
2,56,135.0,0.7,40.0,0.5821743395115694,-0.36325858487642065,-0.39093304139441826,0.6134228525479924,-0.0023188148902156046,-0.020150280434082807,-0.0039606945302316995,-2.3075891564816923e-05,-0.00018814184898398548,2.2115416670130034e-05
2,57,135.5,0.7125,40.0,0.5805940365307812,-0.3601139869259251,-0.39457584410758545,0.6144415223322315,-0.002256790960881253,-0.020267869089702552,-0.003975493144024343,-1.660778879997015e-05,-0.00017756267784028957,3.2403735004093844e-05
2,58,136.0,0.725,40.0,0.5789944100427993,-0.3569311996066806,-0.39821693001932246,0.6154582589309098,-0.0021774482709665207,-0.020378845763358144,-0.003963094322149907,-1.0046227294746389e-05,-0.0001692205633030957,4.352944604620271e-05
2,59,136.5,0.7375,40.0,0.5773732128274631,-0.3537114114134623,-0.40184997056986527,0.616477908486381,-0.00208141890729875,-0.0204846086154286,-0.0039208315307405405,-2.7021219897506787e-06,-0.0001626257916727472,5.553552956662274e-05
2,60,137.0,0.75,40.0,0.5757275799026118,-0.3504560354346677,-0.4054687510274263,0.6175057998598178,-0.0019676991632421293,-0.020586249735230294,-0.0038459482843434035,5.863844866205044e-06,-0.00015787513588824743,6.875181276234676e-05
2,61,137.5,0.7625,40.0,0.5740541827252345,-0.3471665344591612,-0.4090668714026457,0.6185478860373648,-0.0018342790733014475,-0.02068492169516628,-0.003734830072002972,1.608419377508256e-05,-0.00015539589066711137,8.386145139854494e-05
2,62,138.0,0.775,40.0,0.5723491681308949,-0.3438443615518391,-0.4126375297724296,0.6196109696778748,-0.001678186587487602,-0.020782044126838005,-0.0035820893220017943,2.857765072497001e-05,-0.0001560015734563796,0.00010211995778851721
2,63,138.5,0.7875,40.0,0.5706079254182971,-0.34049097370497855,-0.4161732646975276,0.6207030739242713,-0.0014950777531408626,-0.020879545110251387,-0.0033791036490993034,4.444847539923038e-05,-0.00016125409836858132,0.00012593589929696356
2,64,139.0,0.8,40.0,0.5688246293166456,-0.3371079087377369,-0.4196655478711077,0.6218340830413486,-0.0012781253440320712,-0.020980328921732867,-0.003111088715939182,6.607050017402672e-05,-0.00017458410230560955,0.00016052784200808266
2,65,139.5,0.8125,40.0,0.5669913607925756,-0.3336969507310667,-0.4231040312277745,0.623016950468094,-0.0010150415967488426,-0.02108944398567275,-0.0027499923460975154,0.00010010414218578294,-0.00020561664287680563,0.0002201527172712088
2,66,140.0,0.825,40.0,0.565096223611777,-0.33026046579424734,-0.4264749171852552,0.6242703162549791,-0.0006777875269676404,-0.021217954387467368,-0.0022317205472630374,0.00018162272975572258,-0.0003054252072388545,0.000376860204119392
2,67,140.5,0.8375,40.0,0.5631182929651052,-0.32680215549314,-0.4297564185062734,0.6256257347630017,-0.0001527018854114406,-0.02140884514198602,-0.0013111419342087662,0.0004419272895384701,-0.0006229854224838606,0.0008665575511326335
2,68,141.0,0.85,40.0,0.5610026548816157,-0.32332962178641095,-0.4328951572553658,0.6271648584446158,0.0009942213903786426,-0.02179821103103052,0.0008503481870994079,0.0007565316103948149,-0.0008657350989110058,0.0013223517115310754
2,69,141.5,0.8625,40.0,0.5585822598322194,-0.3198596403644818,-0.4357212847644472,0.6291443645312237,0.0028577463125185687,-0.022339295467839613,0.004188735837448415,0.0011158680215567192,-0.0010130895180849536,0.0016885029446122328
2,70,142.0,0.875,40.0,0.5557093784282088,-0.31639796228837075,-0.43804927469004457,0.6318166261515523,0.005507056255147814,-0.02297247641662996,0.008505753257852534,0.0015495470808346325,-0.0011132235371722231,0.0020273976027829197
2,71,142.5,0.8875,40.0,0.552274770394587,-0.3129295578254784,-0.43968947615288057,0.6354060389516402,0.009087826633053983,-0.023668241127347337,0.013764013344731301,0.002053119310195888,-0.0011707193253546865,0.0023406629803814478
2,72,143.0,0.9,40.0,0.5481833017728895,-0.30941994264794453,-0.44042547121692655,0.6401404306894295,0.01373196992846156,-0.024399940705676238,0.019938310103798172,0.002602966082038581,-0.0011800762787152052,0.0026112297446199053
2,73,143.5,0.9125,40.0,0.5433479397638917,-0.30581714154882084,-0.4400132004384146,0.6462486175456732,0.01950964475710487,-0.025137488379852895,0.026968973343388557,0.003165037276365827,-0.0011375531121305081,0.002821072919201394
2,74,144.0,0.925,40.0,0.5376877239965261,-0.30205586020672665,-0.4381899964836001,0.653944719154563,0.02640533956696878,-0.02584845907491128,0.034757290843957414,0.0037012220733550895,-0.0010435943685131275,0.0029540185095956
2,75,144.5,0.9375,40.0,0.5311246594095971,-0.29806392715480573,-0.4346878813043962,0.663408574931878,0.03431076113545797,-0.026500705555205225,0.04316614312668,0.004172843829750755,-0.0009022856104008803,0.002992564734865988
2,76,145.0,0.95,40.0,0.5235804489320929,-0.2937691594926612,-0.42924896348830693,0.6747655309223831,0.043026970836407906,-0.027064634061673854,0.05201144403118279,0.004537485420828708,-0.0007202424390046895,0.0029130093096539134
2,77,145.5,0.9625,40.0,0.5149761328189709,-0.2891047344553428,-0.4216429432795398,0.6880663220027529,0.05225917833889918,-0.027514785586011746,0.061040731136020814,0.004729444913730854,-0.0005061298767989421,0.002680654155737495
2,78,146.0,0.975,40.0,0.5052374868164787,-0.28401323074173096,-0.4116897610415236,0.7032660288126835,0.06156350667939916,-0.027831116758957778,0.06989921665570654,0.004566681058809109,-0.0002706037225233695,0.002233196477568179
2,79,146.5,0.9875,40.0,0.4943066742101225,-0.27845487677026776,-0.39929776557262253,0.7201979504221359,0.0700621494362688,-0.028000244085459678,0.07805227956335051,0.0017345366039181532,-1.637404295095142e-05,0.0007331375754147932
2,80,147.0,1.0,40.0,0.4821550180421961,-0.2724451082415214,-0.38456452629829296,0.738519008986522,0.07112026662726488,-0.028010477862193673,0.08282775942991732,0.0017345366039181532,-1.637404295095142e-05,0.0007331375754147932
3,0,147.0,0.0,104.0,0.4821550180402922,-0.2724451082408449,-0.384564526294197,0.7385190089903542,0.07112026662730905,-0.028010477862187896,0.08282775943000695,0.002098088985423195,8.462403172326203e-05,0.0005811494856019925
3,1,147.5,0.004807692307692308,104.0,0.4688240317572191,-0.26655656573299114,-0.36901783851285846,0.7569527457648266,0.0728854214080432,-0.027957587842324775,0.08726880212489654,0.00017622867681765371,2.965686250609889e-05,5.581071079273372e-05
3,2,148.0,0.009615384615384616,104.0,0.4543884408550146,-0.2606608825185342,-0.3525306579790744,0.7754412835780755,0.06966625529814034,-0.027939052303200873,0.09046487975903766,0.00011334494752801612,3.2472647888543105e-05,3.0077671042319225e-05
3,3,148.5,0.014423076923076924,104.0,0.4387343945027567,-0.2551918580746327,-0.3361538878744614,0.7933409168007551,0.06615836315617837,-0.02791875689819855,0.09345968766245528,8.680020083300373e-05,3.547523799670401e-05,9.027779227292228e-06
3,4,149.0,0.019230769230769232,104.0,0.421884536570295,-0.25014225177265087,-0.31998845109349483,0.8105860119683428,0.06246144620881952,-0.02789658487437142,0.09625284599713047,7.359424073140347e-05,3.840882853807751e-05,-1.1816921444213682e-05
3,5,149.5,0.02403846153846154,104.0,0.403872412963514,-0.24549284256877757,-0.3041167739012708,0.827123525283706,0.058617743279012285,-0.027872579356456154,0.0988369952468266,6.802692595826457e-05,4.144958143773034e-05,-3.439493770727523e-05
3,6,150.0,0.028846153846153848,104.0,0.38473955248309316,-0.24121865297134623,-0.28861341461457407,0.8429064806193116,0.05465554760385321,-0.027846673367986064,0.10120174945441508,6.895493300719143e-05,4.500474789459311e-05,-6.13387020456353e-05
3,7,150.5,0.03365384615384615,104.0,0.36453496167148175,-0.23729062409874307,-0.27354740777359116,0.8578923225478188,0.05060073684438303,-0.027818545400494388,0.10333136547210578,7.858964005695949e-05,5.011106062466811e-05,-9.85288002963665e-05
3,8,151.0,0.038461538461538464,104.0,0.3433159813712548,-0.23367598615484303,-0.25898256937612385,0.8720422576581843,0.04648541852200389,-0.027787225987565525,0.10519650181416622,0.00010839062580771482,6.081268249592168e-05,-0.00016661338878829312
3,9,151.5,0.04326923076923077,104.0,0.32115159034568863,-0.23033754673955073,-0.2449764676278239,0.8853207333176363,0.04237171663300478,-0.027749218060989306,0.10671751958658747,0.0009312212699627632,0.0003394069954423907,-0.001586323707059125
3,10,152.0,0.04807692307692308,104.0,0.2981355485069707,-0.22722969426288434,-0.23157610638134057,0.8976939164706365,0.04025777822500582,-0.027537088688843775,0.10451538332563749,0.0014495306927044629,0.0004639186970871222,-0.0029063702258696152
3,11,152.5,0.052884615384615384,104.0,0.27525177756705305,-0.22400595319466995,-0.21856204265027607,0.9090040843395414,0.03956453088678452,-0.027247139503188213,0.09891233077505737,0.0014124362708998845,0.0004715050142010229,-0.003435913426487339
3,12,153.0,0.057692307692307696,104.0,0.25339946476650915,-0.2204118866047271,-0.20582569479079751,0.9191534664121969,0.03905300445121081,-0.026952448869348163,0.09193957764751268,0.0012612446174971865,0.00047726822850739355,-0.003729900784315073
3,13,153.5,0.0625,104.0,0.232955388682749,-0.21640211876090482,-0.19342558607775412,0.9281640224036656,0.038489120846529265,-0.02665415622657227,0.08419368684522213,0.0010836935411015834,0.0005006995687501225,-0.003876253348486043
3,14,154.0,0.0673076923076923,104.0,0.2141466387054731,-0.21198466731347615,-0.1814369763287154,0.9361006043854171,0.037832187175584384,-0.02634121899614528,0.07604189603410624,0.0009057562287535613,0.0005430695581250826,-0.0039043654647939025
3,15,154.5,0.07211538461538461,104.0,0.1971095491931579,-0.20719196276199967,-0.16991969696114706,0.9430517550609286,0.03709202339299045,-0.026001800522355772,0.06777580126336358,0.0007354641797189186,0.000598622252738839,-0.003835958436058606
3,16,155.0,0.07692307692307693,104.0,0.18190738193012324,-0.20207034006547675,-0.15891089649054688,0.9491178056474946,0.036287244545245796,-0.025627661614426957,0.059632594263069084,0.000573990147321781,0.0006587498577227777,-0.0036897307131343714
3,17,155.5,0.08173076923076923,104.0,0.16854214340680856,-0.19667365259523928,-0.1484267929452729,0.9544016488681615,0.03542985399310135,-0.025215942953375987,0.0518032033164209,0.0004208949340804967,0.0007147093114170467,-0.003482078188713705
3,18,156.0,0.08653846153846154,104.0,0.15696468357312438,-0.19105865878908265,-0.13846787627053952,0.9590022545382344,0.03452269139885702,-0.024769249633758265,0.04443810361034086,0.00027666671746552477,0.000759267669702724,-0.0032277771692664644
3,19,156.5,0.09134615384615384,104.0,0.1470839984924092,-0.185281476632424,-0.12902445946876534,0.9630107790773382,0.033563310470156,-0.02429470734020418,0.03765131242910545,0.0001433581471550735,0.0007874780869369782,-0.0029405149007126837
3,20,157.0,0.09615384615384616,104.0,0.1387762199934845,-0.1793948328266494,-0.12008097406872174,0.966508776133068,0.03254961441338248,-0.02380253353587133,0.031523141385184555,2.4163598729874e-05,0.000796942087661702,-0.0026336423877455955
3,21,157.5,0.10096153846153846,104.0,0.13189344857015908,-0.17344602331552378,-0.11161853643382272,0.9695678921565729,0.03148452746524032,-0.02330444473107894,0.02610118034880145,-7.759266017997002e-05,0.0007876115916131841,-0.00231977246526694
3,22,158.0,0.10576923076923077,104.0,0.12627264395391324,-0.1674755345904731,-0.10361603538024709,0.9722504213786767,0.030378135542507047,-0.02281218748631121,0.021402343330930447,-0.00015945334708878273,0.000761477287320159,-0.0020109096481008156
3,23,158.5,0.11057692307692307,104.0,0.12174409323812345,-0.16151633681377423,-0.09605028660645869,0.9746102765224952,0.02924715077171621,-0.022336264181721948,0.017414556795898442,-0.00022059976578310227,0.0007221434832880756,-0.0017178779076224818
3,24,159.0,0.11538461538461539,104.0,0.11813936970750084,-0.15559378578172745,-0.08889593455429995,0.9766940032208798,0.02811218714545576,-0.02188492450464905,0.014099770156141545,-0.0002621308410849624,0.0006741831121665913,-0.0014495179987585487
3,25,159.5,0.1201923076923077,104.0,0.11529835325305647,-0.14972608277206817,-0.08212561731498076,0.9785416561456729,0.026994001434641715,-0.02146356005952431,0.011398824799253316,-0.0002869823893269798,0.0006227788794860476,-0.0012126040902707795
3,26,160.0,0.125,104.0,0.11307482353601721,-0.14392518555714415,-0.07571063380288637,0.9801874948859283,0.025909556420292527,-0.02107432325982297,0.009236395630135305,-0.00029942418650730516,0.0005730869670946145,-0.0010112114245254594
3,27,160.5,0.12980769230769232,104.0,0.11134062423235477,-0.13819805330447796,-0.06962221958997905,0.981660486092233,0.02486901977312502,-0.020716143905365067,0.007527406620101541,-0.00030429575241664375,0.0005296331886592793,-0.0008464332096813376
3,28,161.0,0.1346153846153846,104.0,0.10998809465373216,-0.13254807986206107,-0.06383321892887124,0.9829847128402847,0.023874372133917455,-0.020385123162428628,0.0061841088845065615,-0.00030603297886153336,0.0004955529040425815,-0.0007161209661350754
3,29,161.5,0.13942307692307693,104.0,0.10893067945755268,-0.1269765462336313,-0.058319807055158795,0.9841797924372664,0.022920193954871194,-0.02007540259737749,0.005123829493732579,-0.00030784991351624037,0.0004721831529733994,-0.0006153741944814873
3,30,162.0,0.14423076923076922,104.0,0.10810162911519898,-0.12148388864697082,-0.05306277688835973,0.9852614090931318,0.021996274761188497,-0.019780288126744813,0.0042755921894103936,-0.00031148527239311286,0.0004592855044640945,-0.0005379443561956879
3,31,162.5,0.14903846153846154,104.0,0.10745112217078058,-0.11607061919859664,-0.04804803842902153,0.9862419853483083,0.021090702912075657,-0.01949323468643095,0.0035833702776588506,-0.000317670933258613,0.0004559949792515695,-0.00047799252798340634
3,32,163.0,0.15384615384615385,104.0,0.10694264617366123,-0.11073785434575037,-0.043266349730527155,0.9871314101896171,0.020191748362241455,-0.019208237824375588,0.0030050779900514402,-0.00032642529686303755,0.000461193405804384,-0.0004305649369170796
3,33,163.5,0.15865384615384615,104.0,0.10654965204526852,-0.10548757958684891,-0.038712698396761926,0.9879376848478701,0.019289101741011897,-0.018919991945725516,0.002510437504707466,-0.00033741348550360136,0.0004738851007258885,-0.0003918461567745208
3,34,164.0,0.16346153846153846,104.0,0.10625274277121359,-0.10032273329237414,-0.03438550780248435,0.9886674570599608,0.018374321841197624,-0.018623813757750376,0.0020782465871425166,-0.0003500722631032175,0.0004932041268887875,-0.0003589684030555453
3,35,164.5,0.16826923076923078,104.0,0.10603752681158858,-0.0952472055382162,-0.030285857555365052,0.9893264271892245,0.017441083867365974,-0.018315561178424353,0.0016941255013479093,-0.0003635532365329755,0.0005181963591349246,-0.0003297004040705825
3,36,165.0,0.17307692307692307,104.0,0.10589301589032943,-0.09026578391423311,-0.026416738073979935,0.9899196499452176,0.01648565748713671,-0.017991688453945446,0.0013490393490588014,-0.0003768147899660377,0.0005478050762184667,-0.00030238236393132845
3,37,165.5,0.1778846153846154,104.0,0.10581038197570293,-0.08538402825006244,-0.022782254047633923,0.9904517654306568,0.015507213268700186,-0.01764931028129032,0.0010379906594322574,-0.00038869485988519194,0.0005808162130459034,-0.00027587896149537905
3,38,166.0,0.18269230769230768,104.0,0.10578202783146157,-0.08060808836084798,-0.01938680628927826,0.9909271670405144,0.01450799639016042,-0.01728630014811907,0.0007588306835612493,-0.0003980188214691933,0.0006158604116003102,-0.0002495162852027619
3,39,166.5,0.1875,104.0,0.10580093968290948,-0.07594446915582817,-0.016234275191447944,0.9913501132467496,0.013493273274050475,-0.016901387390852382,0.0005112243407778667,-0.00040380075310400706,0.000651581144000751,-0.00022307954865912244
3,40,167.0,0.19230769230769232,104.0,0.10586028094356326,-0.07139975717213987,-0.013327251949708093,0.9917247904072888,0.012470810790349474,-0.016494149175836543,0.00029560802729441076,-0.00040538815663567515,0.0006867899737256244,-0.0001967278277178664
3,41,167.5,0.1971153846153846,104.0,0.10595322309450436,-0.06698035250627886,-0.010666424869177354,0.9920553282117166,0.011450026694410524,-0.016064905442243843,0.00011233157828051178,-0.00040251997172395315,0.0007205710536604393,-0.0001708599053470574
3,42,168.0,0.20192307692307693,104.0,0.10607296710444299,-0.06269224422788774,-0.008250191065052202,0.9923457776750868,0.01044101987082584,-0.015614548533693137,-3.890279085058388e-05,-0.00039531802857090755,0.0007523521889595399,-0.00014597874182081504
3,43,168.5,0.20673076923076922,104.0,0.10621288527685077,-0.05854085269253193,-0.006074512699869643,0.9926000664021937,0.009453635973672582,-0.015144328415581816,-0.00015930192813004738,-0.00038420944646880815,0.0007819046859778209,-0.00012257193286418317
3,44,169.0,0.21153846153846154,104.0,0.10636671494307356,-0.05453095113746412,-0.00413300083828786,0.9928219455589455,0.008496731138576248,-0.014655637986835453,-0.0002509783084294192,-0.00036980664210225356,0.0008092686938317556,-0.00010102794976361634
3,45,169.5,0.21634615384615385,104.0,0.10652874528994467,-0.050666662121798836,-0.0024171731496702396,0.9930149409800468,0.007577731904167532,-0.01414984505318182,-0.00031676065937977574,-0.00035280719074502916,0.0008346851580157777,-8.160315629945111e-05
3,46,170.0,0.22115384615384615,104.0,0.10669395777678506,-0.046951509139708275,-0.0009168110712221634,0.9931823168886409,0.006702437098679428,-0.013628166829414654,-0.0003599329516796967,-0.00033389146355594515,0.0008584665922981046,-6.441633882124755e-05
3,47,170.5,0.22596153846153846,104.0,0.10685810645154366,-0.043388505642826876,0.0003796423121087111,0.9933270551509892,0.005875066279259739,-0.01309162520922254,-0.0003839609023152993,-0.00031367031103686716,0.0008809084240488159,-4.947066900127756e-05
3,48,171.0,0.23076923076923078,104.0,0.10701773783519916,-0.03998025402383029,0.0014847016241371935,0.9934518502160116,0.005098430510010654,-0.012541057444187742,-0.0003922663261066525,-0.00029263722142445044,0.0009021402998645431,-3.668111506593129e-05
3,49,171.5,0.23557692307692307,104.0,0.10717016260634647,-0.03672903686532057,0.002411503022210069,0.9935591168676937,0.004374216608244208,-0.011977219756769608,-0.0003880595489189884,-0.0002711637675215852,0.0009220218076724907,-2.590636229696888e-05
3,50,172.0,0.2403846153846154,104.0,0.10731339333349373,-0.03363687392788665,0.003173536753462498,0.9936510076219477,0.003703279001185462,-0.011400956126972958,-0.0003742390242898988,-0.00024951208780944734,0.0009400477251811824,-1.6973856888213836e-05
3,51,172.5,0.24519230769230768,104.0,0.10744606353972513,-0.03070552830095469,0.003784447421315946,0.9937294359530108,0.0030858988057083122,-0.010813426298734767,-0.00035334228438230604,-0.00022785629641037665,0.0009552666157377222,-9.699383027311923e-06
3,52,173.0,0.25,104.0,0.10756733927658317,-0.027936447876161247,0.004257891534972481,0.9937961021864937,0.0025219893258090448,-0.010216384663900036,-0.00032753703299890426,-0.00020632232433721298,0.0009662926119385268,-3.9002514116157055e-06
3,53,173.5,0.2548076923076923,104.0,0.1076768317327745,-0.025330631041677265,0.004607437289515652,0.9938525195023646,0.002011202881448269,-0.00961245178144099,-0.0002986392419215854,-0.00018500929430365434,0.0009713092035908725,5.989282033300144e-07
3,54,174.0,0.25961538461538464,104.0,0.10777451610144975,-0.02288842123376054,0.0048464821449325434,0.9939000379434951,0.0015529856286597068,-0.009005383529200281,-0.0002681430353321172,-0.00016401484058873805,0.0009681793564702866,3.9622502168601315e-06
3,55,174.5,0.2644230769230769,104.0,0.10786065882871611,-0.020609232500912133,0.004988175426772898,0.9939398653236514,0.0011465706234996434,-0.008400271431410854,-0.00023725956298768197,-0.0001434471307077433,0.0009546028616133504,6.3398591229158025e-06
3,56,175.0,0.2692307692307692,104.0,0.1079357547297172,-0.018491225006064364,0.005045332596962467,0.9939730841571162,0.0007909423638244317,-0.007803644642907773,-0.00020696265850126422,-0.00012344967796313136,0.0009284698174986095,7.867211791017669e-06
3,57,175.5,0.27403846153846156,104.0,0.10800047522569835,-0.016530955816529757,0.005030336938901273,0.9940006642464667,0.00048474076347943966,-0.007223351006977014,-0.00017803627931319067,-0.0001042269818889896,0.0008883850283102049,8.668689006737124e-06
3,58,176.0,0.27884615384615385,104.0,0.10805562752225743,-0.014723061628437045,0.004955019784198669,0.9940234708282887,0.0002261023365639739,-0.006668110364289479,-0.00015111237777330988,-8.60824946615923e-05,0.0008344948772544812,8.867240514527458e-06
3,59,176.5,0.28365384615384615,104.0,0.10810212180545514,-0.013060056643500786,0.0048305127820326916,0.994042268864669,1.240755092935099e-05,-0.006146551066012125,-0.00012668276348623406,-6.942795484619479e-05,0.0007693376473565699,8.597510279848567e-06
3,60,177.0,0.28846153846153844,104.0,0.10814093937156331,-0.011532376595818643,0.004667063125210967,0.9940577246848457,-0.0001599943430730264,-0.005665715036421228,-0.00010507459231853678,-5.4709428580330656e-05,0.0006979954087059835,8.011301938789592e-06
3,61,177.5,0.2932692307692308,104.0,0.10817309259312419,-0.010128801619817926,0.00447382072401463,0.9940704071175578,-0.0002958749304767734,-0.00522946790598715,-8.640606100452543e-05,-4.223995573338306e-05,0.0006267529002688086,7.262079379000581e-06
3,62,178.0,0.2980769230769231,104.0,0.10819957295705208,-0.008837276551280318,0.004258646095097454,0.9940807909072946,-0.0004007970332253264,-0.00483774734332647,-7.057176523673185e-05,-3.2053169031419964e-05,0.0005607495548560731,6.473671591857841e-06
3,63,178.5,0.30288461538461536,104.0,0.10822129684183607,-0.007645909063501016,0.004028020393194674,0.9940892646029141,-0.00048041784324871073,-0.004487278871548901,-5.729601843117876e-05,-2.391773407067703e-05,0.000502541128641625,5.720766952633135e-06
3,64,179.0,0.3076923076923077,104.0,0.10823906769335236,-0.006543771052827786,0.0037871090212025595,0.9940961427615297,-0.0005398265236055816,-0.004173190666155502,-4.622775430593081e-05,-1.7477912083550283e-05,0.00045246057537715387,5.035346053032602e-06
3,65,179.5,0.3125,104.0,0.10825356445500507,-0.005521280784207658,0.00353994591283343,0.9941016799036476,-0.0005832319279649031,-0.003890402806552536,-3.7018587687879925e-05,-1.2379749294712939e-05,0.0004097221038672835,4.424693709279581e-06
3,66,180.0,0.3173076923076923,104.0,0.10826535006349099,-0.004570231273336419,0.003289657691776449,0.9941060834122621,-0.0006139652753752061,-0.0036343264916433742,-2.9360364108869988e-05,-8.325990162837274e-06,0.0003732226387760133,3.8854349121555285e-06
3,67,180.5,0.32211538461538464,104.0,0.1082748883570732,-0.003683644880301217,0.0030386682241794866,0.9941095240317185,-0.0006346201930583892,-0.0034010623424163854,-2.2993802226399325e-05,-5.083754921034218e-06,0.00034189789203947063,3.410682420977423e-06
3,68,181.0,0.3269230769230769,104.0,0.10828256168846187,-0.00285558231688009,0.002788863038245437,0.9941121439206383,-0.0006472122753284403,-0.0031873761598998577,-1.770467043452698e-05,-2.4752554184184534e-06,0.0003148333966817967,2.9930072254399432e-06
3,69,181.5,0.3317307692307692,104.0,0.10828868624560264,-0.0020809619185840505,0.0025417147954044515,0.9941140627103834,-0.0006533157667075864,-0.0029906052869819867,-1.3316515836139607e-05,-3.656281508244547e-07,0.00029127791083175675,2.6254906459795343e-06
3,70,182.0,0.33653846153846156,104.0,0.1082935245034547,-0.0013554058277386108,0.0022983773705908847,0.9941153820615134,-0.0006541701004204771,-0.0028085565927204906,-9.683503600213377e-06,1.347691130232468e-06,0.00027062502191894916,2.3020026864345516e-06
3,71,182.5,0.34134615384615385,104.0,0.10829729510448924,-0.0006751143697680345,0.0020597562505000355,0.9941161891158641,-0.0006507600775929345,-0.0026394159540295845,-6.684407506615737e-06,2.743232532597838e-06,0.00025238775274266824,2.017190003415954e-06
3,72,183.0,0.34615384615384615,104.0,0.10830018066764072,-3.676506393568984e-05,0.0018265614810329958,0.9941165591385657,-0.0006438755318635955,-0.0024816736085739254,-4.217872294683943e-06,3.88164267640772e-06,0.00023617464990908008,1.7663819532094842e-06
3,73,183.5,0.35096153846153844,104.0,0.108302333999466,0.0005625682224148416,0.001599347826148649,0.994116557561885,-0.0006341557240989422,-0.0023340644523893155,-2.1987507836479975e-06,4.8101816461616866e-06,0.00022166975363587324,1.545490860244258e-06
3,74,184.0,0.3557692307692308,104.0,0.10830388308814999,0.0011254800974186145,0.00137854552374643,0.994116241583426,-0.0006221225719443958,-0.0021955208563755033,-5.55264132421901e-07,5.566020706875297e-06,0.00020861656816224388,1.3509260635040977e-06
3,75,184.5,0.3605769230769231,104.0,0.10830493516613995,0.001654285855168676,0.001164484071059257,0.9941156614293919,-0.000608205691536174,-0.0020651355012827376,7.732264034152678e-07,6.1786678696745195e-06,0.00019680551088430235,1.1795225327477034e-06
3,76,185.0,0.36538461538461536,104.0,0.10830558005160386,0.00215106378148815,0.0009574108007072341,0.9941148613638554,-0.00059276141708789,-0.0019421320569887014,1.8379919867423991e-06,6.67176109302171e-06,0.00018606416294897137,1.0284825263414158e-06
3,77,185.5,0.3701923076923077,104.0,0.10830589292395239,0.002617689665258137,0.0007575055298315466,0.9941138805036394,-0.0005760873687900447,-0.0018258419551542499,2.68236687715788e-06,7.064402644525444e-06,0.0001762497078441465,8.953299166440846e-07
3,78,186.0,0.375,104.0,0.10830593664889106,0.003055865148504479,0.0005648922222909635,0.9941127534830713,-0.0005584337085456907,-0.0017156858877603052,3.342924937084154e-06,7.372159320245472e-06,0.00016724305466696887,7.778723680311406e-07
3,79,186.5,0.3798076923076923,104.0,0.10830576373855068,0.003467141178162466,0.0003796483580488449,0.9941115110019334,-0.0005400119133587801,-0.0016111589786020764,3.8504606076350085e-06,7.607817419889981e-06,0.00015894425198452336,6.741688568357877e-07
3,80,187.0,0.38461538461538464,104.0,0.1083054180118655,0.0038529375385951974,0.00020181252639277943,0.9941101802818005,-0.0005210016753653297,-0.0015118188211203463,4.2308151855617155e-06,7.781955703682409e-06,0.00015126889011658014,5.825048770333602e-07
3,81,187.5,0.3894230769230769,104.0,0.10830493600604511,0.004214559227206538,3.139063029901088e-05,0.9941087854499301,-0.0005015563804451762,-0.0014172757648060412,4.50558717014572e-06,7.903386141341206e-06,0.0001441452620518259,5.013706214127997e-07
3,82,188.0,0.3942307692307692,104.0,0.10830434817732199,0.004553210269885738,-0.0001316390062077789,0.9941073478656145,-0.00048180749358109744,-0.0013271849760321595,4.692748169625867e-06,7.979496427614974e-06,0.0001375121094138164,4.2944100620792855e-07
3,83,188.5,0.39903846153846156,104.0,0.10830367992159033,0.004870005446418444,-0.0002873214044625655,0.9941058864005208,-0.00046186809472938725,-0.0012412399076569779,4.8071791848980135e-06,8.016518389025312e-06,0.0001313168214832267,3.6555885619762754e-07
3,84,189.0,0.40384615384615385,104.0,0.10830295244021876,0.005165980298616087,-0.00043572139869352565,0.9941044176819461,-0.0004418357490508273,-0.0011591668942383519,4.861142658499494e-06,8.019739782108331e-06,0.00012551398732842936,3.0871879140589616e-07
3,85,189.5,0.40865384615384615,104.0,0.10830218347125976,0.005442099718636818,-0.0005769206699971682,0.9941029563060434,-0.0004217948519090499,-0.0010807206521664047,4.864697577514498e-06,7.993672513767749e-06,0.00012006422457729581,2.580552072793234e-07
3,86,190.0,0.41346153846153844,104.0,0.10830138790353641,0.005699265356378168,-0.0007110152409316347,0.994101515026514,-0.00040181855669337875,-0.0010056805118138403,4.826071984547231e-06,7.942187074703096e-06,0.00011493322625404765,2.128277172719794e-07
3,87,190.5,0.4182692307692308,104.0,0.10830057828681158,0.0059383220389695995,-0.0008381133470412045,0.9941001049232883,-0.0003819703692364799,-0.0009338472454132254,4.751989640088755e-06,7.868620582664114e-06,0.00011009098067246542,1.7240915581180762e-07
3,88,191.0,0.4230769230769231,104.0,0.10829976525151151,0.006160063359290383,-0.0009583336187040132,0.9940987355545615,-0.0003623054742285194,-0.0008650403825010134,4.64795956389717e-06,7.775863947491456e-06,0.00010551112933492946,1.3627354219763862e-07
3,89,191.5,0.42788461538461536,104.0,0.1082989578488886,0.006365236561816267,-0.0010718035199932191,0.9940974150949452,-0.0003428718453689179,-0.000799095926674671,4.518530120369426e-06,7.666432860159126e-06,0.0001011704355626537,1.0398752705753022e-07
3,90,192.0,0.4326923076923077,104.0,0.10829816382176871,0.006554546831286111,-0.0011786580017355407,0.9940961504618758,-0.00032371117932709106,-0.0007358644044559066,4.367517695497112e-06,7.542525992547389e-06,9.704834260811173e-05,7.520004628935051e-08
3,91,192.5,0.4375,104.0,0.10829738981327619,0.00672866107141343,-0.001279038334024713,0.99409494743216,-0.0003048596851969863,-0.0006752091903336328,4.198206509926982e-06,7.406072967538145e-06,9.312660423695966e-05,4.9633799824143654e-08
3,92,193.0,0.4423076923076923,104.0,0.10829664152158616,0.0068882112461286175,-0.0013730910897805798,0.9940938107500119,-0.0002863487547796215,-0.0006170050626932276,4.013524917670724e-06,7.258774193105084e-06,8.938897446926126e-05,2.7077479431021363e-08
3,93,193.5,0.44711538461538464,104.0,0.10829592380726363,0.0070337973439082435,-0.0014609672560043233,0.9940927442277392,-0.00026820553384470275,-0.0005611369536575293,3.816200669150847e-06,7.1021339919741975e-06,8.582094584941889e-05,7.3788499582631054e-09
3,94,194.0,0.4519230769230769,104.0,0.10829524075900462,0.007165990016024293,-0.0015428214533764037,0.9940917508400134,-0.0002504534109816486,-0.0005074988625091253,3.608897739718603e-06,6.9374883604443545e-06,8.240952765815352e-05,-9.562785226864585e-09
3,95,194.5,0.4567307692307692,104.0,0.10829459572284464,0.007285332931567611,-0.0016188112481428441,0.9940908328125065,-0.00023311243734783907,-0.0004559929077301522,3.3943335448706588e-06,6.76602833622029e-06,7.914305726890789e-05,-2.3803272718046425e-08
3,96,195.0,0.46153846153846156,104.0,0.10829399130010972,0.0073923448855442685,-0.0016890965428546924,0.9940899917054438,-0.0002161996881953775,-0.00040652849694434534,3.1753789358709587e-06,6.58881973960464e-06,7.601103893957977e-05,-3.536041689176129e-08
3,97,195.5,0.46634615384615385,104.0,0.10829342931872239,0.007487521690906863,-0.0017538390346646653,0.9940892284925397,-0.00019972957516945967,-0.00035902159761425426,2.955140892216095e-06,6.406819943038972e-06,7.300400560906133e-05,-4.4218412088935606e-08
3,98,196.0,0.47115384615384615,104.0,0.10829291078244045,0.0075713378808838295,-0.0018132017316488014,0.9940885436356418,-0.00018371411675102323,-0.0003133940941156209,2.7370340152394143e-06,6.220892174414333e-06,7.011339999060987e-05,-5.0334837150133756e-08
3,99,196.5,0.47596153846153844,104.0,0.10829243580104399,0.00764424824419909,-0.00186734851907003,0.9940879371554687,-0.00016816317297048527,-0.0002695732191284017,2.524834543569252e-06,6.03181776614914e-06,6.733147186494943e-05,-5.364727028282572e-08
3,100,197.0,0.4807692307692308,104.0,0.1082920035060092,0.007706689212617837,-0.001916443768681072,0.9940874086985626,-0.00015308464949682972,-0.00022749104921960058,2.3227179360462265e-06,5.840306615817617e-06,6.465118910110872e-05,-5.4078844194211765e-08
3,101,197.5,0.4855769230769231,104.0,0.10829161195591741,0.007759080117602745,-0.0019606519851570513,0.994086957600529,-0.00013848467555364934,-0.00018708405603807887,2.135282744259702e-06,5.647006240827635e-06,6.206616031227786e-05,-5.154330464790664e-08
3,102,198.0,0.49038461538461536,104.0,0.10829125803514499,0.007801824330613582,-0.002000137484625153,0.9940865829456436,-0.00012436775916766773,-0.000148292705849454,1.967562070436967e-06,5.4525094903000515e-06,5.9570567433434435e-05,-4.5954044653617655e-08
3,103,198.5,0.4951923076923077,104.0,0.10829093734903737,0.007835310299682348,-0.0020350641009342367,0.9940862836228862,-0.00011073692310462448,-0.00011106110120998259,1.8250127115117897e-06,5.2573611372038095e-06,5.715910669149081e-05,-3.7228773934851575e-08
3,104,199.0,0.5,104.0,0.10829064412121288,0.00785991249327068,-0.0020655949159532412,0.9940860583781436,-9.759382429354823e-05,-7.533665953410117e-05,1.713492929738111e-06,5.062063495592055e-06,5.482693696348067e-05,-2.5298496462635786e-08
3,105,199.5,0.5048076923076923,104.0,0.10829037109590892,0.007875992261032647,-0.002091892010762446,0.9940859058625805,-8.493885918786851e-05,-4.1069823938100306e-05,1.6392180995121363e-06,4.867081171057539e-06,5.2569634250347315e-05,-1.0113777011748058e-08
3,106,200.0,0.5096153846153846,104.0,0.1082901094509429,0.007883898619898409,-0.0021141162350648123,0.9940858246768506,-7.277125724387208e-05,-8.2138025376811e-06,1.6087010209953898e-06,4.672844982100355e-06,5.038315158738672e-05,8.347167960386712e-09
3,107,200.5,0.5144230769230769,104.0,0.10828984872516262,0.007883968972882112,-0.0021324269925975152,0.9940858134109705,-6.108916460899832e-05,2.327566719851527e-05,1.6286723477917851e-06,4.479755284880867e-06,4.826378360291734e-05,3.0070647048560884e-08
3,108,201.0,0.5192307692307693,104.0,0.10828957676538448,0.007876529767118817,-0.0021469820407446958,0.9940858706795352,-4.988971953419017e-05,5.344053194454656e-05,1.7059818020124591e-06,4.288184814210723e-06,4.620813509102963e-05,5.5000346743835575e-08
3,109,201.5,0.5240384615384616,104.0,0.10828927969764349,0.007861897096871446,-0.0021579373028538323,0.9940859951519434,-3.916912074584714e-05,8.2320616370777e-05,1.8474818686001827e-06,4.0984809796942125e-06,4.421309305356748e-05,8.302772608877209e-08
3,110,202.0,0.5288461538461539,104.0,0.10828894192715191,0.007840377256590375,-0.0021654466920034503,0.9940861855773284,-2.8922690167887544e-05,0.00010995379952372316,2.05988782306873e-06,3.910967802557877e-06,4.2275801826500884e-05,1.1398536089582442e-07
3,111,202.5,0.5336538461538461,104.0,0.10828854617288584,0.007812267248534085,-0.002169661945248048,0.9940864408037094,-1.9144930922797777e-05,0.00013637617565988284,2.3496214648262716e-06,3.7259474267199933e-06,4.039364081570095e-05,1.4763727557736318e-07
3,112,203.0,0.5384615384615384,104.0,0.1082880735408828,0.00777785524895006,-0.0021707324675630433,0.9940867597910584,-9.829581707456223e-06,0.0001616222011644232,2.722631022467363e-06,3.543701188691551e-06,3.856420458934939e-05,1.8367214918517293e-07
3,113,203.5,0.5432692307692307,104.0,0.10828750364220119,0.007737421036382702,-0.0021688051849301443,0.9940871416177623,-9.696686793407887e-07,0.00018572482902762488,3.1841944133828584e-06,3.3644902593025717e-06,3.6785284948513015e-05,2.2169235830809193e-07
3,114,204.0,0.5480769230769231,104.0,0.10828681475970595,0.007691236385272891,-0.0021640244062644397,0.9940875854801455,7.442444044819744e-06,0.0002087156321154353,3.7386954464826234e-06,3.188555977676029e-06,3.505485490984156e-05,2.612071428808143e-07
3,115,204.5,0.5528846153846154,104.0,0.1082859840704285,0.007639565427680617,-0.0021565316941095113,0.9940880906844207,1.5415004475245763e-05,0.00023062491642920785,4.389383272070303e-06,3.0161198869605677e-06,3.3371054120120084e-05,3.016245403463347e-07
3,116,205.0,0.5576923076923077,104.0,0.10828498792768727,0.007582664985635943,-0.002146465744219186,0.9940886566307104,2.2956822644334775e-05,0.00025148182524953663,5.138111996764039e-06,2.8473834619869764e-06,3.173217579028378e-05,3.422429252433741e-07
3,117,205.5,0.5625,104.0,0.10828380220791813,0.007520784876379892,-0.0021339622743122818,0.9940892827886902,3.0077219511940614e-05,0.0002713144351138501,5.98505947438847e-06,2.6825276931351815e-06,3.0136654811958993e-05,3.822450560039588e-07
3,118,206.0,0.5673076923076923,104.0,0.10828240272740859,0.007454168192497791,-0.0021191539224630464,0.994089968664369,3.678597449428903e-05,0.0002901498443668432,6.9284315386732416e-06,2.5217126483372983e-06,2.8583056958854385e-05,4.2069216542258305e-07
3,119,206.5,0.5721153846153846,104.0,0.10828076573257063,0.00738305155874812,-0.0021021701556831556,0.9940907137576914,4.3093271540097464e-05,0.0003080142549617788,7.964151785076109e-06,2.3650769029458714e-06,2.7070069061949878e-05,4.565207536804404e-07
3,120,207.0,0.5769230769230769,104.0,0.10827886846735671,0.007307665367217427,-0.002083137189256928,0.9940915175106393,4.9009643405847485e-05,0.00032493304812128204,9.085543656394854e-06,2.212736952466376e-06,2.55964900430331e-05,4.885398294127984e-07
3,121,207.5,0.5817307692307693,104.0,0.1082766898197444,0.007228233992265958,-0.002062177917478515,0.9940923792456956,5.454591407707364e-05,0.0003409308543940955,1.0283005950707186e-05,2.0647865457123737e-06,2.4161222664541872e-05,5.154324604381036e-07
3,122,208.0,0.5865384615384616,104.0,0.10827421104893428,0.007144975986591769,-0.0020394118564444107,0.9940932980945574,5.971313913233185e-05,0.0003560316185554852,1.1543692524177058e-05,1.9212960074256202e-06,2.276326596268269e-05,5.357566144340019e-07
3,123,208.5,0.5913461538461539,104.0,0.10827141659222667,0.007058104259617696,-0.00201495509961566,0.9940942729172747,6.45225440301681e-05,0.00037025865977834637,1.285119441191064e-05,1.7823116132541511e-06,2.1401708224990183e-05,5.479515212823072e-07
3,124,209.0,0.5961538461538461,104.0,0.10826829495098286,0.00696782623929907,-0.001988920286856078,0.9940953022119444,6.898546046230617e-05,0.00038363472741528317,1.4185238169109665e-05,1.6478550198040078e-06,2.0075720492763558e-05,5.503467556956023e-07
3,125,209.5,0.6009615384615384,104.0,0.10826483965164418,0.006874344018362051,-0.0019614165876334594,0.9940963840154544,7.311326093675861e-05,0.000396182052719712,1.5521407230879175e-05,1.5179228107777082e-06,1.8784550436184932e-05,5.41172698064789e-07
3,126,210.0,0.6057692307692307,104.0,0.10826105027609033,0.00677785448590242,-0.0019325496990319501,0.9940975157959653,7.691729191814605e-05,0.00040792239673891273,1.6830889733353423e-05,1.3924862807845679e-06,1.7527516585216305e-05,5.185772126145185e-07
3,127,210.5,0.6105769230769231,104.0,0.10825693355476142,0.006678549445224878,-0.0019024218591394105,0.9940986943378972,8.040880616540431e-05,0.00041887709460139183,1.808026833579555e-05,1.2714914688435728e-06,1.6304002852243007e-05,4.806466709861153e-07
3,128,211.0,0.6153846153846154,104.0,0.10825250451210243,0.00657661571875904,-0.0018711318762306883,0.9940999156206144,8.359889495289781e-05,0.0004290670963808963,1.9231362902610922e-05,1.154859484939994e-06,1.5113453281121152e-05,4.254293372447732e-07
3,129,211.5,0.6201923076923077,104.0,0.10824778765118863,0.006472235240858921,-0.0018387751740033776,0.9941011746922878,8.649842098278879e-05,0.00043851300467858333,2.0241131943055783e-05,1.042487301091461e-06,1.3955366911122249e-05,3.5096495142452346e-07
3,130,212.0,0.625,104.0,0.1082428181629214,0.006365585139280035,-0.0018054438529183509,0.9941024655405721,8.911795323487944e-05,0.00044723510899515474,2.1061648297898848e-05,9.342490696183807e-07,1.282929278845037e-05,2.553201713119806e-07
3,131,212.5,0.6298076923076923,104.0,0.10823764314133098,0.00625683780614103,-0.0017712267673993197,0.9941037809621456,9.146770517176733e-05,0.0004552534169851898,2.1640163709894663e-05,8.299980437855342e-07,1.1734825035736679e-05,1.3662892115083595e-07
3,132,213.0,0.6346153846153846,104.0,0.10823232278288217,0.006146160959190771,-0.0017362096182994443,0.9941051124335466,9.355747791892586e-05,0.0004625876826299124,2.191927453479421e-05,7.295691813178064e-07,1.0671597960564302e-05,-6.8620819557404855e-09
3,133,213.5,0.6394230769230769,104.0,0.10822693154462885,0.006033717694237315,-0.001700475059640847,0.9941064499860712,9.539661025182479e-05,0.0004692574313527856,2.1837201524555857e-05,6.327824010268227e-07,9.639281186574928e-06,-1.7674109912968603e-07
3,134,214.0,0.6442307692307693,104.0,0.10822155923284578,0.005919666529640165,-0.0016641028181760683,0.994107782087821,9.699393715802258e-05,0.0004752819820920489,2.132820042430584e-05,5.39446635698592e-07,8.637574863790089e-06,-3.7437461667072786e-07
3,135,214.5,0.6490384615384616,104.0,0.10821631198960217,0.00580416144381236,-0.0016271698238822887,0.9941090955364423,9.835775911131616e-05,0.00048068046637970475,2.0323114676575817e-05,4.493645125158458e-07,7.66620489007996e-06,-6.008439723051473e-07
3,136,215.0,0.6538461538461539,104.0,0.10821131314193111,0.005687351906728761,-0.0015897503489563,0.994110375366378,9.949582377895737e-05,0.00048547184443392476,1.8750086765529703e-05,3.623378024804156e-07,6.724918309974498e-06,-8.56878286076214e-07
3,137,215.5,0.6586538461538461,104.0,0.1082067038741378,0.005569382906484692,-0.0015519161524445678,0.994111604774889,0.00010041532224395752,0.0004896749183757116,1.6535437418710384e-05,2.781734950319025e-07,5.813478851723798e-06,-1.142781712259576e-06
3,138,216.0,0.6634615384615384,104.0,0.1082026436814961,0.005450394971984856,-0.0015137366271025688,0.9941127650713327,0.00010112290146498178,0.0004933083426562241,1.3604726840969343e-05,1.9669053096375426e-07,4.931662785215692e-06,-1.4583570200222575e-06
3,139,216.5,0.6682692307692307,104.0,0.1081993105600585,0.005330524192873135,-0.0014752789446320603,0.9941138356545511,0.00010162469478025934,0.0004963906318953011,9.884007134513719e-06,1.1772716816732291e-07,4.079255154500395e-06,-1.8028279494939834e-06
3,140,217.0,0.6730769230769231,104.0,0.10819690088502919,0.005209902237821296,-0.0014366081949657725,0.9941147940234575,0.00010192637219349198,0.0004989401663653129,5.301268941076976e-06,4.1148961535366146e-08,3.2560465207266327e-06,-2.1747576213763103e-06
3,141,217.5,0.6778846153846154,104.0,0.1081956289293953,0.005088656372294338,-0.0013977875147962188,0.9941156158259806,0.00010203321212133575,0.0005009751954393473,-2.1190785403158003e-07,-3.314278341555509e-08,2.4618303433070587e-06,-2.571967615834366e-06
3,142,218.0,0.6826923076923077,104.0,0.1081957259720677,0.004966909476884949,-0.0013588782000931332,0.994116274951788,0.0001019501959219237,0.0005025138394026255,-6.718501056216816e-06,-1.0520231435568309e-07,1.6964011040037163e-06,-2.9914570435208535e-06
3,143,218.5,0.6875,104.0,0.10819743894520814,0.00484478006725896,-0.0013199397969734232,0.9941167436741694,0.00010168212592638845,0.0005035740900914697,-1.4273990741618357e-05,-1.7503080085456814e-07,9.595531840641e-07,-3.429326371923256e-06
3,144,219.0,0.6923076923076923,104.0,0.10820102857042746,0.004722382316669642,-0.0012810301650568621,0.9941169928464783,0.00010123376690639796,0.0005041738108304815,-2.2924113397523165e-05,-2.4256815518052206e-07,2.5108063510498494e-07,-3.8807040863665626e-06
3,145,219.5,0.6971153846153846,104.0,0.10820676693650857,0.00459982608189531,-0.0012422055073930485,0.9941169921582377,0.00010061000991202503,0.0005043307362265235,-3.270243273454749e-05,-3.0768579411746686e-07,-4.2922229796737414e-07,-4.339683811754626e-06
3,146,220.0,0.7019230769230769,104.0,0.10821493447308694,0.004477216933299662,-0.001203520361252619,0.9941167104558726,9.981605616376107e-05,0.0005040624722895243,-4.3627753344534454e-05,-3.7018086070965563e-07,-1.0815599574294479e-06,-4.799271043171041e-06
3,147,220.5,0.7067307692307693,104.0,0.10822581628123995,0.004354656189552362,-0.00116502754457804,0.9941161161323889,9.885761734216592e-05,0.0005033864973154897,-5.570140124457788e-05,-4.297726343238374e-07,-1.7061336387742056e-06,-5.2513477251295895e-06
3,148,221.0,0.7115384615384616,104.0,0.10823969778792951,0.00423224095735498,-0.0011267780537352282,0.9941151775897582,9.774112675645021e-05,0.0005023201637907423,-6.890441594204692e-05,-4.861017895850229e-07,-2.303139791126562e-06,-5.686655387871302e-06
3,149,221.5,0.7163461538461539,104.0,0.10825685970235568,0.0041100641763221375,-0.0010888209095058336,0.9941138637766639,9.647395416623083e-05,0.0005008807014209015,-8.319470041998692e-05,-5.38733418108842e-07,-2.8727685673869126e-06,-6.094805158233936e-06
3,150,222.0,0.7211538461538461,104.0,0.10827757226383382,0.00398821466896186,-0.0010512029499965558,0.9941121448031397,9.506461469110357e-05,0.000499085221066024,-9.850419622838329e-05,-5.871646678948811e-07,-3.415203254901336e-06,-6.46431985155782e-06
3,151,222.5,0.7259615384615384,104.0,0.10830208878753105,0.0038667771955117254,-0.0010139685714594228,0.9941099926319502,9.352296003853684e-05,0.0004969507190315747,-0.00011473616387370372,-6.308378945985103e-07,-3.930621176666666e-06,-6.782713949307957e-06
3,152,223.0,0.7307692307692307,104.0,0.10833063853435428,0.0037458325132207725,-0.0009771594208945818,0.9941073818445448,9.186033797333323e-05,0.0004944940807961459,-0.00013176266320040023,-6.691600532160035e-07,-4.4191967358320935e-06,-7.036618098315683e-06
3,153,223.5,0.7355769230769231,104.0,0.1083634189548416,0.003625457439527019,-0.0009408140477728431,0.9941042904769959,9.008970405475647e-05,0.0004917320828363604,-0.00014942234503634422,-7.015287700736134e-07,-4.8811072380834225e-06,-7.21195387177081e-06
3,154,224.0,0.7403846153846154,104.0,0.10840058738458623,0.003505724918489763,-0.0009049675261696432,0.9941007009184561,8.822566848814959e-05,0.0004886813908127881,-0.00016751867971257091,-7.273652817516103e-07,-5.316541945075569e-06,-7.294161250803038e-06
3,155,224.5,0.7451923076923077,104.0,0.1084422522999564,0.0033867040898064886,-0.0008696510628714808,0.9940966008613595,8.628446039168551e-05,0.0004853585520974635,-0.0001858187542032259,-7.46153835642206e-07,-5.725714652587074e-06,-7.268481123989764e-06
3,156,225.0,0.75,104.0,0.10848846427562563,0.0032684603597619016,-0.0008348916114493667,0.9940919842890756,8.428379272034071e-05,0.00048177998044005954,-0.00020405277536441932,-7.574866256901931e-07,-6.108879692704929e-06,-7.120288346160654e-06
3,157,225.5,0.7548076923076923,104.0,0.1085392068195908,0.003151055473536582,-0.0008007115165198047,0.9940868524829644,8.224261334293058e-05,0.00047796193063269433,-0.000221914405595903,-7.611125715836742e-07,-6.466350851042033e-06,-6.8354665046939145e-06
3,158,226.0,0.7596153846153846,104.0,0.10859438729273113,0.003034547588415611,-0.0007671282161129539,0.9940812150272392,8.018073195737344e-05,0.00047392046135147754,-0.0002390620351150836,-7.569874976031612e-07,-6.798522170191197e-06,-6.400812641051826e-06
3,159,226.5,0.7644230769230769,104.0,0.1086538281458177,0.002918991347571664,-0.0007341540327564308,0.994075090786983,7.811831862841026e-05,0.0004696713849958979,-0.00025512106565199347,-7.45322686333897e-07,-7.105889122814617e-06,-5.804453474531763e-06
3,160,227.0,0.7692307692307693,104.0,0.10871725872541765,0.00280443795422468,-0.0007017960850771403,0.994068508832265,7.607527731621295e-05,0.00046523020429503013,-0.0002696872342467302,-7.266281389998439e-07,-7.389068202813634e-06,-5.036247843909961e-06
3,161,227.5,0.7740384615384616,104.0,0.10878430790718953,0.0026909352460663693,-0.0006700563510489786,0.9940615092800508,7.407050699809631e-05,0.0004606120366692602,-0.0002823309426317592,-7.017467799475707e-07,-7.648812730739457e-06,-4.088151154205578e-06
3,162,228.0,0.7788461538461539,104.0,0.10885449780639266,0.0025785277698619283,-0.0006389319110538571,0.9940541440259147,7.212107250248901e-05,0.0004558315287136295,-0.0002926024971679336,-6.718759621706537e-07,-7.88602268484111e-06,-2.954517696848481e-06
3,163,228.5,0.7836538461538461,104.0,0.10892723879170925,0.002467256856078779,-0.0006084153935859032,0.9940464773394561,7.024131643169306e-05,0.0004509027645367738,-0.0003000381039981725,-6.385729887672703e-07,-8.10174662929696e-06,-1.6323164688174436e-06
3,164,229.0,0.7884615384615384,104.0,0.10900182598975794,0.002357160693244718,-0.0005784956387648386,0.9940385863007739,6.844195194395374e-05,0.0004458391728947171,-0.0003041664031758702,-6.037422907481571e-07,-8.297174399878294e-06,-1.212478852230407e-07
3,165,229.5,0.7932692307692307,104.0,0.10907743741382313,0.0022482744015286586,-0.0005491585850408145,0.994030561060475,6.672918227068195e-05,0.0004406534388961268,-0.0003045152940437926,-5.696027655863966e-07,-8.473619998071487e-06,1.5762499118609888e-06
3,166,230.0,0.7980769230769231,104.0,0.10915313378865471,0.0021406301048051833,-0.0005203883731193365,0.9940225049117043,6.510389678946288e-05,0.00043535742639874117,-0.00030061877592958664,-5.386346780431002e-07,-8.632495109046697e-06,3.455102351310198e-06
3,167,230.5,0.8028846153846154,104.0,0.10922786007453097,0.0020342570002771124,-0.0004921686487548521,0.9940145341695783,6.356099516945522e-05,0.0004299621169570675,-0.0002920235352487141,-5.135060554899258e-07,-8.775274516874159e-06,5.5078022719072e-06
3,168,231.0,0.8076923076923077,104.0,0.10930044862688637,0.001929181424683018,-0.00046448403320863027,0.9940067778602613,6.208889144462998e-05,0.0004244775703855692,-0.0002782950227989641,-4.969784499382536e-07,-8.903455573526216e-06,7.724708111019127e-06
3,169,231.5,0.8125,104.0,0.10936962386409932,0.0018254269163047476,-0.0004373217171939763,0.993999377228624,6.066925032711712e-05,0.00041891291065372736,-0.00025902278553404864,-4.917915065809478e-07,-9.01851457446209e-06,1.0094427572931542e-05
3,170,232.0,0.8173076923076923,104.0,0.1094340082574564,0.001723014272552086,-0.0004106731210272211,0.9939924850797918,5.927700957716822e-05,0.00041327633904636094,-0.00023382483930002452,-5.005248694020022e-07,-9.121863515229298e-06,1.2604288138978748e-05
3,171,232.5,0.8221153846153846,104.0,0.10949212940427973,0.0016219616039699976,-0.0003845355502241715,0.9939862649758695,5.7880745993339165e-05,0.00040757517435107186,-0.00020235086563077622,-5.254351964047894e-07,-9.21481130065273e-06,1.524090863512573e-05
3,172,233.0,0.8269230769230769,104.0,0.10954242789136369,0.001522284387237978,-0.0003589137613996108,0.9939808903154146,5.644344821833655e-05,0.0004018159172899463,-0.0001642839801756065,-5.682658991591522e-07,-9.298534223034243e-06,1.799090087648328e-05
3,173,233.5,0.8317307692307693,104.0,0.10958326559322708,0.0014239955222459303,-0.0003338213375977733,0.9939765433306749,5.4923765593167336e-05,0.00039600433340238175,-0.00011934074779821553,-6.300285234455621e-07,-9.374061456940425e-06,2.0841748666720736e-05
3,174,234.0,0.8365384615384616,104.0,0.1096129339690438,0.0013271054017532508,-0.0003092817550247864,0.9939734140471527,5.3277805104642376e-05,0.0003901455449936712,-6.726900120512641e-05,-7.107582853393948e-07,-9.442282417069032e-06,2.3782927737033694e-05
3,175,234.5,0.8413461538461539,104.0,0.10962966181212089,0.0012316220065118064,-0.0002853290053901613,0.9939716992628891,5.1461542339590725e-05,0.00038424411848492126,-7.842861009952665e-06,-8.092524127223574e-07,-9.50398399958592e-06,2.68073408332829e-05
3,176,235.0,0.8461538461538461,104.0,0.10963162175630298,0.0011375510439715322,-0.00026200762192670965,0.9939716016219529,4.94338909479556e-05,0.0003783041284871345,5.9145830380838814e-05,-9.228086057877902e-07,-9.559926399936827e-06,2.9913137301619347e-05
3,177,235.5,0.8509615384615384,104.0,0.10961693464807706,0.0010448961545385287,-0.00023937194644330236,0.9939733288785211,4.716043210119507e-05,0.0003723291744891594,0.00013390062206736878,-1.0469912542604575e-06,-9.61096641269647e-06,3.310598079162573e-05
3,178,236.0,0.8557692307692307,104.0,0.10958367065441638,0.0009536592153179857,-0.00021748447481751877,0.9939770934740354,4.461773662763748e-05,0.00036632232048323477,0.00021663923523932257,-1.1754628013194986e-06,-9.658236089489956e-06,3.640180840708285e-05
3,179,236.5,0.8605769230769231,104.0,0.1095298456980469,0.0008638407766594233,-0.00019641313553541288,0.993983112579447,4.179811930534833e-05,0.00036028592292933285,0.0003076192395478132,-1.2999235651977342e-06,-9.703382714056764e-06,3.983011049446915e-05
3,180,237.0,0.8653846153846154,104.0,0.10945341150637662,0.0007754406707931584,-0.00017622739624236603,0.9939916087856294,3.8714556714762976e-05,0.00035422130873508805,0.00040717192687300034,-1.4102022661016732e-06,-9.748874529218977e-06,4.3437783056249086e-05
3,181,237.5,0.8701923076923077,104.0,0.10935223723648806,0.0006884588337017256,-0.00015699316042563165,0.994002811656032,3.54053945086919e-05,0.00034812826215637003,0.0005157458142322019,-1.494529472021536e-06,-9.79837768098929e-06,4.729370134571998e-05
3,182,238.0,0.875,104.0,0.10922408028208093,0.0006028963809595554,-0.0001387665096540375,0.9940169603873285,3.19383893696284e-05,0.0003420042761077896,0.0006339615791688161,-1.5400090022014762e-06,-9.857218501421293e-06,5.149439730629072e-05
3,183,238.5,0.8798076923076923,104.0,0.10906654341893073,0.0005187569764832122,-0.00012158646009199105,0.9940343078616936,2.8413593220528242e-05,0.000335843514546423,0.0007626811878359642,-1.5332834881840817e-06,-9.932969409475667e-06,5.617171029283971e-05
3,184,239.0,0.8846153846153846,104.0,0.10887701475768073,0.0004360485325474602,-0.00010546702479799234,0.994055126432891,2.4964596795934547e-05,0.00032963540866749573,0.0009030961497866124,-1.4613787077650394e-06,-1.0036251769873231e-05,6.150420330618132e-05
3,185,239.5,0.8894230769230769,104.0,0.10865258574392822,0.0003547852851750138,-9.038899426860772e-05,0.994079715898192,2.17576887290999e-05,0.00032336275131328274,0.0010568443142295802,-1.3127166397886146e-06,-1.0181965094968629e-05,6.77359266227759e-05
3,186,240.0,0.8942307692307693,104.0,0.10838994010181437,0.00027499031058043937,-7.629196026116266e-05,0.9941084143274294,1.898851325736086e-05,0.0003169990231308391,0.0012261735773475759,-1.0783203725514243e-06,-1.0391399057735352e-05,7.520976220392755e-05
3,187,240.5,0.8990384615384616,104.0,0.10808520204584754,0.0001966986036057062,-6.306721669340076e-05,0.9941416128615972,1.6875756065310755e-05,0.00031050439872161434,0.0014141889538474544,-7.53316277604597e-07,-1.0696250323899596e-05,8.44308765666391e-05
3,188,241.0,0.9038461538461539,104.0,0.10773372301578742,0.000119960964486524,-5.0552299596004844e-05,0.9941797764847696,1.5651133207532122e-05,0.00030381924227098435,0.0016252582852697298,-3.390252332139994e-07,-1.1146995430695267e-05,9.619676915185913e-05
3,189,241.5,0.9086538461538461,104.0,0.10732976746322068,4.484921874354205e-05,-3.852813293155324e-05,0.9942234746337891,1.5544247235657117e-05,0.0002968523701285608,0.001865743075476789,1.5362846347039037e-07,-1.18322252539571e-05,0.0001118913820899152
3,190,242.0,0.9134615384615384,104.0,0.10686601680244788,-2.8536062666332856e-05,-2.672016044476731e-05,0.9942734296545935,1.6759093775442306e-05,0.0002894572293465669,0.0021454646091823523,6.974433507969989e-07,-1.2929627116050784e-05,0.00013424863276392799
3,191,242.5,0.9182692307692307,104.0,0.10633270861432309,-0.00010005255006384722,-1.4805785527659717e-05,0.9943306013805235,1.943423251470875e-05,0.0002813762124007553,0.002481078914531801,1.2344674109902596e-06,-1.4878957549890396e-05,0.00016990289175318444
3,192,243.0,0.9230769230769231,104.0,0.10571593628929199,-0.00016949033027041633,-2.4328370112931695e-06,0.9943963556220686,2.3567575923771082e-05,0.00027207686393381446,0.0029058279414197427,1.6431421727896726e-06,-1.929621500347935e-05,0.00024261265919560315
3,193,243.5,0.9278846153846154,104.0,0.10499352319538106,-0.0002365072396313714,1.0739883047303912e-05,0.994472877472779,2.886134418600794e-05,0.0002600167295584355,0.00351234997112177,2.1158092945033758e-06,-7.157378002257476e-05,0.0009904665345916942
3,194,244.0,0.9326923076923077,104.0,0.10412024941697469,-0.0003003850415990465,2.4948025320789142e-05,0.9945646699943044,3.552077205116781e-05,0.0002152831170462166,0.0059885050509538235,-1.5114169925950617e-06,-5.0681339537128066e-05,0.0007250150226813319
3,195,244.5,0.9375,104.0,0.10263114556696949,-0.0003529509719064211,3.983346532853473e-05,0.9947194186260528,3.367606562043342e-05,0.00018360727983754934,0.007801031137124378,-7.79059338351064e-06,-0.00012136240726011309,0.001803681873558576
3,196,245.0,0.9423076923076923,104.0,0.10069099335762687,-0.0003976679645604938,5.360724166333746e-05,0.994917666360626,1.634807132218685e-05,0.00010775577530219827,0.012310226546265393,-2.3532783386385777e-06,-2.3312059936439034e-05,0.0003494327507118927
3,197,245.5,0.9471153846153846,104.0,0.09762860602581631,-0.00042389156553995983,6.160957608036155e-05,0.9952228252000471,1.2454622484047709e-05,9.318573784435104e-05,0.01318380578064689,-2.0310893734144666e-06,-1.4098287391667726e-05,0.00020742504303437526
3,198,246.0,0.9519230769230769,104.0,0.09434787542739959,-0.00044656732111215367,6.837953472324739e-05,0.9955391877258588,9.219713054396891e-06,8.437430822717789e-05,0.013702366647343098,-1.844885137619787e-06,-1.0291965975499805e-05,0.00014463409014781018
3,199,246.5,0.9567307692307693,104.0,0.0909370173498593,-0.0004671124377141615,7.419365997497186e-05,0.9958565334276867,6.34169177074166e-06,7.794182949524779e-05,0.014063950705851985,-1.709465398734227e-06,-8.1644703292392e-06,0.00010593988854850263
3,200,247.0,0.9615384615384616,104.0,0.08743504245178187,-0.0004861091935877015,7.918635577316296e-05,0.9961701013244849,3.7122833457963178e-06,7.283903554229514e-05,0.014328799685798106,-1.5975431738050031e-06,-6.828996578644039e-06,7.838082395781474e-05
3,201,247.5,0.9663461538461539,104.0,0.08386600762852531,-0.0005038812466522068,8.344386630892932e-05,0.9964769098676913,1.2839693356437609e-06,6.857091268345484e-05,0.014524751340093156,-1.4986515642105377e-06,-5.934738024978154e-06,5.67945495935495e-05
3,202,248.0,0.9711538461538461,104.0,0.08024706655687064,-0.0005206302999005488,8.703054930481675e-05,0.9967748640857667,-9.686963910737315e-07,6.486170142058698e-05,0.014666737582011632,-1.4092119547098146e-06,-5.314167170384489e-06,3.863619219522257e-05
3,203,248.5,0.9759615384615384,104.0,0.0765916749145165,-0.0005364902130900872,8.999879180110523e-05,0.9970623949417026,-3.064761947083537e-06,6.154034694173909e-05,0.014763328156745498,-1.3281979062667259e-06,-4.878161741029562e-06,2.2436819035392615e-05
3,204,249.0,0.9807692307692307,104.0,0.07291116995724135,-0.0005515529295663808,9.239269841517992e-05,0.9973382819000164,-5.022446207597091e-06,5.849149585614128e-05,0.014819420487242487,-1.2553517535198477e-06,-4.57683071182315e-06,7.210572119370046e-06
3,205,249.5,0.9855769230769231,104.0,0.06921568212959381,-0.0005658823100011631,9.424938509599899e-05,0.9976015538463703,-6.860610483378885e-06,5.563097666375338e-05,0.014837447358195133,-1.190366729511108e-06,-4.38294453617986e-06,-7.82956086324239e-06
3,206,250.0,0.9903846153846154,104.0,0.06551474701134033,-0.0005795218831868639,9.559939086780305e-05,0.9978514282870578,-8.59839477556113e-06,5.2891636331219236e-05,0.014817874028529273,-1.1320676834715959e-06,-4.2850084495003975e-06,-2.3454964544988384e-05
3,207,250.5,0.9951923076923077,104.0,0.06181779422815873,-0.0005924990612761254,9.646686886260341e-05,0.998087270709009,-1.0252951577748247e-05,5.021350605316342e-05,0.014759237299340028,-1.0695694389823094e-06,-4.290633683003968e-06,-4.0601986485297536e-05
3,208,251.0,1.0,104.0,0.05813462731787575,-0.0006048268746198376,9.687010672509846e-05,0.9983085644744755,-1.181520559787869e-05,4.7531860004876845e-05,0.014657733105379945,-1.0695694389823094e-06,-4.290633683003968e-06,-4.0601986485297536e-05
4,0,251.0,0.0,46.0,0.058134627318821054,-0.0006048268746753401,9.687010670211193e-05,0.9983085644745485,-1.1815205598446284e-05,4.7531860005858976e-05,0.014657733105367643,-9.617503349309713e-07,-4.446719863574507e-06,-6.401320312818671e-05
4,1,251.5,0.010869565217391304,46.0,0.05447600712420288,-0.0006165023975646967,9.682781061979759e-05,0.99851488481309,-1.3174517458878136e-05,4.47526600923447e-05,0.014497700939942737,-9.52355173449664e-07,-4.762226521319901e-06,-8.983282521116296e-05
4,2,252.0,0.021739130434782608,46.0,0.05085661157554298,-0.0006274983521151238,9.638239105552854e-05,0.9987057634818359,-1.4582189369062291e-05,4.1776268517827833e-05,0.01427311976130559,-9.409608760757957e-07,-5.415849165448931e-06,-0.00012736395657363895
4,3,252.5,0.03260869565217391,46.0,0.04729263033219627,-0.0006377663663847771,9.551118981066393e-05,0.99888086939567,-1.6040175033623682e-05,3.8391362790731286e-05,0.013954710783654577,-9.290047172990102e-07,-6.941867217557351e-06,-0.00019594650792694623
4,4,253.0,0.043478260869565216,46.0,0.04380757272101403,-0.0006472060034194026,9.418392372619955e-05,0.999039773393907,-1.7559076280334794e-05,3.405269578101251e-05,0.013464845437542507,-1.2330240132079246e-06,-1.6340739500379764e-05,-0.0005352293056382679
4,5,253.5,0.05434782608695652,46.0,0.04044434819680396,-0.0006555825822898592,9.234941340073452e-05,0.9991815732783649,-1.9953864885176298e-05,2.3839733594441453e-05,0.012126773070346918,-3.079163467292672e-07,-3.760997561051449e-05,-0.0013283260585117875
4,6,254.0,0.06521739130434782,46.0,0.03741495110388097,-0.0006614563963762405,8.959318067645299e-05,0.9992995926545551,-2.029000719291207e-05,3.3349883893845934e-07,0.008805958637609466,4.922352000044134e-07,-2.686961783821012e-05,-0.0010062049977376732
4,7,254.5,0.07608695652173914,46.0,0.03521491113331974,-0.0006615306587652056,8.598332644299698e-05,0.9993795400223202,-1.9055014027380673e-05,-1.646001230896961e-05,0.006290446153415548,5.062630614170936e-07,-1.45027943855345e-05,-0.0005723230370661264
4,8,255.0,0.08695652173913043,46.0,0.033643229643871904,-0.0006574499294120376,8.21178452649776e-05,0.999433686701022,-1.7944667605468042e-05,-2.5524258799039224e-05,0.0048596380902820825,4.2035648088708763e-07,-9.10387924639166e-06,-0.0003776984110180095
4,9,255.5,0.09782608695652174,46.0,0.032428981185830624,-0.0006511231582187287,7.82182219064885e-05,0.9994738271197104,-1.7079834393646428e-05,-3.1214183327210295e-05,0.003915391375701202,3.5407304216564636e-07,-6.391922356798124e-06,-0.0002782904786267383
4,10,256.0,0.10869565217391304,46.0,0.03145063083575066,-0.000643385314447565,7.433476270170977e-05,0.9995050967090403,-1.63779754045055e-05,-3.5209134799431655e-05,0.0032196643794354593,3.0990430161867263e-07,-4.784818334397895e-06,-0.00021828657395946065
4,11,256.5,0.11956521739130435,46.0,0.030646101014788023,-0.0006346561207936142,7.04833054297647e-05,0.9995300939611758,-1.5773257046157098e-05,-3.8199646257682186e-05,0.0026739470795560426,2.815132799606172e-07,-3.7266763987112302e-06,-0.0001779784108519002
4,12,257.0,0.13043478260869565,46.0,0.029977919742952195,-0.0006251842858213467,6.667342039736989e-05,0.9995503634259632,-1.5222689595068932e-05,-4.05288190061453e-05,0.002229000148627776,2.6353979664287216e-07,-2.9775738219998228e-06,-0.00014883622551058572
4,13,257.5,0.14130434782608695,46.0,0.029420913935473914,-0.0006151334727931609,6.291409059367612e-05,0.9995669199577097,-1.4699348218836034e-05,-4.238980264417272e-05,0.0018569086594155825,2.5228707283274563e-07,-2.4183042749775195e-06,-0.00012661344402189797
4,14,258.0,0.15217391304347827,46.0,0.02895688306959458,-0.0006046194564976612,5.9214613409652424e-05,0.9995804769251108,-1.4186701524150707e-05,-4.3901242815316606e-05,0.0015403741147078135,2.453029193775965e-07,-1.9833396807626e-06,-0.00010897233523096725
4,15,258.5,0.16304347826086957,46.0,0.028571947463006786,-0.0005937286032244815,5.5584445922684474e-05,0.9995915606951471,-1.3674880732759001e-05,-4.5140830115081415e-05,0.0012679423424102917,2.4096567077062034e-07,-1.633817484504245e-06,-9.452535435144117e-05
4,16,259.0,0.17391304347826086,46.0,0.028255088512478536,-0.0005825280355049042,5.203288242782218e-05,0.9996005741919951,-1.3158320510644207e-05,-4.616196604219231e-05,0.0010316280305890805,2.3819854212620665e-07,-1.3452941982075614e-06,-8.240021822080194e-05
4,17,259.5,0.18478260869565216,46.0,0.027997282265096502,-0.0005710716621588757,4.856877503214552e-05,0.9996078349543966,-1.263425712250469e-05,-4.7002774915379194e-05,0.0008256265739167058,2.362824299877386e-07,-1.101655669130518e-06,-7.202279651267213e-05
4,18,260.0,0.1956521739130435,46.0,0.027790954737148814,-0.0005594039709709025,4.520033394106289e-05,0.9996135992758444,-1.2101761157565147e-05,-4.76913097079091e-05,0.0006455686918678108,2.347372739758254e-07,-8.918713049630645e-07,-6.300169091244374e-05
4,19,260.5,0.20652173913043478,46.0,0.02762962340937595,-0.0005475625283115372,4.193499879905446e-05,0.9996180782305492,-1.1561099997261734e-05,-4.8248729272855574e-05,0.00048806359886389793,2.332439963845641e-07,-7.08153950717267e-07,-5.5062326711494924e-05
4,20,261.0,0.21739130434782608,46.0,0.027507652825837774,-0.0005355796893531782,3.8779365157171565e-05,0.9996214486919424,-1.1013312678979018e-05,-4.8691325491424556e-05,0.00035040694537299635,2.315937724376045e-07,-5.4486830086599e-07,-4.800790495458454e-05
4,21,261.5,0.22826086956521738,46.0,0.02742008314094221,-0.0005234838045645734,3.5739150831998724e-05,0.9996238611229866,-1.0459920915837321e-05,-4.903186817886716e-05,0.00023038637860771507,2.296533413918022e-07,-3.9785547550503973e-07,-4.1694972965688036e-05
4,22,262.0,0.2391304347826087,46.0,0.027362507231972207,-0.0005113000920085009,3.281919057109621e-05,0.9996254452001595,-9.90273197418221e-06,-4.928052785049378e-05,0.00012614817688962705,2.2734173145643858e-07,-2.640007480586702e-07,-3.6017734167228324e-05
4,23,262.5,0.25,46.0,0.02733098112257642,-0.0004990512803650539,3.0023450054315023e-05,0.9996263139372946,-9.343702618663348e-06,-4.9445528317504286e-05,3.6103109454055374e-05,2.246141026775328e-07,-1.4094824062425825e-07,-3.0897560858075354e-05
4,24,263.0,0.2608695652173913,46.0,0.027321957919796688,-0.00048675808983250694,2.7355052945828177e-05,0.9996265667399583,-8.784845067956456e-06,-4.953362096740869e-05,-4.1141485697352784e-05,2.2145044588116984e-07,-2.6906979867107917e-08,-2.627571259002089e-05
4,25,263.5,0.2717391304347826,46.0,0.027332238716066572,-0.0004744395952270609,2.4816316469180242e-05,0.9996262916793768,-8.228162123121426e-06,-4.955043782938211e-05,-0.0001068314198899721,2.178476612863522e-07,7.948470873282097e-08,-2.2108125958555973e-05
4,26,264.0,0.2826086956521739,46.0,0.027358935909251966,-0.00046211350140759264,2.2408792317458312e-05,0.9996255671868304,-7.675602654467119e-06,-4.9500759886023934e-05,-0.00016210234634973976,2.138139552108253e-07,1.7925665895527093e-07,-1.8361439000609068e-05
4,27,264.5,0.29347826086956524,46.0,0.027399445687239378,-0.00044979635208763067,2.0133310701720142e-05,0.9996244633124435,-7.1290314824604305e-06,-4.938872447382061e-05,-0.0002080065137733671,2.0936511415934737e-07,2.73178980667973e-07,-1.5010023488961722e-05
4,28,265.0,0.30434782608695654,46.0,0.027451427194449998,-0.0004375036871703256,1.7990026062282824e-05,0.999623042656922,-6.590208932471569e-06,-4.9217987610590707e-05,-0.0002455321006363208,2.0452207270545966e-07,3.6181838718768436e-07,-1.20336196718288e-05
4,29,265.5,0.31521739130434784,46.0,0.027512786527047067,-0.0004252501598061597,1.5978463567333668e-05,0.9996213610579572,-6.06077685688296e-06,-4.8991851118329324e-05,-0.00027561663635104907,1.993093540168416e-07,4.455825104747897e-07,-9.415367231392099e-06
4,30,266.0,0.32608695652173914,46.0,0.02758166407978264,-0.0004130496219223659,1.409756595200017e-05,0.999619468096113,-5.54224901802573e-06,-4.871336204905594e-05,-0.0002991554998224999,1.9375414809835501e-07,5.247568059256925e-07,-7.140137314977291e-06
4,31,266.5,0.33695652173913043,46.0,0.027656424014831232,-0.0004009151851094787,1.2345740509785789e-05,0.999617407473603,-5.036004342527657e-06,-4.8385389045166964e-05,-0.00031700624808230117,1.8788588580202786e-07,5.995351769045468e-07,-5.193211464174715e-06
4,32,267.0,0.34782608695652173,46.0,0.027735644810958977,-0.00038885926260299016,1.0720906220214782e-05,0.9996152173108582,-4.5432819220632e-06,-4.8010679559455965e-05,-0.00032998964224629324,1.81735966141162e-07,6.700465056988681e-07,-3.559150964892607e-06
4,33,267.5,0.358695652173913,46.0,0.027818110068034203,-0.0003768935971250128,9.22054108943256e-06,0.9996129303972902,-4.065177466257857e-06,-4.7591900493286646e-05,-0.0003388878468476409,1.7533766267669745e-07,7.363767125024045e-07,-2.221049269593651e-06
4,34,268.0,0.3695652173913043,46.0,0.027902798860798498,-0.00036502927871943295,7.841729732445452e-06,0.9996105744273222,-3.602640834542941e-06,-4.7131665047901494e-05,-0.00034444076022596904,1.6872591085369602e-07,7.985871026372316e-07,-1.159976898691846e-06
4,35,268.5,0.3804347826086957,46.0,0.02798887517509986,-0.00035327675602087635,6.581211163546218e-06,0.9996081722443773,-3.1564749576039966e-06,-4.663254810871664e-05,-0.00034734095717047484,1.619368769237415e-07,8.567283956607305e-07,-3.545431923381559e-07
4,36,269.0,0.391304347826087,46.0,0.028075676080001413,-0.0003416458438236879,5.435426595216221e-06,0.9996057421105335,-2.7273366744564393e-06,-4.609709286142484e-05,-0.0003482275359431312,1.5500742200707506e-07,9.1085140591168e-07,2.1917544778682924e-07
4,37,269.5,0.40217391304347827,46.0,0.02816269836214468,-0.00033014572914774246,4.4005668502246e-06,0.999603298016046,-2.3157397038515487e-06,-4.552781073275713e-05,-0.00034767978590722644,1.4797443092716427e-07,9.610136114060472e-07,5.876075219252508e-07
4,38,270.0,0.41304347826086957,46.0,0.028249583577677782,-0.0003187849774774709,3.4726188323816753e-06,0.9996008500351332,-1.922059977305605e-06,-4.49271772256846e-05,-0.00034621092524839315,1.408738279367175e-07,1.0072827176679962e-06,7.795553851641949e-07
4,39,270.5,0.42391304347826086,46.0,0.028336101539372275,-0.00030757154020853863,2.647410408773716e-06,0.999598404731378,-1.546543988074049e-06,-4.429762552722579e-05,-0.0003442621663147328,1.3373982170151122e-07,1.0497376552146523e-06,8.259066839184678e-07
4,40,271.0,0.43478260869565216,46.0,0.02842213232087878,-0.00029651276387039264,1.9206528661942094e-06,0.9995959656131491,-1.1893194390345986e-06,-4.364153949282609e-05,-0.0003421975023674452,1.2660399520333444e-07,1.0884675229202572e-06,7.593125979576073e-07
4,41,271.5,0.44565217391304346,46.0,0.0285076469584549,-0.00028561540128560335,1.287980253834223e-06,0.9995935336357291,-8.504084123094573e-07,-4.296124729113455e-05,-0.00034029929872832736,1.1949472344328583e-07,1.123569430583914e-06,6.137565958196439e-07
4,42,272.0,0.45652173913043476,46.0,0.02859268705121647,-0.0002748856245061145,7.449848704710533e-07,0.9995911077454853,-5.297420802166472e-07,-4.225901639717584e-05,-0.0003387649620408748,1.1243670548248109e-07,1.1551460681979768e-06,4.242006565881519e-07
4,43,272.5,0.4673913043478261,46.0,0.028677343529349728,-0.00026432903918656675,2.872483933389919e-07,0.9995886854589346,-2.271765053856764e-07,-4.153705010472943e-05,-0.0003377044939791664,1.0545088202423822e-07,1.1833035531642215e-06,2.2628861755283946e-07
4,44,273.0,0.4782608695652174,46.0,0.028761734811314898,-0.00025395070000810673,-8.963170823503408e-08,0.9995862634705666,5.7491572401845895e-08,-4.079748538419871e-05,-0.0003371387865898435,9.855459318322493e-08,1.2081501967496836e-06,5.591236187525102e-08
4,45,273.5,0.4891304347826087,46.0,0.028845984535378,-0.0002437551268014506,-3.9002052816924513e-07,0.9995838382841471,3.245096774340079e-07,-4.004239151144516e-05,-0.0003369990021670852,9.176202774736912e-08,1.229796606525315e-06,-5.118777548665486e-08
4,46,274.0,0.5,46.0,0.02893019913649556,-0.00023374632115662048,-6.18228725442937e-07,0.9995814068597012,5.741561157747842e-07,-3.9273768632598394e-05,-0.0003371269521147821,8.50849884297862e-08,1.2483573118421255e-06,-5.9808851647055e-08
4,47,274.5,0.5108695652173914,46.0,0.02901444551819795,-0.0002239277835097202,-7.78499808007418e-07,0.9995789672689488,8.067289557219056e-07,-3.8493545312943624e-05,-0.00033727644042017934,7.853364783842133e-08,1.2639538893688602e-06,6.429650207706294e-08
4,48,275.0,0.5217391304347826,46.0,0.029098729060525387,-0.00021430253092931295,-8.750010875736045e-07,0.9995765193521648,1.0225375242284737e-06,-3.770357413234803e-05,-0.00033711565258438483,7.21173683879741e-08,1.2767192538201168e-06,3.5415069593532264e-07
4,49,275.5,0.532608695652174,46.0,0.029182972225269953,-0.0002048731160597979,-9.118176632302441e-07,0.999574065368726,1.2218966426932126e-06,-3.69056245989821e-05,-0.0003362302180147428,6.584533841960849e-08,1.286803085252376e-06,8.41042715622589e-07
4,50,276.0,0.5434782608695652,46.0,0.02926699392680962,-0.00019564164786080724,-8.929486964613314e-07,0.9995716106360485,1.4051231680469367e-06,-3.610137267098095e-05,-0.0003341275435835616,5.972694345464416e-08,1.2943775626651644e-06,1.5542614825717037e-06
4,51,276.5,0.5543478260869565,46.0,0.029350489986170226,-0.000186609814963563,-8.223053637496538e-07,0.9995691641468332,1.5725342211368984e-06,-3.529238669460491e-05,-0.0003302418137869687,5.377168404210014e-08,1.299642935144091e-06,2.520835316163133e-06
4,52,277.0,0.5652173913043478,46.0,0.029433014834852857,-0.0001777789125191668,-7.037099815491489e-07,0.9995667391582405,1.7244459639321734e-06,-3.448010986043578e-05,-0.0003239396422489643,4.7988584118462276e-08,1.3028324174394869e-06,3.7654078949706185e-06
4,53,277.5,0.5760869565217391,46.0,0.02951396463112513,-0.00016914987339850746,-5.408960762576436e-07,0.9995643537458407,1.8611716359054985e-06,-3.3665839599836294e-05,-0.00031452603332302097,4.2385026020460326e-08,1.3042156271575259e-06,5.310193016161213e-06
4,54,278.0,0.5869565217391305,46.0,0.02959256186616435,-0.00016072330450937362,-3.375094771918758e-07,0.999562031316555,1.983017375436362e-06,-3.285070483316533e-05,-0.00030125045679585,3.6965003691082785e-08,1.3041007094350358e-06,7.175323555457073e-06
4,55,278.5,0.5978260869565217,46.0,0.029667841488171635,-0.00015249952878140324,-9.71108775033321e-08,0.9995598010749062,2.0902743194177717e-06,-3.203564189007125e-05,-0.00028331205019199577,3.17268300677094e-08,1.302834765221612e-06,9.379343512761082e-06
4,56,279.0,0.6086956521739131,46.0,0.029738638326260256,-0.0001444786331776098,1.7681934407340498e-07,0.9995576984426637,2.1832055196599415e-06,-3.122137016210898e-05,-0.00025986359096521306,2.666044709558014e-08,1.3008029137712277e-06,1.1939884225244641e-05
4,57,279.5,0.6195652173913043,46.0,0.02980357550648061,-0.00013666052283862277,4.80872872236479e-07,0.9995557654329815,2.262026583445053e-06,-3.0408368341299787e-05,-0.00023001377815810986,2.1744363521119874e-08,1.2984267165586242e-06,1.4874789335859406e-05
4,58,280.0,0.6304347826086957,46.0,0.02986105343723302,-0.00012904498126163922,8.117003236471252e-07,0.9995540509817253,2.326879007781079e-06,-2.9596851643743397e-05,-0.0001928267016416331,1.694235129390192e-08,1.2961625225421703e-06,1.8203442080110866e-05
4,59,280.5,0.6413043478260869,46.0,0.029909238660908444,-0.00012163173632424798,1.1659915357429877e-06,0.9995526112450115,2.3777954809366266e-06,-2.8786750067440784e-05,-0.00014731799313886062,1.219998890190913e-08,1.2945011728016947e-06,2.1948529927283174e-05
4,60,281.0,0.6521739130434783,46.0,0.029946051742134758,-0.00011442053195551068,1.540447375111728e-06,0.9995515098734385,2.4146566625635196e-06,-2.797768683471832e-05,-9.244656564705344e-05,7.440934579727026e-09,1.2939698086041981e-06,2.6138078993093428e-05
4,61,281.5,0.6630434782608695,46.0,0.02996915308969853,-0.00010741120547023111,1.931741042120931e-06,0.999550818278811,2.4371386606055748e-06,-2.7168955704610887e-05,-2.710126682942585e-05,2.5629936144589632e-09,1.2951374749029772e-06,3.0808038556740016e-05
4,62,282.0,0.6739130434782609,46.0,0.029975925440577766,-0.00010060377091256268,2.336466634321635e-06,0.9995506159105024,2.4446506143176203e-06,-2.6359494783058013e-05,4.991892888436656e-05,-2.566302758796686e-09,1.2986265166133817e-06,3.600560330830593e-05
4,63,282.5,0.6847826086956522,46.0,0.029963451390724163,-9.399850934577036e-05,2.7510725860616823e-06,0.9995509905638316,2.4362611008012404e-06,-2.5547853210427685e-05,0.00013993303381498233,-8.11481748229445e-09,1.3051304843254396e-06,4.17932088778137e-05
4,64,283.0,0.6956521739130435,46.0,0.029928483896174043,-8.75960679296213e-05,3.171777292462288e-06,0.9995520387494702,2.4106115741835403e-06,-2.473214665796974e-05,0.00024441614937164343,-1.429194411814317e-08,1.3154438849531495e-06,4.825426130289226e-05
4,65,283.5,0.7065217391304348,46.0,0.029867407247192286,-8.139757064380239e-05,3.5944637738659424e-06,0.9995538661550615,2.365814309809159e-06,-2.390999423011347e-05,0.0003650518920585877,-2.1356258860003922e-08,1.330504211679067e-06,5.5500486220493935e-05
4,66,284.0,0.717391304347826,46.0,0.029776184934547967,-7.540474536508501e-05,4.014549667489294e-06,0.9995565882472306,2.299331079708492e-06,-2.307842909804982e-05,0.0005038031924601002,-2.9624930256417384e-08,1.351455596577997e-06,6.368264790807607e-05
4,67,284.5,0.7282608695652174,46.0,0.029650289814581857,-6.962007392602311e-05,4.426827909650462e-06,0.9995603310691457,2.2078282746809206e-06,-2.223376935042375e-05,0.0006630098918281377,-3.94852607686204e-08,1.3797411643827716e-06,7.300588089605857e-05
4,68,285.0,0.7391304347826086,46.0,0.02948460987365987,-6.404697515388996e-05,4.8252725079821945e-06,0.9995652323160347,2.0870033092394123e-06,-2.1371431122922988e-05,0.0008455246677012827,-5.140771095578357e-08,1.4172382393518514e-06,8.375232984583097e-05
4,69,285.5,0.75,46.0,0.02927332000971839,-5.869003535643137e-05,5.202802628042134e-06,0.999571442801232,1.931378923549735e-06,-2.0485657223574423e-05,0.001054905559219774,-6.595833547576344e-08,1.4664553083912364e-06,9.631494679058834e-05
4,70,286.0,0.7608695652173914,46.0,0.0290097056808956,-5.35553073635276e-05,5.5509975543888695e-06,0.9995791284721036,1.734067434323226e-06,-1.9569122656089253e-05,0.0012956929855452008,-8.38022225417161e-08,1.5308133152358292e-06,0.00011124796221440357
4,71,286.5,0.7717391304347826,46.0,0.028685917297633493,-4.86507087596372e-05,5.859755842956795e-06,0.9995884731964961,1.4865285155272188e-06,-1.861236433434469e-05,0.001573812941983148,-1.0567479015023971e-07,1.615015096046619e-06,0.00012933935480021044
4,72,287.0,0.782608695652174,46.0,0.028292623812601166,-4.398656280515849e-05,6.116898161288386e-06,0.9995996826056484,1.1784029703419732e-06,-1.7602979899617274e-05,0.0018971613704861247,-1.3225185257449489e-07,1.7254021166268936e-06,0.0001517010775251704
4,73,287.5,0.7934782608695652,46.0,0.027818520210663222,-3.9576338574814034e-05,6.307734046998734e-06,0.999612989274837,7.976797986944156e-07,-1.6524603577055943e-05,0.002276414095414954,-1.6371654210803716e-07,1.8696813160870348e-06,0.00017981108983159625
4,74,288.0,0.8043478260869565,46.0,0.027249632494082576,-3.543764301237269e-05,6.414676311902134e-06,0.9996286591688619,3.3196318266304613e-07,-1.535605275486443e-05,0.002725941839766813,-1.984186946562276e-07,2.0533179636773463e-06,0.00021516256815516264
4,75,288.5,0.8152173913043478,46.0,0.026568393848245834,-3.159341452954355e-05,6.417173329979135e-06,0.999646997398976,-2.2687311403037686e-07,-1.4072729027963045e-05,0.003263848267802085,-2.289406429073954e-07,2.2617998715498232e-06,0.00025699952348340343
4,76,289.0,0.8260869565217391,46.0,0.02575271108259178,-2.8072734841892778e-05,6.2927795164544145e-06,0.9996683435240018,-8.681215996960911e-07,-1.2659104108674329e-05,0.003906347071722429,-2.3283686025969078e-07,2.397934807201253e-06,0.0002932433671411897
4,77,289.5,0.8369565217391305,46.0,0.024776436092027194,-2.4908439242948074e-05,6.02173202739888e-06,0.9996930166594662,-1.5243900317482828e-06,-1.116039485463196e-05,0.0046394554730918415,-1.7065323653169142e-07,2.2046431641637953e-06,0.00028593248500881916
4,78,290.0,0.8478260869565217,46.0,0.02361691188148407,-2.2121638772705466e-05,5.600509242558233e-06,0.9997210815783983,-2.0286903555656016e-06,-9.78249287750845e-06,0.0053542866600955,-5.609803394936332e-08,1.6722791346539645e-06,0.00022348818044111258
4,79,290.5,0.8586956521739131,46.0,0.02227869280989826,-1.9681159764741055e-05,5.065326582738719e-06,0.999751798914873,-2.2475028471136705e-06,-8.737318418837798e-06,0.005913007081430406,2.924633110441311e-08,1.2331633535675553e-06,0.00016410373149666548
4,80,291.0,0.8695652173913043,46.0,0.02080078413664061,-1.7502381630504568e-05,4.4840147079584236e-06,0.999783640120563,-2.2518827578743057e-06,-7.966591323342025e-06,0.006323266380716684,7.356119120509568e-08,9.50993044602905e-07,0.00012168702710339078
4,81,291.5,0.8804347826086957,46.0,0.019220284230990398,-1.551576549372104e-05,3.907400683165161e-06,0.9998152731469693,-2.1435420984816e-06,-7.37222067093146e-06,0.006627483921565493,9.2856900538077e-08,7.676313863521893e-07,9.067347431302129e-05
4,82,292.0,0.8913043478260869,46.0,0.017563693691475625,-1.3676856139396206e-05,3.361892621407875e-06,0.9998457463356242,-1.9846887580736918e-06,-6.8924510548977865e-06,0.0068541675836438975,9.835811533858561e-08,6.433898262467902e-07,6.646284534277068e-05
4,83,292.5,0.9021739130434783,46.0,0.015850391165290762,-1.1956943800391745e-05,2.8589639281081814e-06,0.9998743745834596,-1.80965649160844e-06,-6.490332413890683e-06,0.007020324676481432,9.635080281152911e-08,5.562785758228415e-07,4.627001011919415e-05
4,84,293.0,0.9130434782608695,46.0,0.014095506964948056,-1.033670017136616e-05,2.4018693099393314e-06,0.9999006533504691,-1.637125845778445e-06,-6.1426583043530594e-06,0.00713599968416103,9.031603031563288e-08,4.940565111623156e-07,2.8345128687001045e-05
4,85,293.5,0.9239130434782609,46.0,0.01231166279154666,-8.802656612486793e-06,1.98941961574188e-06,0.9999242085667208,-1.4770867815630391e-06,-5.833872985180471e-06,0.0072068624907934975,8.225154447680722e-08,4.4981648525641455e-07,1.14335916181359e-05
4,86,294.0,0.9347826086956522,46.0,0.010510064713256566,-7.345247382709637e-06,1.618076602142066e-06,0.9999447677162385,-1.3345238009556315e-06,-5.552737682153608e-06,0.007235446456912491,7.339420524778396e-08,4.1990310345468514e-07,-5.578673641129294e-06
4,87,294.5,0.9456521739130435,46.0,0.008701286797017215,-5.957707978705603e-06,1.283158249007546e-06,0.9999621430688637,-1.2113030921153688e-06,-5.290298242715742e-06,0.0072214997616936154,6.465166097654536e-08,4.0320894021250753e-07,-2.4011500210351365e-05
4,88,295.0,0.9565217391304348,46.0,0.006895967001626248,-4.635492887651874e-06,9.795898151687797e-07,0.9999762225256228,-1.1069797709202401e-06,-5.038292655284316e-06,0.007161471001554861,5.6963605224076084e-08,4.0186518583702863e-07,-4.601759553938989e-05
4,89,295.5,0.967391304347826,46.0,0.005105631724984615,-3.3760975164285487e-06,7.024632968412822e-07,0.9999869661714375,-1.018693137981002e-06,-4.78712691434875e-06,0.007046427004339867,5.189910196101507e-08,4.2564552310887403e-07,-7.651422558170174e-05
4,90,296.0,0.9782608695652174,46.0,0.0033440409228174643,-2.179389573983035e-06,4.476294059999613e-07,0.9999944086770308,-9.395435936220737e-07,-4.521098462683979e-06,0.00685514143307014,5.4093582739352005e-08,5.192779870500377e-07,-0.00013363769626223963
4,91,296.5,0.9891304347826086,46.0,0.0016302610746020238,-1.0491369616394967e-06,2.1269960214141107e-07,0.9999986711229476,-8.50798790869931e-07,-4.196549721216655e-06,0.0065210471860418185,3.567390556289236e-07,6.714479556387653e-06,-0.002608418872269291
4,92,297.0,1.0,46.0,1.1513193330888353e-13,1.966579288385137e-15,-6.823098931914215e-16,0.9999999999999946,3.8150397545383455e-17,7.603284810450993e-16,6.4727746354619944e-15,3.567390556289236e-07,6.714479556387653e-06,-0.002608418872269291
