time,u0,u1,u2,phase
0,-0.0037332,-8.9318e-05,0.000582887,1
0.5,-0.00204521,-8.88012e-05,0.000209201,1
1,-0.00118131,-8.91424e-05,0.000173772,1
1.5,-0.000738118,-8.95224e-05,0.000165371,1
2,-0.000509542,-8.96428e-05,0.000159258,1
2.5,-0.00039043,-8.95518e-05,0.000153447,1
3,-0.000327153,-8.93342e-05,0.00014777,1
3.5,-0.00029236,-8.90545e-05,0.000142207,1
4,-0.000272102,-8.8754e-05,0.000136752,1
4.5,-0.000259267,-8.84566e-05,0.000131402,1
5,-0.000250226,-8.81757e-05,0.000126155,1
5.5,-0.000243132,-8.79187e-05,0.000121008,1
6,-0.000237042,-8.76892e-05,0.000115959,1
6.5,-0.000231474,-8.7489e-05,0.000111008,1
7,-0.000226184,-8.73189e-05,0.000106152,1
7.5,-0.000221048,-8.71791e-05,0.00010139,1
8,-0.000216003,-8.70694e-05,9.67201e-05,1
8.5,-0.000211017,-8.69894e-05,9.21421e-05,1
9,-0.000206075,-8.69387e-05,8.76542e-05,1
9.5,-0.000201167,-8.69167e-05,8.32553e-05,1
10,-0.000196292,-8.69228e-05,7.89444e-05,1
10.5,-0.000191447,-8.69564e-05,7.47202e-05,1
11,-0.000186633,-8.70167e-05,7.05818e-05,1
11.5,-0.000181849,-8.71031e-05,6.65283e-05,1
12,-0.000177096,-8.72147e-05,6.25587e-05,1
12.5,-0.000172375,-8.73507e-05,5.8672e-05,1
13,-0.000167687,-8.75104e-05,5.48674e-05,1
13.5,-0.000163031,-8.76928e-05,5.11441e-05,1
14,-0.00015841,-8.7897e-05,4.75013e-05,1
14.5,-0.000153824,-8.81222e-05,4.39381e-05,1
15,-0.000149273,-8.83675e-05,4.04538e-05,1
15.5,-0.000144758,-8.86317e-05,3.70477e-05,1
16,-0.000140281,-8.89141e-05,3.37189e-05,1
16.5,-0.000135841,-8.92136e-05,3.04669e-05,1
17,-0.000131439,-8.95291e-05,2.72909e-05,1
17.5,-0.000127077,-8.98597e-05,2.41901e-05,1
18,-0.000122754,-9.02044e-05,2.11639e-05,1
18.5,-0.000118472,-9.05621e-05,1.82116e-05,1
19,-0.00011423,-9.09316e-05,1.53324e-05,1
19.5,-0.00011003,-9.13121e-05,1.25258e-05,1
20,-0.000105872,-9.17024e-05,9.79102e-06,1
20.5,-0.000101755,-9.21015e-05,7.12732e-06,1
21,-9.76821e-05,-9.25082e-05,4.53402e-06,1
21.5,-9.3652e-05,-9.29216e-05,2.01041e-06,1
22,-8.96653e-05,-9.33405e-05,-4.44225e-07,1
22.5,-8.57225e-05,-9.37639e-05,-2.83062e-06,1
23,-8.18239e-05,-9.41907e-05,-5.14952e-06,1
23.5,-7.79696e-05,-9.462e-05,-7.40167e-06,1
24,-7.41599e-05,-9.50505e-05,-9.58785e-06,1
24.5,-7.03951e-05,-9.54814e-05,-1.17088e-05,1
25,-6.66751e-05,-9.59116e-05,-1.37654e-05,1
25.5,-6.30002e-05,-9.63401e-05,-1.57584e-05,1
26,-5.93704e-05,-9.6766e-05,-1.76886e-05,1
26.5,-5.57857e-05,-9.71881e-05,-1.9557e-05,1
27,-5.22462e-05,-9.76056e-05,-2.13642e-05,1
27.5,-4.87518e-05,-9.80176e-05,-2.31113e-05,1
28,-4.53024e-05,-9.8423e-05,-2.47991e-05,1
28.5,-4.18981e-05,-9.88212e-05,-2.64285e-05,1
29,-3.85385e-05,-9.9211e-05,-2.80004e-05,1
29.5,-3.52237e-05,-9.95918e-05,-2.95158e-05,1
30,-3.19534e-05,-9.99627e-05,-3.09757e-05,1
30.5,-2.87274e-05,-0.000100323,-3.23809e-05,1
31,-2.55454e-05,-0.000100671,-3.37325e-05,1
31.5,-2.24073e-05,-0.000101008,-3.50315e-05,1
32,-1.93127e-05,-0.000101331,-3.62789e-05,1
32.5,-1.62613e-05,-0.000101641,-3.74756e-05,1
33,-1.32529e-05,-0.000101937,-3.86228e-05,1
33.5,-1.0287e-05,-0.000102218,-3.97214e-05,1
34,-7.36341e-06,-0.000102483,-4.07725e-05,1
34.5,-4.48165e-06,-0.000102732,-4.17772e-05,1
35,-1.64137e-06,-0.000102965,-4.27365e-05,1
35.5,1.15781e-06,-0.00010318,-4.36514e-05,1
36,3.9163e-06,-0.000103378,-4.4523e-05,1
36.5,6.63452e-06,-0.000103558,-4.53524e-05,1
37,9.31287e-06,-0.00010372,-4.61407e-05,1
37.5,1.19518e-05,-0.000103863,-4.68888e-05,1
38,1.45517e-05,-0.000103987,-4.75979e-05,1
38.5,1.7113e-05,-0.000104092,-4.8269e-05,1
39,1.96361e-05,-0.000104177,-4.89032e-05,1
39.5,2.21215e-05,-0.000104242,-4.95015e-05,1
40,2.45696e-05,-0.000104287,-5.00649e-05,1
40.5,2.69808e-05,-0.000104312,-5.05945e-05,1
41,2.93555e-05,-0.000104316,-5.10912e-05,1
41.5,3.16941e-05,-0.0001043,-5.15561e-05,1
42,3.39971e-05,-0.000104264,-5.19902e-05,1
42.5,3.62648e-05,-0.000104207,-5.23944e-05,1
43,3.84976e-05,-0.000104129,-5.27696e-05,1
43.5,4.06958e-05,-0.000104031,-5.31169e-05,1
44,4.286e-05,-0.000103912,-5.34371e-05,1
44.5,4.49903e-05,-0.000103773,-5.37312e-05,1
45,4.70871e-05,-0.000103613,-5.39999e-05,1
45.5,4.91508e-05,-0.000103433,-5.42442e-05,1
46,5.11816e-05,-0.000103233,-5.4465e-05,1
46.5,5.31799e-05,-0.000103013,-5.46629e-05,1
47,5.51459e-05,-0.000102774,-5.48389e-05,1
47.5,5.70799e-05,-0.000102514,-5.49937e-05,1
48,5.89821e-05,-0.000102236,-5.51279e-05,1
48.5,6.08528e-05,-0.000101938,-5.52424e-05,1
49,6.26921e-05,-0.000101622,-5.53379e-05,1
49.5,6.45003e-05,-0.000101288,-5.54149e-05,1
50,6.62775e-05,-0.000100935,-5.54742e-05,1
50.5,6.8024e-05,-0.000100564,-5.55163e-05,1
51,6.97398e-05,-0.000100176,-5.55418e-05,1
51.5,7.1425e-05,-9.97707e-05,-5.55513e-05,1
52,7.30798e-05,-9.93488e-05,-5.55453e-05,1
52.5,7.47043e-05,-9.89105e-05,-5.55244e-05,1
53,7.62986e-05,-9.84563e-05,-5.5489e-05,1
53.5,7.78627e-05,-9.79865e-05,-5.54395e-05,1
54,7.93967e-05,-9.75016e-05,-5.53765e-05,1
54.5,8.09006e-05,-9.70021e-05,-5.53002e-05,1
55,8.23744e-05,-9.64882e-05,-5.52111e-05,1
55.5,8.38182e-05,-9.59606e-05,-5.51096e-05,1
56,8.52319e-05,-9.54196e-05,-5.49959e-05,1
56.5,8.66155e-05,-9.48657e-05,-5.48704e-05,1
57,8.79691e-05,-9.42993e-05,-5.47333e-05,1
57.5,8.92925e-05,-9.37209e-05,-5.4585e-05,1
58,9.05857e-05,-9.3131e-05,-5.44257e-05,1
58.5,9.18488e-05,-9.253e-05,-5.42555e-05,1
59,9.30815e-05,-9.19184e-05,-5.40748e-05,1
59.5,9.42839e-05,-9.12966e-05,-5.38837e-05,1
60,9.54559e-05,-9.06651e-05,-5.36823e-05,1
60.5,9.65974e-05,-9.00244e-05,-5.34709e-05,1
61,9.77083e-05,-8.93749e-05,-5.32495e-05,1
61.5,9.87885e-05,-8.87171e-05,-5.30183e-05,1
62,9.9838e-05,-8.80514e-05,-5.27774e-05,1
62.5,0.000100857,-8.73782e-05,-5.25268e-05,1
63,0.000101844,-8.66981e-05,-5.22668e-05,1
63.5,0.000102801,-8.60114e-05,-5.19973e-05,1
64,0.000103727,-8.53185e-05,-5.17185e-05,1
64.5,0.000104621,-8.462e-05,-5.14303e-05,1
65,0.000105484,-8.39161e-05,-5.11329e-05,1
65.5,0.000106316,-8.32074e-05,-5.08263e-05,1
66,0.000107117,-8.24941e-05,-5.05105e-05,1
66.5,0.000107886,-8.17767e-05,-5.01855e-05,1
67,0.000108623,-8.10556e-05,-4.98515e-05,1
67.5,0.000109329,-8.03311e-05,-4.95084e-05,1
68,0.000110003,-7.96037e-05,-4.91562e-05,1
68.5,0.000110646,-7.88735e-05,-4.8795e-05,1
69,0.000111256,-7.81411e-05,-4.84248e-05,1
69.5,0.000111835,-7.74066e-05,-4.80457e-05,1
70,0.000112383,-7.66705e-05,-4.76576e-05,1
70.5,0.000112898,-7.59331e-05,-4.72607e-05,1
71,0.000113382,-7.51945e-05,-4.68549e-05,1
71.5,0.000113834,-7.44552e-05,-4.64402e-05,1
72,0.000114255,-7.37154e-05,-4.60168e-05,1
72.5,0.000114644,-7.29754e-05,-4.55846e-05,1
73,0.000115001,-7.22354e-05,-4.51438e-05,1
73.5,0.000115327,-7.14957e-05,-4.46944e-05,1
74,0.000115622,-7.07565e-05,-4.42365e-05,1
74.5,0.000115885,-7.0018e-05,-4.377e-05,1
75,0.000116117,-6.92804e-05,-4.32952e-05,1
75.5,0.000116318,-6.8544e-05,-4.28121e-05,1
76,0.000116487,-6.78089e-05,-4.23209e-05,1
76.5,0.000116627,-6.70753e-05,-4.18215e-05,1
77,0.000116735,-6.63434e-05,-4.13142e-05,1
77.5,0.000116813,-6.56133e-05,-4.0799e-05,1
78,0.000116861,-6.48852e-05,-4.02762e-05,1
78.5,0.000116879,-6.41593e-05,-3.97458e-05,1
79,0.000116867,-6.34355e-05,-3.92079e-05,1
79.5,0.000116825,-6.27142e-05,-3.86629e-05,1
80,0.000116754,-6.19954e-05,-3.81108e-05,1
80.5,0.000116654,-6.12791e-05,-3.75518e-05,1
81,0.000116526,-6.05656e-05,-3.69861e-05,1
81.5,0.000116368,-5.98548e-05,-3.64139e-05,1
82,0.000116183,-5.91469e-05,-3.58354e-05,1
82.5,0.000115969,-5.84419e-05,-3.52509e-05,1
83,0.000115728,-5.77399e-05,-3.46606e-05,1
83.5,0.00011546,-5.7041e-05,-3.40646e-05,1
84,0.000115164,-5.63452e-05,-3.34634e-05,1
84.5,0.000114842,-5.56525e-05,-3.2857e-05,1
85,0.000114494,-5.49631e-05,-3.22458e-05,1
85.5,0.00011412,-5.42768e-05,-3.16301e-05,1
86,0.000113721,-5.35938e-05,-3.101e-05,1
86.5,0.000113296,-5.29141e-05,-3.0386e-05,1
87,0.000112847,-5.22377e-05,-2.97583e-05,1
87.5,0.000112374,-5.15645e-05,-2.91272e-05,1
88,0.000111876,-5.08947e-05,-2.8493e-05,1
88.5,0.000111356,-5.02282e-05,-2.7856e-05,1
89,0.000110812,-4.95651e-05,-2.72166e-05,1
89.5,0.000110246,-4.89052e-05,-2.6575e-05,1
90,0.000109657,-4.82487e-05,-2.59316e-05,1
90.5,0.000109047,-4.75955e-05,-2.52867e-05,1
91,0.000108416,-4.69456e-05,-2.46406e-05,1
91.5,0.000107764,-4.62989e-05,-2.39938e-05,1
92,0.000107091,-4.56556e-05,-2.33464e-05,1
92.5,0.000106399,-4.50155e-05,-2.2699e-05,1
93,0.000105688,-4.43786e-05,-2.20517e-05,1
93.5,0.000104957,-4.37449e-05,-2.1405e-05,1
94,0.000104208,-4.31144e-05,-2.07592e-05,1
94.5,0.000103442,-4.24871e-05,-2.01147e-05,1
95,0.000102657,-4.1863e-05,-1.94718e-05,1
95.5,0.000101856,-4.12419e-05,-1.88308e-05,1
96,0.000101038,-4.0624e-05,-1.81922e-05,1
96.5,0.000100205,-4.00091e-05,-1.75562e-05,1
97,9.93553e-05,-3.93972e-05,-1.69232e-05,1
97.5,9.8491e-05,-3.87884e-05,-1.62936e-05,1
98,9.76122e-05,-3.81826e-05,-1.56677e-05,1
98.5,9.67192e-05,-3.75797e-05,-1.50458e-05,1
99,9.58127e-05,-3.69798e-05,-1.44283e-05,1
99.5,9.48931e-05,-3.63828e-05,-1.38155e-05,1
100,9.39608e-05,-3.57887e-05,-1.32077e-05,1
100.5,9.30164e-05,-3.51975e-05,-1.26053e-05,1
101,9.20603e-05,-3.46091e-05,-1.20086e-05,1
101.5,9.10931e-05,-3.40236e-05,-1.14179e-05,1
102,9.01151e-05,-3.34408e-05,-1.08335e-05,1
102.5,8.91268e-05,-3.28608e-05,-1.02557e-05,1
103,8.81287e-05,-3.22836e-05,-9.68491e-06,1
103.5,8.71213e-05,-3.17091e-05,-9.12133e-06,1
104,8.6105e-05,-3.11374e-05,-8.56527e-06,1
104.5,8.50803e-05,-3.05683e-05,-8.01702e-06,1
105,8.40476e-05,-3.00019e-05,-7.47685e-06,1
105.5,8.30074e-05,-2.94382e-05,-6.94504e-06,1
106,8.19601e-05,-2.88772e-05,-6.42184e-06,1
106.5,8.09062e-05,-2.83188e-05,-5.90752e-06,1
107,7.9846e-05,-2.7763e-05,-5.40232e-06,1
107.5,7.87801e-05,-2.72098e-05,-4.90648e-06,1
108,7.77088e-05,-2.66593e-05,-4.42024e-06,1
108.5,7.66325e-05,-2.61113e-05,-3.94381e-06,1
109,7.55517e-05,-2.55659e-05,-3.47742e-06,1
109.5,7.44668e-05,-2.50231e-05,-3.02126e-06,1
110,7.33781e-05,-2.44829e-05,-2.57554e-06,1
110.5,7.22861e-05,-2.39452e-05,-2.14044e-06,1
111,7.11912e-05,-2.341e-05,-1.71615e-06,1
111.5,7.00937e-05,-2.28774e-05,-1.30283e-06,1
112,6.8994e-05,-2.23473e-05,-9.00645e-07,1
112.5,6.78925e-05,-2.18198e-05,-5.09746e-07,1
113,6.67895e-05,-2.12947e-05,-1.30274e-07,1
113.5,6.56854e-05,-2.07722e-05,2.37638e-07,1
114,6.45806e-05,-2.02522e-05,5.93869e-07,1
114.5,6.34754e-05,-1.97347e-05,9.38306e-07,1
115,6.23702e-05,-1.92197e-05,1.27085e-06,1
115.5,6.12652e-05,-1.87072e-05,1.5914e-06,1
116,6.01608e-05,-1.81972e-05,1.89987e-06,1
116.5,5.90573e-05,-1.76897e-05,2.19621e-06,1
117,5.79551e-05,-1.71847e-05,2.48033e-06,1
117.5,5.68544e-05,-1.66822e-05,2.75219e-06,1
118,5.57555e-05,-1.61821e-05,3.01174e-06,1
118.5,5.46588e-05,-1.56845e-05,3.25896e-06,1
119,5.35644e-05,-1.51893e-05,3.49381e-06,1
119.5,5.24728e-05,-1.46967e-05,3.71628e-06,1
120,5.13841e-05,-1.42065e-05,3.92638e-06,1
120.5,5.02986e-05,-1.37187e-05,4.12409e-06,1
121,4.92166e-05,-1.32334e-05,4.30945e-06,1
121.5,4.81383e-05,-1.27505e-05,4.48246e-06,1
122,4.7064e-05,-1.227e-05,4.64318e-06,1
122.5,4.59939e-05,-1.17919e-05,4.79163e-06,1
123,4.49283e-05,-1.13163e-05,4.92788e-06,1
123.5,4.38673e-05,-1.08431e-05,5.05198e-06,1
124,4.28111e-05,-1.03722e-05,5.164e-06,1
124.5,4.176e-05,-9.90377e-06,5.26403e-06,1
125,4.07143e-05,-9.43767e-06,5.35214e-06,1
125.5,3.96739e-05,-8.97392e-06,5.42845e-06,1
126,3.86393e-05,-8.51252e-06,5.49304e-06,1
126.5,3.76105e-05,-8.05345e-06,5.54604e-06,1
127,3.65876e-05,-7.59669e-06,5.58757e-06,1
127.5,3.5571e-05,-7.14222e-06,5.61776e-06,1
128,3.45607e-05,-6.69004e-06,5.63674e-06,1
128.5,3.35568e-05,-6.24011e-06,5.64466e-06,1
129,3.25596e-05,-5.79243e-06,5.64167e-06,1
129.5,3.15692e-05,-5.34698e-06,5.62793e-06,1
130,3.05857e-05,-4.90372e-06,5.6036e-06,1
130.5,2.96092e-05,-4.46265e-06,5.56887e-06,1
131,2.86398e-05,-4.02373e-06,5.52391e-06,1
131.5,2.76777e-05,-3.58696e-06,5.4689e-06,1
132,2.67229e-05,-3.15229e-06,5.40405e-06,1
132.5,2.57756e-05,-2.71971e-06,5.32955e-06,1
133,2.48358e-05,-2.28918e-06,5.2456e-06,1
133.5,2.39037e-05,-1.86069e-06,5.15241e-06,1
134,2.29792e-05,-1.43421e-06,5.05021e-06,1
134.5,2.20626e-05,-1.0097e-06,4.93922e-06,1
135,2.11538e-05,-5.87131e-07,4.81965e-06,1
135.5,2.02529e-05,-1.6648e-07,4.69175e-06,1
136,1.936e-05,2.52287e-07,4.55575e-06,1
136.5,1.8475e-05,6.69203e-07,4.41189e-06,1
137,1.75982e-05,1.0843e-06,4.26041e-06,1
137.5,1.67294e-05,1.49762e-06,4.10156e-06,1
138,1.58687e-05,1.90918e-06,3.93561e-06,1
138.5,1.50161e-05,2.31903e-06,3.76279e-06,1
139,1.41717e-05,2.72721e-06,3.58338e-06,1
139.5,1.33355e-05,3.13374e-06,3.39764e-06,1
140,1.25074e-05,3.53867e-06,3.20583e-06,1
140.5,1.16876e-05,3.94203e-06,3.00822e-06,1
141,1.08758e-05,4.34386e-06,2.80508e-06,1
141.5,1.00723e-05,4.74421e-06,2.59669e-06,1
142,9.27686e-06,5.14311e-06,2.38333e-06,1
142.5,8.48956e-06,5.54059e-06,2.16526e-06,1
143,7.71037e-06,5.93671e-06,1.94277e-06,1
143.5,6.93923e-06,6.3315e-06,1.71615e-06,1
144,6.17613e-06,6.72501e-06,1.48567e-06,1
144.5,5.42102e-06,7.11727e-06,1.25161e-06,1
145,4.67385e-06,7.50832e-06,1.01426e-06,1
145.5,3.93458e-06,7.89821e-06,7.73915e-07,1
146,3.20315e-06,8.28698e-06,5.30847e-07,1
146.5,2.4795e-06,8.67468e-06,2.85347e-07,1
147,1.76357e-06,9.06133e-06,3.77005e-08,1
147.5,1.05528e-06,9.447e-06,-2.11806e-07,1
148,3.54583e-07,9.83171e-06,-4.62888e-07,1
148.5,-3.38614e-07,1.02155e-05,-7.15259e-07,1
149,-1.02439e-06,1.05985e-05,-9.68634e-07,1
149.5,-1.70282e-06,1.09806e-05,-1.22273e-06,1
150,-2.374e-06,1.13619e-05,-1.47726e-06,1
150.5,-3.03801e-06,1.17425e-05,-1.73195e-06,1
151,-3.69496e-06,1.21224e-05,-1.98651e-06,1
151.5,-4.34493e-06,1.25016e-05,-2.24067e-06,1
152,-4.98803e-06,1.28802e-05,-2.49415e-06,1
152.5,-5.62437e-06,1.32583e-05,-2.74666e-06,1
153,-6.25404e-06,1.36358e-05,-2.99795e-06,1
153.5,-6.87717e-06,1.40128e-05,-3.24773e-06,1
154,-7.49386e-06,1.43893e-05,-3.49574e-06,1
154.5,-8.10423e-06,1.47655e-05,-3.7417e-06,1
155,-8.70839e-06,1.51412e-05,-3.98536e-06,1
155.5,-9.30647e-06,1.55166e-05,-4.22645e-06,1
156,-9.89859e-06,1.58917e-05,-4.46471e-06,1
156.5,-1.04849e-05,1.62666e-05,-4.69989e-06,1
157,-1.10654e-05,1.66412e-05,-4.93173e-06,1
157.5,-1.16404e-05,1.70156e-05,-5.15999e-06,1
158,-1.221e-05,1.73899e-05,-5.3844e-06,1
158.5,-1.27742e-05,1.7764e-05,-5.60474e-06,1
159,-1.33333e-05,1.8138e-05,-5.82076e-06,1
159.5,-1.38873e-05,1.8512e-05,-6.03223e-06,1
160,-1.44364e-05,1.8886e-05,-6.23891e-06,1
160.5,-1.49807e-05,1.92599e-05,-6.44057e-06,1
161,-1.55204e-05,1.96339e-05,-6.63699e-06,1
161.5,-1.60556e-05,2.00079e-05,-6.82795e-06,1
162,-1.65865e-05,2.03821e-05,-7.01323e-06,1
162.5,-1.71132e-05,2.07563e-05,-7.19263e-06,1
163,-1.76357e-05,2.11307e-05,-7.36592e-06,1
163.5,-1.81544e-05,2.15053e-05,-7.53291e-06,1
164,-1.86693e-05,2.188e-05,-7.69341e-06,1
164.5,-1.91806e-05,2.2255e-05,-7.8472e-06,1
165,-1.96884e-05,2.26302e-05,-7.99412e-06,1
165.5,-2.01929e-05,2.30056e-05,-8.13397e-06,1
166,-2.06941e-05,2.33814e-05,-8.26657e-06,1
166.5,-2.11923e-05,2.37574e-05,-8.39174e-06,1
167,-2.16876e-05,2.41337e-05,-8.50933e-06,1
167.5,-2.21802e-05,2.45104e-05,-8.61916e-06,1
168,-2.26701e-05,2.48874e-05,-8.72107e-06,1
168.5,-2.31575e-05,2.52648e-05,-8.81491e-06,1
169,-2.36426e-05,2.56426e-05,-8.90053e-06,1
169.5,-2.41255e-05,2.60207e-05,-8.97778e-06,1
170,-2.46064e-05,2.63993e-05,-9.04654e-06,1
170.5,-2.50853e-05,2.67782e-05,-9.10666e-06,1
171,-2.55625e-05,2.71576e-05,-9.15801e-06,1
171.5,-2.60381e-05,2.75373e-05,-9.20049e-06,1
172,-2.65121e-05,2.79176e-05,-9.23396e-06,1
172.5,-2.69848e-05,2.82982e-05,-9.25832e-06,1
173,-2.74562e-05,2.86793e-05,-9.27346e-06,1
173.5,-2.79265e-05,2.90608e-05,-9.27928e-06,1
174,-2.83959e-05,2.94428e-05,-9.2757e-06,1
174.5,-2.88643e-05,2.98251e-05,-9.26261e-06,1
175,-2.93321e-05,3.0208e-05,-9.23995e-06,1
175.5,-2.97993e-05,3.05913e-05,-9.20762e-06,1
176,-3.0266e-05,3.0975e-05,-9.16557e-06,1
176.5,-3.07323e-05,3.13591e-05,-9.11372e-06,1
177,-3.11984e-05,3.17436e-05,-9.05202e-06,1
177.5,-3.16643e-05,3.21286e-05,-8.9804e-06,1
178,-3.21302e-05,3.25139e-05,-8.89884e-06,1
178.5,-3.25962e-05,3.28997e-05,-8.80727e-06,1
179,-3.30624e-05,3.32858e-05,-8.70566e-06,1
179.5,-3.35289e-05,3.36723e-05,-8.594e-06,1
180,-3.39958e-05,3.40592e-05,-8.47223e-06,1
180.5,-3.44631e-05,3.44464e-05,-8.34036e-06,1
181,-3.49311e-05,3.48339e-05,-8.19837e-06,1
181.5,-3.53997e-05,3.52218e-05,-8.04624e-06,1
182,-3.5869e-05,3.56099e-05,-7.88397e-06,1
182.5,-3.63392e-05,3.59983e-05,-7.71157e-06,1
183,-3.68103e-05,3.63869e-05,-7.52905e-06,1
183.5,-3.72824e-05,3.67757e-05,-7.33642e-06,1
184,-3.77556e-05,3.71648e-05,-7.13371e-06,1
184.5,-3.82299e-05,3.7554e-05,-6.92092e-06,1
185,-3.87053e-05,3.79434e-05,-6.6981e-06,1
185.5,-3.91821e-05,3.83329e-05,-6.46529e-06,1
186,-3.96601e-05,3.87225e-05,-6.22251e-06,1
186.5,-4.01395e-05,3.91121e-05,-5.96983e-06,1
187,-4.06203e-05,3.95018e-05,-5.70729e-06,1
187.5,-4.11025e-05,3.98915e-05,-5.43494e-06,1
188,-4.15862e-05,4.02811e-05,-5.15285e-06,1
188.5,-4.20714e-05,4.06707e-05,-4.86109e-06,1
189,-4.25582e-05,4.10601e-05,-4.55972e-06,1
189.5,-4.30465e-05,4.14495e-05,-4.24883e-06,1
190,-4.35363e-05,4.18386e-05,-3.92849e-06,1
190.5,-4.40278e-05,4.22275e-05,-3.59878e-06,1
191,-4.45209e-05,4.26162e-05,-3.2598e-06,1
191.5,-4.50156e-05,4.30046e-05,-2.91165e-06,1
192,-4.55118e-05,4.33926e-05,-2.55441e-06,1
192.5,-4.60097e-05,4.37803e-05,-2.1882e-06,1
193,-4.65091e-05,4.41675e-05,-1.81311e-06,1
193.5,-4.701e-05,4.45542e-05,-1.42926e-06,1
194,-4.75125e-05,4.49404e-05,-1.03676e-06,1
194.5,-4.80164e-05,4.53261e-05,-6.35738e-07,1
195,-4.85218e-05,4.57111e-05,-2.26302e-07,1
195.5,-4.90286e-05,4.60955e-05,1.91417e-07,1
196,-4.95368e-05,4.64792e-05,6.17293e-07,1
196.5,-5.00462e-05,4.68621e-05,1.05119e-06,1
197,-5.05569e-05,4.72442e-05,1.49299e-06,1
197.5,-5.10687e-05,4.76254e-05,1.94253e-06,1
198,-5.15816e-05,4.80057e-05,2.3997e-06,1
198.5,-5.20955e-05,4.8385e-05,2.86433e-06,1
199,-5.26102e-05,4.87633e-05,3.3363e-06,1
199.5,-5.31258e-05,4.91405e-05,3.81545e-06,1
200,-5.36421e-05,4.95165e-05,4.30163e-06,1
200.5,-5.41589e-05,4.98914e-05,4.79469e-06,1
201,-5.46762e-05,5.0265e-05,5.29448e-06,1
201.5,-5.51938e-05,5.06372e-05,5.80086e-06,1
202,-5.57117e-05,5.10081e-05,6.31365e-06,1
202.5,-5.62295e-05,5.13776e-05,6.83271e-06,1
203,-5.67472e-05,5.17456e-05,7.35787e-06,1
203.5,-5.72647e-05,5.2112e-05,7.88898e-06,1
204,-5.77817e-05,5.24768e-05,8.42589e-06,1
204.5,-5.82982e-05,5.28399e-05,8.96842e-06,1
205,-5.88138e-05,5.32013e-05,9.51642e-06,1
205.5,-5.93284e-05,5.35609e-05,1.00697e-05,1
206,-5.98418e-05,5.39187e-05,1.06282e-05,1
206.5,-6.03538e-05,5.42745e-05,1.11916e-05,1
207,-6.08642e-05,5.46283e-05,1.17599e-05,1
207.5,-6.13727e-05,5.49801e-05,1.23328e-05,1
208,-6.18791e-05,5.53298e-05,1.29103e-05,1
208.5,-6.23831e-05,5.56773e-05,1.34921e-05,1
209,-6.28845e-05,5.60226e-05,1.40781e-05,1
209.5,-6.33831e-05,5.63656e-05,1.46681e-05,1
210,-6.38785e-05,5.67063e-05,1.5262e-05,1
210.5,-6.43705e-05,5.70446e-05,1.58596e-05,1
211,-6.48588e-05,5.73804e-05,1.64609e-05,1
211.5,-6.5343e-05,5.77136e-05,1.70655e-05,1
212,-6.58228e-05,5.80443e-05,1.76734e-05,1
212.5,-6.6298e-05,5.83724e-05,1.82844e-05,1
213,-6.67682e-05,5.86977e-05,1.88985e-05,1
213.5,-6.72331e-05,5.90204e-05,1.95153e-05,1
214,-6.76922e-05,5.93402e-05,2.01349e-05,1
214.5,-6.81452e-05,5.96571e-05,2.0757e-05,1
215,-6.85919e-05,5.99712e-05,2.13816e-05,1
215.5,-6.90316e-05,6.02823e-05,2.20085e-05,1
216,-6.94642e-05,6.05904e-05,2.26375e-05,1
216.5,-6.98892e-05,6.08955e-05,2.32686e-05,1
217,-7.03061e-05,6.11975e-05,2.39016e-05,1
217.5,-7.07145e-05,6.14963e-05,2.45364e-05,1
218,-7.11141e-05,6.1792e-05,2.51728e-05,1
218.5,-7.15043e-05,6.20845e-05,2.58109e-05,1
219,-7.18848e-05,6.23737e-05,2.64504e-05,1
219.5,-7.2255e-05,6.26597e-05,2.70912e-05,1
220,-7.26145e-05,6.29424e-05,2.77333e-05,1
220.5,-7.29627e-05,6.32217e-05,2.83766e-05,1
221,-7.32993e-05,6.34977e-05,2.90209e-05,1
221.5,-7.36237e-05,6.37704e-05,2.96661e-05,1
222,-7.39355e-05,6.40396e-05,3.03122e-05,1
222.5,-7.4234e-05,6.43055e-05,3.09591e-05,1
223,-7.45187e-05,6.4568e-05,3.16066e-05,1
223.5,-7.47893e-05,6.4827e-05,3.22548e-05,1
224,-7.5045e-05,6.50827e-05,3.29035e-05,1
224.5,-7.52853e-05,6.53349e-05,3.35526e-05,1
225,-7.55098e-05,6.55838e-05,3.42022e-05,1
225.5,-7.57178e-05,6.58292e-05,3.4852e-05,1
226,-7.59088e-05,6.60713e-05,3.55021e-05,1
226.5,-7.60821e-05,6.631e-05,3.61524e-05,1
227,-7.62373e-05,6.65455e-05,3.68028e-05,1
227.5,-7.63738e-05,6.67776e-05,3.74533e-05,1
228,-7.64908e-05,6.70065e-05,3.81038e-05,1
228.5,-7.65879e-05,6.72321e-05,3.87542e-05,1
229,-7.66645e-05,6.74546e-05,3.94046e-05,1
229.5,-7.672e-05,6.7674e-05,4.00548e-05,1
230,-7.67537e-05,6.78904e-05,4.07048e-05,1
230.5,-7.67651e-05,6.81037e-05,4.13545e-05,1
231,-7.67535e-05,6.83142e-05,4.2004e-05,1
231.5,-7.67185e-05,6.85218e-05,4.26532e-05,1
232,-7.66592e-05,6.87267e-05,4.33019e-05,1
232.5,-7.65752e-05,6.89289e-05,4.39503e-05,1
233,-7.64659e-05,6.91285e-05,4.45981e-05,1
233.5,-7.63307e-05,6.93257e-05,4.52455e-05,1
234,-7.61689e-05,6.95205e-05,4.58923e-05,1
234.5,-7.59801e-05,6.97131e-05,4.65384e-05,1
235,-7.57635e-05,6.99036e-05,4.7184e-05,1
235.5,-7.55187e-05,7.0092e-05,4.78288e-05,1
236,-7.52451e-05,7.02787e-05,4.84728e-05,1
236.5,-7.49422e-05,7.04636e-05,4.9116e-05,1
237,-7.46093e-05,7.06469e-05,4.97583e-05,1
237.5,-7.4246e-05,7.08289e-05,5.03997e-05,1
238,-7.38518e-05,7.10096e-05,5.104e-05,1
238.5,-7.34261e-05,7.11893e-05,5.16792e-05,1
239,-7.29685e-05,7.1368e-05,5.23173e-05,1
239.5,-7.24785e-05,7.1546e-05,5.29541e-05,1
240,-7.19557e-05,7.17235e-05,5.35895e-05,1
240.5,-7.13996e-05,7.19007e-05,5.42235e-05,1
241,-7.08098e-05,7.20777e-05,5.48559e-05,1
241.5,-7.0186e-05,7.22548e-05,5.54867e-05,1
242,-6.95278e-05,7.24322e-05,5.61156e-05,1
242.5,-6.88348e-05,7.261e-05,5.67426e-05,1
243,-6.81069e-05,7.27886e-05,5.73675e-05,1
243.5,-6.73436e-05,7.29681e-05,5.79901e-05,1
244,-6.65448e-05,7.31488e-05,5.86104e-05,1
244.5,-6.57103e-05,7.33309e-05,5.9228e-05,1
245,-6.48399e-05,7.35146e-05,5.98428e-05,1
245.5,-6.39334e-05,7.37002e-05,6.04547e-05,1
246,-6.29909e-05,7.3888e-05,6.10633e-05,1
246.5,-6.20122e-05,7.40781e-05,6.16684e-05,1
247,-6.09973e-05,7.42708e-05,6.22697e-05,1
247.5,-5.99463e-05,7.44664e-05,6.28671e-05,1
248,-5.88593e-05,7.46651e-05,6.34601e-05,1
248.5,-5.77364e-05,7.48672e-05,6.40485e-05,1
249,-5.65779e-05,7.50729e-05,6.46319e-05,1
249.5,-5.53839e-05,7.52825e-05,6.52099e-05,1
250,-5.41547e-05,7.54962e-05,6.57823e-05,1
250.5,-5.28908e-05,7.57143e-05,6.63485e-05,1
251,-5.15926e-05,7.5937e-05,6.69082e-05,1
251.5,-5.02604e-05,7.61646e-05,6.74608e-05,1
252,-4.88949e-05,7.63973e-05,6.80059e-05,1
252.5,-4.74968e-05,7.66354e-05,6.8543e-05,1
253,-4.60665e-05,7.6879e-05,6.90715e-05,1
253.5,-4.4605e-05,7.71285e-05,6.95909e-05,1
254,-4.3113e-05,7.73839e-05,7.01005e-05,1
254.5,-4.15913e-05,7.76456e-05,7.05997e-05,1
255,-4.00411e-05,7.79138e-05,7.10878e-05,1
255.5,-3.84633e-05,7.81886e-05,7.15641e-05,1
256,-3.68589e-05,7.84702e-05,7.20279e-05,1
256.5,-3.52293e-05,7.87588e-05,7.24784e-05,1
257,-3.35756e-05,7.90545e-05,7.29147e-05,1
257.5,-3.18993e-05,7.93576e-05,7.3336e-05,1
258,-3.02017e-05,7.96682e-05,7.37414e-05,1
258.5,-2.84844e-05,7.99863e-05,7.413e-05,1
259,-2.67489e-05,8.03121e-05,7.45007e-05,1
259.5,-2.49969e-05,8.06457e-05,7.48525e-05,1
260,-2.32301e-05,8.09872e-05,7.51843e-05,1
260.5,-2.14505e-05,8.13365e-05,7.54951e-05,1
261,-1.96598e-05,8.16939e-05,7.57835e-05,1
261.5,-1.78601e-05,8.20592e-05,7.60485e-05,1
262,-1.60534e-05,8.24326e-05,7.62887e-05,1
262.5,-1.42419e-05,8.28139e-05,7.65028e-05,1
263,-1.24278e-05,8.32032e-05,7.66895e-05,1
263.5,-1.06134e-05,8.36003e-05,7.68473e-05,1
264,-8.80092e-06,8.40052e-05,7.69747e-05,1
264.5,-6.99289e-06,8.44178e-05,7.70702e-05,1
265,-5.19174e-06,8.4838e-05,7.71323e-05,1
265.5,-3.40001e-06,8.52655e-05,7.71592e-05,1
266,-1.62026e-06,8.57002e-05,7.71494e-05,1
266.5,1.44873e-07,8.6142e-05,7.7101e-05,1
267,1.89273e-06,8.65905e-05,7.70124e-05,1
267.5,3.62063e-06,8.70454e-05,7.68816e-05,1
268,5.32584e-06,8.75066e-05,7.67067e-05,1
268.5,7.00562e-06,8.79736e-05,7.64858e-05,1
269,8.65724e-06,8.84461e-05,7.62169e-05,1
269.5,1.02779e-05,8.89237e-05,7.5898e-05,1
270,1.1865e-05,8.9406e-05,7.55269e-05,1
270.5,1.34157e-05,8.98925e-05,7.51016e-05,1
271,1.49274e-05,9.03828e-05,7.46198e-05,1
271.5,1.63975e-05,9.08764e-05,7.40794e-05,1
272,1.78233e-05,9.13727e-05,7.3478e-05,1
272.5,1.92024e-05,9.18711e-05,7.28133e-05,1
273,2.05324e-05,9.23711e-05,7.20831e-05,1
273.5,2.18109e-05,9.2872e-05,7.12848e-05,1
274,2.3036e-05,9.33731e-05,7.04163e-05,1
274.5,2.42054e-05,9.38737e-05,6.9475e-05,1
275,2.53174e-05,9.43732e-05,6.84584e-05,1
275.5,2.63703e-05,9.48707e-05,6.73642e-05,1
276,2.73627e-05,9.53656e-05,6.61898e-05,1
276.5,2.82932e-05,9.58568e-05,6.49328e-05,1
277,2.91611e-05,9.63437e-05,6.35907e-05,1
277.5,2.99655e-05,9.68254e-05,6.21611e-05,1
278,3.07061e-05,9.73009e-05,6.06414e-05,1
278.5,3.1383e-05,9.77694e-05,5.90293e-05,1
279,3.19964e-05,9.82299e-05,5.73222e-05,1
279.5,3.25473e-05,9.86814e-05,5.55178e-05,1
280,3.30368e-05,9.91231e-05,5.36138e-05,1
280.5,3.34666e-05,9.95538e-05,5.16078e-05,1
281,3.38392e-05,9.99726e-05,4.94975e-05,1
281.5,3.41573e-05,0.000100378,4.72808e-05,1
282,3.44245e-05,0.00010077,4.49555e-05,1
282.5,3.46451e-05,0.000101147,4.25194e-05,1
283,3.48241e-05,0.000101508,3.99707e-05,1
283.5,3.49674e-05,0.000101851,3.73073e-05,1
284,3.50819e-05,0.000102176,3.45274e-05,1
284.5,3.51756e-05,0.000102482,3.16294e-05,1
285,3.52576e-05,0.000102767,2.86115e-05,1
285.5,3.53385e-05,0.000103031,2.54722e-05,1
286,3.54307e-05,0.000103273,2.221e-05,1
286.5,3.5548e-05,0.00010349,1.88238e-05,1
287,3.57069e-05,0.000103683,1.53122e-05,1
287.5,3.59263e-05,0.000103851,1.16742e-05,1
288,3.62284e-05,0.000103991,7.9088e-06,1
288.5,3.66394e-05,0.000104104,4.01517e-06,1
289,3.71905e-05,0.000104188,-7.45755e-09,1
289.5,3.79192e-05,0.000104243,-4.1597e-06,1
290,3.88712e-05,0.000104266,-8.4421e-06,1
290.5,4.01024e-05,0.000104259,-1.28551e-05,1
291,4.16824e-05,0.000104219,-1.7399e-05,1
291.5,4.36984e-05,0.000104145,-2.2074e-05,1
292,4.62613e-05,0.000104038,-2.68804e-05,1
292.5,4.95125e-05,0.000103896,-3.18182e-05,1
293,5.3634e-05,0.000103719,-3.68875e-05,1
293.5,5.88615e-05,0.000103506,-4.20881e-05,1
294,6.5501e-05,0.000103257,-4.742e-05,1
294.5,7.39497e-05,0.00010297,-5.28828e-05,1
295,8.47231e-05,0.000102647,-5.84761e-05,1
295.5,9.84852e-05,0.000102287,-6.41993e-05,1
296,0.000116083,0.00010189,-7.00513e-05,1
296.5,0.000138576,0.000101456,-7.60307e-05,1
297,0.000167249,0.000100986,-8.21354e-05,1
297.5,0.00020358,0.000100482,-8.83625e-05,1
298,0.000249091,9.9944e-05,-9.47079e-05,1
298.5,0.000304967,9.93752e-05,-0.000101166,1
299,0.000371192,9.87779e-05,-0.00010773,1
299.5,0.00044457,9.81551e-05,-0.000114391,1
300,0.000402222,9.75129e-05,-0.000120031,2
300.5,0.000323103,9.68554e-05,-0.000124717,2
301,0.000242859,9.61563e-05,-0.000128531,2
301.5,0.000175154,9.53977e-05,-0.000131562,2
302,0.000123174,9.45747e-05,-0.000133888,2
302.5,8.56335e-05,9.36912e-05,-0.000135585,2
303,5.97478e-05,9.27548e-05,-0.00013672,2
303.5,4.26004e-05,9.17746e-05,-0.000137354,2
304,3.16812e-05,9.0759e-05,-0.000137541,2
304.5,2.50282e-05,8.97152e-05,-0.000137332,2
305,2.11957e-05,8.86496e-05,-0.000136774,2
305.5,1.91615e-05,8.75672e-05,-0.000135908,2
306,1.82255e-05,8.6472e-05,-0.000134776,2
306.5,1.79212e-05,8.53674e-05,-0.000133413,2
307,1.7945e-05,8.42564e-05,-0.000131854,2
307.5,1.81043e-05,8.31414e-05,-0.000130132,2
308,1.82803e-05,8.20245e-05,-0.000128275,2
308.5,1.84021e-05,8.09077e-05,-0.000126311,2
309,1.84297e-05,7.97928e-05,-0.000124266,2
309.5,1.83426e-05,7.86814e-05,-0.000122164,2
310,1.8132e-05,7.75751e-05,-0.000120025,2
310.5,1.77967e-05,7.64753e-05,-0.00011787,2
311,1.73396e-05,7.53834e-05,-0.000115716,2
311.5,1.6766e-05,7.43008e-05,-0.00011358,2
312,1.60829e-05,7.32287e-05,-0.000111475,2
312.5,1.52977e-05,7.21684e-05,-0.000109415,2
313,1.44182e-05,7.11211e-05,-0.00010741,2
313.5,1.34523e-05,7.00879e-05,-0.00010547,2
314,1.24077e-05,6.907e-05,-0.000103603,2
314.5,1.12923e-05,6.80684e-05,-0.000101814,2
315,1.01134e-05,6.70841e-05,-0.000100109,2
315.5,8.8784e-06,6.61182e-05,-9.84911e-05,2
316,7.59438e-06,6.51717e-05,-9.69624e-05,2
316.5,6.26824e-06,6.42455e-05,-9.55235e-05,2
317,4.90663e-06,6.33405e-05,-9.4174e-05,2
317.5,3.51603e-06,6.24576e-05,-9.29121e-05,2
318,2.10265e-06,6.15976e-05,-9.17351e-05,2
318.5,6.7251e-07,6.07613e-05,-9.06389e-05,2
319,-7.68601e-07,5.99495e-05,-8.96187e-05,2
319.5,-2.21512e-06,5.91629e-05,-8.86685e-05,2
320,-3.66172e-06,5.84023e-05,-8.77817e-05,2
320.5,-5.1033e-06,5.76681e-05,-8.69506e-05,2
321,-6.53499e-06,5.69611e-05,-8.61671e-05,2
321.5,-7.95215e-06,5.62818e-05,-8.54222e-05,2
322,-9.3504e-06,5.56307e-05,-8.47065e-05,2
322.5,-1.07256e-05,5.50083e-05,-8.40101e-05,2
323,-1.20738e-05,5.4415e-05,-8.33226e-05,2
323.5,-1.33914e-05,5.38512e-05,-8.26336e-05,2
324,-1.4675e-05,5.33171e-05,-8.19322e-05,2
324.5,-1.59215e-05,5.28131e-05,-8.12075e-05,2
325,-1.71279e-05,5.23393e-05,-8.04487e-05,2
325.5,-1.82917e-05,5.1896e-05,-7.9645e-05,2
326,-1.94105e-05,5.14832e-05,-7.87857e-05,2
326.5,-2.04822e-05,5.1101e-05,-7.78604e-05,2
327,-2.15049e-05,5.07495e-05,-7.68593e-05,2
327.5,-2.24772e-05,5.04286e-05,-7.57728e-05,2
328,-2.33977e-05,5.01381e-05,-7.45919e-05,2
328.5,-2.42653e-05,4.9878e-05,-7.33083e-05,2
329,-2.50794e-05,4.96481e-05,-7.19145e-05,2
329.5,-2.58395e-05,4.94481e-05,-7.04036e-05,2
330,-2.65451e-05,4.92778e-05,-6.87696e-05,2
330.5,-2.71965e-05,4.91369e-05,-6.70077e-05,2
331,-2.77938e-05,4.90249e-05,-6.51138e-05,2
331.5,-2.83375e-05,4.89415e-05,-6.3085e-05,2
332,-2.88284e-05,4.88862e-05,-6.09195e-05,2
332.5,-2.92673e-05,4.88585e-05,-5.86165e-05,2
333,-2.96555e-05,4.8858e-05,-5.61765e-05,2
333.5,-2.99944e-05,4.8884e-05,-5.36011e-05,2
334,-3.02854e-05,4.8936e-05,-5.08931e-05,2
334.5,-3.05304e-05,4.90134e-05,-4.80566e-05,2
335,-3.07313e-05,4.91155e-05,-4.50966e-05,2
335.5,-3.08901e-05,4.92416e-05,-4.20194e-05,2
336,-3.1009e-05,4.9391e-05,-3.88325e-05,2
336.5,-3.10904e-05,4.9563e-05,-3.55442e-05,2
337,-3.11368e-05,4.97568e-05,-3.21641e-05,2
337.5,-3.11505e-05,4.99717e-05,-2.87024e-05,2
338,-3.11344e-05,5.02069e-05,-2.51705e-05,2
338.5,-3.1091e-05,5.04615e-05,-2.15803e-05,2
339,-3.1023e-05,5.07347e-05,-1.79446e-05,2
339.5,-3.09332e-05,5.10256e-05,-1.42767e-05,2
340,-3.08243e-05,5.13333e-05,-1.05905e-05,2
340.5,-3.0699e-05,5.16569e-05,-6.90004e-06,2
341,-3.056e-05,5.19956e-05,-3.21998e-06,2
341.5,-3.041e-05,5.23482e-05,4.35018e-07,2
342,-3.02516e-05,5.27139e-05,4.05017e-06,2
342.5,-3.00874e-05,5.30916e-05,7.61072e-06,2
343,-2.99196e-05,5.34804e-05,1.1102e-05,2
343.5,-2.97507e-05,5.38791e-05,1.45098e-05,2
344,-2.9583e-05,5.42868e-05,1.78198e-05,2
344.5,-2.94184e-05,5.47023e-05,2.10186e-05,2
345,-2.92589e-05,5.51244e-05,2.4093e-05,2
345.5,-2.91064e-05,5.55522e-05,2.70304e-05,2
346,-2.89625e-05,5.59843e-05,2.98191e-05,2
346.5,-2.88287e-05,5.64196e-05,3.2448e-05,2
347,-2.87064e-05,5.68569e-05,3.49067e-05,2
347.5,-2.85966e-05,5.7295e-05,3.71858e-05,2
348,-2.85004e-05,5.77326e-05,3.92767e-05,2
348.5,-2.84185e-05,5.81683e-05,4.11719e-05,2
349,-2.83516e-05,5.8601e-05,4.28648e-05,2
349.5,-2.83001e-05,5.90292e-05,4.43495e-05,2
350,-2.82643e-05,5.94517e-05,4.56216e-05,2
350.5,-2.82442e-05,5.9867e-05,4.66774e-05,2
351,-2.82397e-05,6.02738e-05,4.75142e-05,2
351.5,-2.82507e-05,6.06707e-05,4.81305e-05,2
352,-2.82766e-05,6.10563e-05,4.85256e-05,2
352.5,-2.83169e-05,6.14291e-05,4.86998e-05,2
353,-2.83708e-05,6.17878e-05,4.86546e-05,2
353.5,-2.84374e-05,6.21309e-05,4.83922e-05,2
354,-2.85158e-05,6.2457e-05,4.79156e-05,2
354.5,-2.86048e-05,6.27647e-05,4.72291e-05,2
355,-2.87032e-05,6.30526e-05,4.63374e-05,2
355.5,-2.88096e-05,6.33192e-05,4.52461e-05,2
356,-2.89225e-05,6.35633e-05,4.39618e-05,2
356.5,-2.90404e-05,6.37835e-05,4.24915e-05,2
357,-2.91617e-05,6.39783e-05,4.0843e-05,2
357.5,-2.92848e-05,6.41466e-05,3.90248e-05,2
358,-2.9408e-05,6.42871e-05,3.70457e-05,2
358.5,-2.95294e-05,6.43985e-05,3.49155e-05,2
359,-2.96473e-05,6.44797e-05,3.2644e-05,2
359.5,-2.97601e-05,6.45294e-05,3.02416e-05,2
360,-2.98657e-05,6.45468e-05,2.77192e-05,2
360.5,-2.99626e-05,6.45307e-05,2.5088e-05,2
361,-3.00489e-05,6.44801e-05,2.23594e-05,2
361.5,-3.0123e-05,6.43943e-05,1.9545e-05,2
362,-3.0183e-05,6.42723e-05,1.66569e-05,2
362.5,-3.02274e-05,6.41136e-05,1.3707e-05,2
363,-3.02546e-05,6.39173e-05,1.07075e-05,2
363.5,-3.02631e-05,6.36829e-05,7.67062e-06,2
364,-3.02514e-05,6.341e-05,4.60874e-06,2
364.5,-3.02181e-05,6.30982e-05,1.53409e-06,2
365,-3.01619e-05,6.27471e-05,-1.5411e-06,2
365.5,-3.00816e-05,6.23567e-05,-4.60466e-06,2
366,-2.99761e-05,6.19267e-05,-7.64456e-06,2
366.5,-2.98443e-05,6.14574e-05,-1.06489e-05,2
367,-2.96853e-05,6.09487e-05,-1.3606e-05,2
367.5,-2.94982e-05,6.04009e-05,-1.65044e-05,2
368,-2.92823e-05,5.98144e-05,-1.93327e-05,2
368.5,-2.9037e-05,5.91896e-05,-2.20802e-05,2
369,-2.87616e-05,5.85272e-05,-2.4736e-05,2
369.5,-2.84557e-05,5.78278e-05,-2.72899e-05,2
370,-2.8119e-05,5.70923e-05,-2.97318e-05,2
370.5,-2.77511e-05,5.63216e-05,-3.20523e-05,2
371,-2.7352e-05,5.55168e-05,-3.4242e-05,2
371.5,-2.69215e-05,5.46791e-05,-3.62923e-05,2
372,-2.64596e-05,5.38097e-05,-3.81948e-05,2
372.5,-2.59665e-05,5.291e-05,-3.99417e-05,2
373,-2.54423e-05,5.19817e-05,-4.15255e-05,2
373.5,-2.48872e-05,5.10262e-05,-4.29394e-05,2
374,-2.43017e-05,5.00455e-05,-4.4177e-05,2
374.5,-2.3686e-05,4.90412e-05,-4.52324e-05,2
375,-2.30408e-05,4.80155e-05,-4.61004e-05,2
375.5,-2.23665e-05,4.69702e-05,-4.67761e-05,2
376,-2.16638e-05,4.59076e-05,-4.72555e-05,2
376.5,-2.09333e-05,4.48299e-05,-4.75347e-05,2
377,-2.01758e-05,4.37393e-05,-4.76107e-05,2
377.5,-1.9392e-05,4.26383e-05,-4.74811e-05,2
378,-1.85829e-05,4.15292e-05,-4.71439e-05,2
378.5,-1.77492e-05,4.04146e-05,-4.65978e-05,2
379,-1.68919e-05,3.9297e-05,-4.5842e-05,2
379.5,-1.6012e-05,3.81789e-05,-4.48763e-05,2
380,-1.51104e-05,3.7063e-05,-4.37013e-05,2
380.5,-1.41882e-05,3.59519e-05,-4.23178e-05,2
381,-1.32465e-05,3.48481e-05,-4.07276e-05,2
381.5,-1.22864e-05,3.37544e-05,-3.89328e-05,2
382,-1.13088e-05,3.26732e-05,-3.69361e-05,2
382.5,-1.0315e-05,3.16071e-05,-3.47409e-05,2
383,-9.30605e-06,3.05586e-05,-3.23512e-05,2
383.5,-8.28308e-06,2.95303e-05,-2.97713e-05,2
384,-7.24723e-06,2.85244e-05,-2.70064e-05,2
384.5,-6.19959e-06,2.75432e-05,-2.40621e-05,2
385,-5.14126e-06,2.6589e-05,-2.09444e-05,2
385.5,-4.07334e-06,2.56639e-05,-1.766e-05,2
386,-2.99688e-06,2.47699e-05,-1.42162e-05,2
386.5,-1.91289e-06,2.39087e-05,-1.06207e-05,2
387,-8.2237e-07,2.3082e-05,-6.88166e-06,2
387.5,2.73744e-07,2.22915e-05,-3.00783e-06,2
388,1.37456e-06,2.15385e-05,9.91607e-07,2
388.5,2.47925e-06,2.08241e-05,5.10698e-06,2
389,3.58704e-06,2.01494e-05,9.32818e-06,2
389.5,4.69725e-06,1.95153e-05,1.36447e-05,2
390,5.80924e-06,1.89223e-05,1.80454e-05,2
390.5,6.92248e-06,1.83709e-05,2.25192e-05,2
391,8.03652e-06,1.78613e-05,2.70541e-05,2
391.5,9.15101e-06,1.73934e-05,3.16382e-05,2
392,1.02657e-05,1.69672e-05,3.6259e-05,2
392.5,1.13804e-05,1.65821e-05,4.09038e-05,2
393,1.24951e-05,1.62376e-05,4.55595e-05,2
393.5,1.36098e-05,1.59327e-05,5.0213e-05,2
394,1.47248e-05,1.56666e-05,5.48507e-05,2
394.5,1.58402e-05,1.54378e-05,5.94591e-05,2
395,1.69564e-05,1.5245e-05,6.40244e-05,2
395.5,1.8074e-05,1.50865e-05,6.85326e-05,2
396,1.91936e-05,1.49606e-05,7.29699e-05,2
396.5,2.03157e-05,1.48652e-05,7.73222e-05,2
397,2.14413e-05,1.47982e-05,8.15757e-05,2
397.5,2.25713e-05,1.47573e-05,8.57165e-05,2
398,2.37065e-05,1.47401e-05,8.97309e-05,2
398.5,2.48481e-05,1.47441e-05,9.36051e-05,2
399,2.59971e-05,1.47666e-05,9.73261e-05,2
399.5,2.71548e-05,1.48048e-05,0.000100881,2
400,2.83224e-05,1.4856e-05,0.000104256,2
400.5,2.95012e-05,1.49173e-05,0.00010744,2
401,3.06924e-05,1.49858e-05,0.00011042,2
401.5,3.18974e-05,1.50585e-05,0.000113185,2
402,3.31175e-05,1.51324e-05,0.000115724,2
402.5,3.43541e-05,1.52047e-05,0.000118028,2
403,3.56084e-05,1.52723e-05,0.000120085,2
403.5,3.68817e-05,1.53325e-05,0.000121887,2
404,3.81751e-05,1.53823e-05,0.000123427,2
404.5,3.949e-05,1.5419e-05,0.000124695,2
405,4.08272e-05,1.54399e-05,0.000125686,2
405.5,4.21878e-05,1.54424e-05,0.000126394,2
406,4.35727e-05,1.54242e-05,0.000126814,2
406.5,4.49827e-05,1.53827e-05,0.000126941,2
407,4.64184e-05,1.53158e-05,0.000126772,2
407.5,4.78803e-05,1.52215e-05,0.000126305,2
408,4.93689e-05,1.50978e-05,0.00012554,2
408.5,5.08843e-05,1.49431e-05,0.000124474,2
409,5.24266e-05,1.47556e-05,0.00012311,2
409.5,5.39957e-05,1.45342e-05,0.000121447,2
410,5.55913e-05,1.42775e-05,0.00011949,2
410.5,5.72131e-05,1.39846e-05,0.000117241,2
411,5.88604e-05,1.36547e-05,0.000114704,2
411.5,6.05324e-05,1.32871e-05,0.000111885,2
412,6.22281e-05,1.28815e-05,0.00010879,2
412.5,6.39464e-05,1.24377e-05,0.000105425,2
413,6.56859e-05,1.19557e-05,0.000101799,2
413.5,6.74452e-05,1.14357e-05,9.79197e-05,2
414,6.92225e-05,1.0878e-05,9.37963e-05,2
414.5,7.1016e-05,1.02834e-05,8.94389e-05,2
415,7.28237e-05,9.65249e-06,8.4858e-05,2
415.5,7.46434e-05,8.98634e-06,8.00649e-05,2
416,7.64728e-05,8.28609e-06,7.50713e-05,2
416.5,7.83094e-05,7.55306e-06,6.98897e-05,2
417,8.01507e-05,6.78873e-06,6.45327e-05,2
417.5,8.19938e-05,5.99477e-06,5.90137e-05,2
418,8.38361e-05,5.17296e-06,5.33464e-05,2
418.5,8.56745e-05,4.32523e-06,4.75448e-05,2
419,8.75061e-05,3.45366e-06,4.16233e-05,2
419.5,8.93276e-05,2.56042e-06,3.55965e-05,2
420,9.11361e-05,1.64781e-06,2.94793e-05,2
420.5,9.29281e-05,7.18211e-07,2.32868e-05,2
421,9.47005e-05,-2.25899e-07,1.70342e-05,2
421.5,9.64499e-05,-1.18198e-06,1.07369e-05,2
422,9.8173e-05,-2.14741e-06,4.41027e-06,2
422.5,9.98665e-05,-3.11954e-06,-1.93023e-06,2
423,0.000101527,-4.09568e-06,-8.2691e-06,2
423.5,0.000103151,-5.07311e-06,-1.45909e-05,2
424,0.000104736,-6.0491e-06,-2.08803e-05,2
424.5,0.000106277,-7.02091e-06,-2.7122e-05,2
425,0.000107773,-7.98583e-06,-3.3301e-05,2
425.5,0.000109219,-8.94117e-06,-3.94021e-05,2
426,0.000110613,-9.88427e-06,-4.54108e-05,2
426.5,0.000111951,-1.08125e-05,-5.13126e-05,2
427,0.000113231,-1.17234e-05,-5.70932e-05,2
427.5,0.00011445,-1.26144e-05,-6.27387e-05,2
428,0.000115604,-1.34831e-05,-6.82357e-05,2
428.5,0.000116691,-1.43272e-05,-7.35708e-05,2
429,0.00011771,-1.51446e-05,-7.87315e-05,2
429.5,0.000118656,-1.59331e-05,-8.37055e-05,2
430,0.000119528,-1.66907e-05,-8.84809e-05,2
430.5,0.000120323,-1.74157e-05,-9.30465e-05,2
431,0.00012104,-1.81062e-05,-9.73916e-05,2
431.5,0.000121676,-1.87608e-05,-0.000101506,2
432,0.000122229,-1.93779e-05,-0.000105381,2
432.5,0.000122698,-1.99563e-05,-0.000109006,2
433,0.000123081,-2.04948e-05,-0.000112375,2
433.5,0.000123377,-2.09926e-05,-0.000115479,2
434,0.000123583,-2.14487e-05,-0.000118313,2
434.5,0.000123699,-2.18625e-05,-0.000120869,2
435,0.000123724,-2.22335e-05,-0.000123144,2
435.5,0.000123656,-2.25614e-05,-0.000125133,2
436,0.000123495,-2.28461e-05,-0.000126832,2
436.5,0.000123239,-2.30875e-05,-0.00012824,2
437,0.000122889,-2.32857e-05,-0.000129354,2
437.5,0.000122443,-2.34411e-05,-0.000130174,2
438,0.0001219,-2.35541e-05,-0.000130701,2
438.5,0.000121262,-2.36254e-05,-0.000130935,2
439,0.000120526,-2.36556e-05,-0.000130878,2
439.5,0.000119694,-2.36456e-05,-0.000130533,2
440,0.000118764,-2.35965e-05,-0.000129905,2
440.5,0.000117738,-2.35094e-05,-0.000128997,2
441,0.000116614,-2.33855e-05,-0.000127816,2
441.5,0.000115394,-2.32261e-05,-0.000126368,2
442,0.000114078,-2.30329e-05,-0.000124659,2
442.5,0.000112665,-2.28072e-05,-0.000122699,2
443,0.000111157,-2.25507e-05,-0.000120496,2
443.5,0.000109553,-2.22652e-05,-0.00011806,2
444,0.000107856,-2.19524e-05,-0.0001154,2
444.5,0.000106064,-2.16142e-05,-0.000112527,2
445,0.00010418,-2.12525e-05,-0.000109453,2
445.5,0.000102203,-2.08692e-05,-0.00010619,2
446,0.000100136,-2.04664e-05,-0.000102749,2
446.5,9.79784e-05,-2.0046e-05,-9.91445e-05,2
447,9.57321e-05,-1.96101e-05,-9.53886e-05,2
447.5,9.3398e-05,-1.91607e-05,-9.14951e-05,2
448,9.09777e-05,-1.87e-05,-8.74774e-05,2
448.5,8.84724e-05,-1.823e-05,-8.33496e-05,2
449,8.58836e-05,-1.77527e-05,-7.91255e-05,2
449.5,8.32129e-05,-1.72703e-05,-7.48191e-05,2
450,8.04619e-05,-1.67849e-05,-7.04445e-05,2
450.5,7.76325e-05,-1.62983e-05,-6.60156e-05,2
451,7.47265e-05,-1.58128e-05,-6.15463e-05,2
451.5,7.17457e-05,-1.53302e-05,-5.70501e-05,2
452,6.86923e-05,-1.48525e-05,-5.25405e-05,2
452.5,6.55683e-05,-1.43818e-05,-4.80306e-05,2
453,6.23761e-05,-1.39199e-05,-4.35333e-05,2
453.5,5.91178e-05,-1.34687e-05,-3.90609e-05,2
454,5.5796e-05,-1.30301e-05,-3.46255e-05,2
454.5,5.24132e-05,-1.26059e-05,-3.02386e-05,2
455,4.89719e-05,-1.21978e-05,-2.59113e-05,2
455.5,4.5475e-05,-1.18077e-05,-2.16541e-05,2
456,4.19252e-05,-1.14372e-05,-1.74769e-05,2
456.5,3.83255e-05,-1.10881e-05,-1.33892e-05,2
457,3.46788e-05,-1.07619e-05,-9.39979e-06,2
457.5,3.09884e-05,-1.04603e-05,-5.51677e-06,2
458,2.72573e-05,-1.01849e-05,-1.74773e-06,2
458.5,2.3489e-05,-9.93726e-06,1.90044e-06,2
459,1.96868e-05,-9.71886e-06,5.42147e-06,2
459.5,1.58541e-05,-9.5312e-06,8.80974e-06,2
460,1.19947e-05,-9.37575e-06,1.20603e-05,2
460.5,8.11205e-06,-9.25393e-06,1.51687e-05,2
461,4.20996e-06,-9.16716e-06,1.81314e-05,2
461.5,2.92231e-07,-9.11679e-06,2.09453e-05,2
462,-3.63727e-06,-9.10419e-06,2.36078e-05,2
462.5,-7.5746e-06,-9.13065e-06,2.6117e-05,2
463,-1.15158e-05,-9.19747e-06,2.84718e-05,2
463.5,-1.54567e-05,-9.3059e-06,3.06712e-05,2
464,-1.93934e-05,-9.45716e-06,3.2715e-05,2
464.5,-2.33216e-05,-9.65244e-06,3.46036e-05,2
465,-2.72371e-05,-9.89289e-06,3.63376e-05,2
465.5,-3.11359e-05,-1.01796e-05,3.79183e-05,2
466,-3.50137e-05,-1.05137e-05,3.93473e-05,2
466.5,-3.88663e-05,-1.08962e-05,4.06266e-05,2
467,-4.26895e-05,-1.13281e-05,4.17587e-05,2
467.5,-4.64789e-05,-1.18103e-05,4.27463e-05,2
468,-5.02306e-05,-1.23436e-05,4.35925e-05,2
468.5,-5.39403e-05,-1.2929e-05,4.43006e-05,2
469,-5.76038e-05,-1.35672e-05,4.48743e-05,2
469.5,-6.12171e-05,-1.42589e-05,4.53176e-05,2
470,-6.47761e-05,-1.50047e-05,4.56344e-05,2
470.5,-6.82769e-05,-1.58051e-05,4.58291e-05,2
471,-7.17155e-05,-1.66606e-05,4.59061e-05,2
471.5,-7.50882e-05,-1.75717e-05,4.587e-05,2
472,-7.83912e-05,-1.85386e-05,4.57256e-05,2
472.5,-8.16209e-05,-1.95615e-05,4.54776e-05,2
473,-8.47737e-05,-2.06404e-05,4.51309e-05,2
473.5,-8.78462e-05,-2.17755e-05,4.46905e-05,2
474,-9.0835e-05,-2.29666e-05,4.41613e-05,2
474.5,-9.37372e-05,-2.42134e-05,4.35483e-05,2
475,-9.65495e-05,-2.55156e-05,4.28565e-05,2
475.5,-9.92692e-05,-2.68728e-05,4.20909e-05,2
476,-0.000101893,-2.82844e-05,4.12565e-05,2
476.5,-0.00010442,-2.97497e-05,4.0358e-05,2
477,-0.000106846,-3.12678e-05,3.94004e-05,2
477.5,-0.000109169,-3.28378e-05,3.83885e-05,2
478,-0.000111387,-3.44586e-05,3.73269e-05,2
478.5,-0.000113499,-3.61289e-05,3.62201e-05,2
479,-0.000115502,-3.78475e-05,3.50728e-05,2
479.5,-0.000117396,-3.96129e-05,3.38892e-05,2
480,-0.000119178,-4.14234e-05,3.26737e-05,2
480.5,-0.000120848,-4.32774e-05,3.14302e-05,2
481,-0.000122405,-4.5173e-05,3.0163e-05,2
481.5,-0.000123847,-4.71082e-05,2.88757e-05,2
482,-0.000125175,-4.9081e-05,2.75721e-05,2
482.5,-0.000126387,-5.10892e-05,2.62558e-05,2
483,-0.000127484,-5.31305e-05,2.49302e-05,2
483.5,-0.000128466,-5.52025e-05,2.35985e-05,2
484,-0.000129333,-5.73028e-05,2.22638e-05,2
484.5,-0.000130084,-5.94288e-05,2.09292e-05,2
485,-0.000130721,-6.15779e-05,1.95973e-05,2
485.5,-0.000131245,-6.37473e-05,1.82709e-05,2
486,-0.000131656,-6.59343e-05,1.69524e-05,2
486.5,-0.000131954,-6.81361e-05,1.56441e-05,2
487,-0.000132143,-7.03497e-05,1.43482e-05,2
487.5,-0.000132222,-7.25724e-05,1.30666e-05,2
488,-0.000132193,-7.48011e-05,1.18014e-05,2
488.5,-0.000132058,-7.70328e-05,1.05541e-05,2
489,-0.000131818,-7.92647e-05,9.32646e-06,2
489.5,-0.000131476,-8.14937e-05,8.11977e-06,2
490,-0.000131033,-8.37168e-05,6.93538e-06,2
490.5,-0.000130492,-8.59312e-05,5.77444e-06,2
491,-0.000129855,-8.81338e-05,4.63799e-06,2
491.5,-0.000129123,-9.03217e-05,3.52694e-06,2
492,-0.0001283,-9.24921e-05,2.44208e-06,2
492.5,-0.000127388,-9.46422e-05,1.38408e-06,2
493,-0.000126389,-9.67692e-05,3.53513e-07,2
493.5,-0.000125306,-9.88703e-05,-6.49169e-07,2
494,-0.000124142,-0.000100943,-1.6236e-06,2
494.5,-0.000122899,-0.000102985,-2.56953e-06,2
495,-0.00012158,-0.000104993,-3.48675e-06,2
495.5,-0.000120187,-0.000106965,-4.37519e-06,2
496,-0.000118725,-0.000108899,-5.23482e-06,2
496.5,-0.000117194,-0.000110793,-6.0657e-06,2
497,-0.000115599,-0.000112645,-6.86793e-06,2
497.5,-0.000113941,-0.000114452,-7.6417e-06,2
498,-0.000112225,-0.000116213,-8.38723e-06,2
498.5,-0.000110452,-0.000117926,-9.1048e-06,2
499,-0.000108625,-0.000119589,-9.79472e-06,2
499.5,-0.000106747,-0.000121201,-1.04573e-05,2
500,-0.000104822,-0.000122762,-1.10931e-05,2
500.5,-0.000102851,-0.000124268,-1.17023e-05,2
501,-0.000100838,-0.00012572,-1.22854e-05,2
501.5,-9.8785e-05,-0.000127117,-1.28429e-05,2
502,-9.66948e-05,-0.000128457,-1.33751e-05,2
502.5,-9.45702e-05,-0.00012974,-1.38826e-05,2
503,-9.24139e-05,-0.000130966,-1.43658e-05,2
503.5,-9.02283e-05,-0.000132135,-1.48251e-05,2
504,-8.80161e-05,-0.000133245,-1.5261e-05,2
504.5,-8.57798e-05,-0.000134297,-1.56737e-05,2
505,-8.35219e-05,-0.000135292,-1.60638e-05,2
505.5,-8.1245e-05,-0.000136229,-1.64316e-05,2
506,-7.89514e-05,-0.000137109,-1.67774e-05,2
506.5,-7.66436e-05,-0.000137932,-1.71015e-05,2
507,-7.4324e-05,-0.000138699,-1.74042e-05,2
507.5,-7.1995e-05,-0.00013941,-1.76857e-05,2
508,-6.96587e-05,-0.000140068,-1.79462e-05,2
508.5,-6.73177e-05,-0.000140672,-1.81858e-05,2
509,-6.4974e-05,-0.000141224,-1.84047e-05,2
509.5,-6.26301e-05,-0.000141725,-1.8603e-05,2
510,-6.0288e-05,-0.000142176,-1.87806e-05,2
510.5,-5.795e-05,-0.000142579,-1.89375e-05,2
511,-5.56182e-05,-0.000142936,-1.90738e-05,2
511.5,-5.32948e-05,-0.000143248,-1.91892e-05,2
512,-5.09818e-05,-0.000143518,-1.92837e-05,2
512.5,-4.86813e-05,-0.000143746,-1.93572e-05,2
513,-4.63954e-05,-0.000143934,-1.94094e-05,2
513.5,-4.41261e-05,-0.000144086,-1.94401e-05,2
514,-4.18753e-05,-0.000144202,-1.9449e-05,2
514.5,-3.9645e-05,-0.000144285,-1.9436e-05,2
515,-3.74371e-05,-0.000144337,-1.94007e-05,2
515.5,-3.52534e-05,-0.000144361,-1.93429e-05,2
516,-3.30959e-05,-0.000144357,-1.92622e-05,2
516.5,-3.09662e-05,-0.000144329,-1.91584e-05,2
517,-2.88661e-05,-0.000144279,-1.90312e-05,2
517.5,-2.67972e-05,-0.000144209,-1.88804e-05,2
518,-2.47614e-05,-0.00014412,-1.87056e-05,2
518.5,-2.276e-05,-0.000144016,-1.85068e-05,2
519,-2.07946e-05,-0.000143899,-1.82837e-05,2
519.5,-1.88667e-05,-0.000143769,-1.80362e-05,2
520,-1.69777e-05,-0.000143631,-1.77642e-05,2
520.5,-1.51289e-05,-0.000143485,-1.74677e-05,2
521,-1.33215e-05,-0.000143333,-1.71467e-05,2
521.5,-1.15567e-05,-0.000143178,-1.68013e-05,2
522,-9.83563e-06,-0.000143021,-1.64318e-05,2
522.5,-8.15922e-06,-0.000142864,-1.60383e-05,2
523,-6.52841e-06,-0.000142708,-1.56212e-05,2
523.5,-4.94401e-06,-0.000142556,-1.5181e-05,2
524,-3.40676e-06,-0.000142407,-1.47181e-05,2
524.5,-1.91727e-06,-0.000142265,-1.42332e-05,2
525,-4.76063e-07,-0.00014213,-1.37269e-05,2
525.5,9.16436e-07,-0.000142002,-1.32002e-05,2
526,2.25992e-06,-0.000141884,-1.26539e-05,2
526.5,3.55417e-06,-0.000141776,-1.20891e-05,2
527,4.79911e-06,-0.000141678,-1.15067e-05,2
527.5,5.99474e-06,-0.000141591,-1.09082e-05,2
528,7.14118e-06,-0.000141516,-1.02947e-05,2
528.5,8.23869e-06,-0.000141453,-9.66763e-06,2
529,9.2876e-06,-0.000141403,-9.02852e-06,2
529.5,1.02884e-05,-0.000141365,-8.37893e-06,2
530,1.12416e-05,-0.000141339,-7.72048e-06,2
530.5,1.21479e-05,-0.000141325,-7.0549e-06,2
531,1.30081e-05,-0.000141322,-6.38397e-06,2
531.5,1.38231e-05,-0.000141332,-5.7095e-06,2
532,1.45939e-05,-0.000141352,-5.0334e-06,2
532.5,1.53216e-05,-0.000141382,-4.35756e-06,2
533,1.60073e-05,-0.000141422,-3.68395e-06,2
533.5,1.66524e-05,-0.00014147,-3.01454e-06,2
534,1.72583e-05,-0.000141526,-2.3513e-06,2
534.5,1.78263e-05,-0.000141588,-1.69621e-06,2
535,1.8358e-05,-0.000141656,-1.05125e-06,2
535.5,1.88551e-05,-0.000141728,-4.18373e-07,2
536,1.93192e-05,-0.000141803,2.00498e-07,2
536.5,1.97521e-05,-0.000141879,8.03475e-07,2
537,2.01556e-05,-0.000141956,1.38872e-06,2
537.5,2.05316e-05,-0.000142031,1.95445e-06,2
538,2.08821e-05,-0.000142104,2.49896e-06,2
538.5,2.1209e-05,-0.000142172,3.02061e-06,2
539,2.15143e-05,-0.000142234,3.51784e-06,2
539.5,2.18e-05,-0.000142289,3.98919e-06,2
540,2.20684e-05,-0.000142335,4.43331e-06,2
540.5,2.23215e-05,-0.00014237,4.84893e-06,2
541,2.25613e-05,-0.000142393,5.23492e-06,2
541.5,2.27902e-05,-0.000142403,5.59026e-06,2
542,2.30102e-05,-0.000142397,5.91406e-06,2
542.5,2.32235e-05,-0.000142374,6.20555e-06,2
543,2.34323e-05,-0.000142333,6.46411e-06,2
543.5,2.36388e-05,-0.000142272,6.68926e-06,2
544,2.38451e-05,-0.000142191,6.88066e-06,2
544.5,2.40533e-05,-0.000142087,7.03812e-06,2
545,2.42657e-05,-0.000141959,7.1616e-06,2
545.5,2.44842e-05,-0.000141807,7.25122e-06,2
546,2.4711e-05,-0.000141629,7.30725e-06,2
546.5,2.49481e-05,-0.000141424,7.33014e-06,2
547,2.51976e-05,-0.000141192,7.32048e-06,2
547.5,2.54614e-05,-0.000140931,7.27903e-06,2
548,2.57415e-05,-0.00014064,7.20672e-06,2
548.5,2.60398e-05,-0.000140319,7.10464e-06,2
549,2.63581e-05,-0.000139968,6.97405e-06,2
549.5,2.66982e-05,-0.000139586,6.81638e-06,2
550,2.70619e-05,-0.000139172,6.63323e-06,2
550.5,2.74509e-05,-0.000138726,6.42637e-06,2
551,2.78668e-05,-0.000138249,6.19773e-06,2
551.5,2.83112e-05,-0.000137739,5.94941e-06,2
552,2.87856e-05,-0.000137197,5.68369e-06,2
552.5,2.92914e-05,-0.000136624,5.40303e-06,2
553,2.98301e-05,-0.000136018,5.11002e-06,2
553.5,3.04029e-05,-0.000135381,4.80746e-06,2
554,3.10111e-05,-0.000134713,4.49829e-06,2
554.5,3.16558e-05,-0.000134014,4.18563e-06,2
555,3.23382e-05,-0.000133285,3.87276e-06,2
555.5,3.30593e-05,-0.000132526,3.56313e-06,2
556,3.38201e-05,-0.000131739,3.26033e-06,2
556.5,3.46213e-05,-0.000130923,2.96815e-06,2
557,3.54639e-05,-0.00013008,2.6905e-06,2
557.5,3.63485e-05,-0.000129211,2.43147e-06,2
558,3.72758e-05,-0.000128316,2.19527e-06,2
558.5,3.82463e-05,-0.000127397,1.9863e-06,2
559,3.92607e-05,-0.000126454,1.80907e-06,2
559.5,4.03192e-05,-0.000125489,1.66825e-06,2
560,4.14223e-05,-0.000124503,1.56862e-06,2
560.5,4.25703e-05,-0.000123497,1.51512e-06,2
561,4.37633e-05,-0.000122473,1.51278e-06,2
561.5,4.50015e-05,-0.00012143,1.56678e-06,2
562,4.62849e-05,-0.000120372,1.68237e-06,2
562.5,4.76137e-05,-0.000119298,1.86492e-06,2
563,4.89877e-05,-0.000118211,2.11989e-06,2
563.5,5.04069e-05,-0.000117112,2.45282e-06,2
564,5.1871e-05,-0.000116001,2.8693e-06,2
564.5,5.33799e-05,-0.000114881,3.375e-06,2
565,5.49332e-05,-0.000113752,3.97563e-06,2
565.5,5.65307e-05,-0.000112616,4.67691e-06,2
566,5.8172e-05,-0.000111475,5.48459e-06,2
566.5,5.98566e-05,-0.000110328,6.40441e-06,2
567,6.15842e-05,-0.000109179,7.44211e-06,2
567.5,6.33541e-05,-0.000108027,8.60336e-06,2
568,6.5166e-05,-0.000106874,9.89379e-06,2
568.5,6.70191e-05,-0.000105722,1.1319e-05,2
569,6.8913e-05,-0.000104571,1.28843e-05,2
569.5,7.08471e-05,-0.000103423,1.45951e-05,2
570,7.28206e-05,-0.000102279,1.64566e-05,2
570.5,7.48329e-05,-0.00010114,1.84736e-05,2
571,7.68834e-05,-0.000100007,2.06511e-05,2
571.5,7.89713e-05,-9.88805e-05,2.29934e-05,2
572,8.10959e-05,-9.77623e-05,2.55049e-05,2
572.5,8.32564e-05,-9.6653e-05,2.81894e-05,2
573,8.54522e-05,-9.55536e-05,3.10506e-05,2
573.5,8.76824e-05,-9.4465e-05,3.40916e-05,2
574,8.99462e-05,-9.33881e-05,3.73151e-05,2
574.5,9.22429e-05,-9.23236e-05,4.07235e-05,2
575,9.45715e-05,-9.12725e-05,4.43184e-05,2
575.5,9.69311e-05,-9.02355e-05,4.81011e-05,2
576,9.9321e-05,-8.92133e-05,5.20721e-05,2
576.5,0.00010174,-8.82066e-05,5.62313e-05,2
577,0.000104187,-8.72161e-05,6.05777e-05,2
577.5,0.000106662,-8.62425e-05,6.51098e-05,2
578,0.000109162,-8.52864e-05,6.98249e-05,2
578.5,0.000111687,-8.43485e-05,7.47196e-05,2
579,0.000114236,-8.34292e-05,7.97894e-05,2
579.5,0.000116807,-8.25292e-05,8.50287e-05,2
580,0.000119398,-8.16491e-05,9.0431e-05,2
580.5,0.000122008,-8.07892e-05,9.59881e-05,2
581,0.000124636,-7.99502e-05,0.000101691,2
581.5,0.000127278,-7.91325e-05,0.000107529,2
582,0.000129934,-7.83367e-05,0.000113489,2
582.5,0.0001326,-7.7563e-05,0.000119559,2
583,0.000135274,-7.68121e-05,0.000125722,2
583.5,0.000137952,-7.60844e-05,0.000131961,2
584,0.000140633,-7.53802e-05,0.000138258,2
584.5,0.000143312,-7.46999e-05,0.00014459,2
585,0.000145984,-7.40441e-05,0.000150936,2
585.5,0.000148647,-7.34129e-05,0.000157269,2
586,0.000151295,-7.28068e-05,0.000163561,2
586.5,0.000153922,-7.22261e-05,0.000169782,2
587,0.000156524,-7.16712e-05,0.0001759,2
587.5,0.000159094,-7.11422e-05,0.000181879,2
588,0.000161625,-7.06396e-05,0.00018768,2
588.5,0.000164109,-7.01634e-05,0.000193263,2
589,0.000166539,-6.97139e-05,0.000198583,2
589.5,0.000168906,-6.92913e-05,0.000203592,2
590,0.000171201,-6.88956e-05,0.00020824,2
590.5,0.000173412,-6.85268e-05,0.000212472,2
591,0.000175531,-6.81851e-05,0.000216229,2
591.5,0.000177545,-6.78702e-05,0.000219451,2
592,0.000179442,-6.7582e-05,0.00022207,2
592.5,0.000181209,-6.73203e-05,0.000224016,2
593,0.000182829,-6.70848e-05,0.000225215,2
593.5,0.000184278,-6.68749e-05,0.000225586,2
594,0.000185518,-6.66903e-05,0.000225046,2
594.5,0.000186485,-6.65302e-05,0.000223503,2
595,0.000187057,-6.63939e-05,0.000220863,2
595.5,0.000187023,-6.62805e-05,0.000217025,2
596,0.000186031,-6.61889e-05,0.00021188,2
596.5,0.000183559,-6.6118e-05,0.000205316,2
597,0.000179008,-6.60665e-05,0.000197213,2
597.5,0.000172061,-6.60331e-05,0.000187442,2
598,0.000163455,-6.60163e-05,0.000175872,2
598.5,0.000155907,-6.60146e-05,0.000162359,2
599,0.000154579,-6.60259e-05,0.000146756,2
599.5,0.000166937,-6.60478e-05,0.000128904,2
600,0.00017222,-6.60786e-05,0.000112085,3
600.5,0.00017389,-6.6115e-05,9.62534e-05,3
601,0.000173712,-6.61572e-05,8.1367e-05,3
601.5,0.000172588,-6.62062e-05,6.73851e-05,3
602,0.000170979,-6.62627e-05,5.42687e-05,3
602.5,0.000169118,-6.63269e-05,4.19804e-05,3
603,0.000167128,-6.63988e-05,3.04839e-05,3
603.5,0.000165068,-6.64783e-05,1.97438e-05,3
604,0.00016297,-6.65651e-05,9.72624e-06,3
604.5,0.00016085,-6.66587e-05,3.98191e-07,3
605,0.000158716,-6.67587e-05,-8.2722e-06,3
605.5,0.000156574,-6.68648e-05,-1.63157e-05,3
606,0.000154424,-6.69762e-05,-2.3762e-05,3
606.5,0.000152269,-6.70926e-05,-3.06399e-05,3
607,0.00015011,-6.72134e-05,-3.69767e-05,3
607.5,0.000147947,-6.7338e-05,-4.27992e-05,3
608,0.00014578,-6.74658e-05,-4.81329e-05,3
608.5,0.00014361,-6.75963e-05,-5.30024e-05,3
609,0.000141437,-6.77287e-05,-5.74311e-05,3
609.5,0.000139262,-6.78625e-05,-6.14419e-05,3
610,0.000137085,-6.79971e-05,-6.50564e-05,3
610.5,0.000134906,-6.81316e-05,-6.82955e-05,3
611,0.000132727,-6.82656e-05,-7.11791e-05,3
611.5,0.000130546,-6.83982e-05,-7.37263e-05,3
612,0.000128366,-6.85288e-05,-7.59555e-05,3
612.5,0.000126186,-6.86567e-05,-7.78842e-05,3
613,0.000124007,-6.87812e-05,-7.95291e-05,3
613.5,0.00012183,-6.89015e-05,-8.09062e-05,3
614,0.000119654,-6.9017e-05,-8.2031e-05,3
614.5,0.00011748,-6.9127e-05,-8.29179e-05,3
615,0.000115309,-6.92308e-05,-8.3581e-05,3
615.5,0.000113142,-6.93276e-05,-8.40335e-05,3
616,0.000110979,-6.94167e-05,-8.42883e-05,3
616.5,0.00010882,-6.94975e-05,-8.43574e-05,3
617,0.000106666,-6.95692e-05,-8.42523e-05,3
617.5,0.000104518,-6.96312e-05,-8.39842e-05,3
618,0.000102376,-6.96828e-05,-8.35634e-05,3
618.5,0.000100241,-6.97234e-05,-8.30001e-05,3
619,9.81132e-05,-6.97523e-05,-8.23036e-05,3
619.5,9.59932e-05,-6.97689e-05,-8.14831e-05,3
620,9.38817e-05,-6.97725e-05,-8.05471e-05,3
620.5,9.17793e-05,-6.97626e-05,-7.95039e-05,3
621,8.96864e-05,-6.97386e-05,-7.83611e-05,3
621.5,8.76038e-05,-6.96999e-05,-7.71263e-05,3
622,8.5532e-05,-6.9646e-05,-7.58063e-05,3
622.5,8.34716e-05,-6.95763e-05,-7.4408e-05,3
623,8.14231e-05,-6.94903e-05,-7.29374e-05,3
623.5,7.93872e-05,-6.93876e-05,-7.14008e-05,3
624,7.73644e-05,-6.92676e-05,-6.98036e-05,3
624.5,7.53554e-05,-6.913e-05,-6.81513e-05,3
625,7.33606e-05,-6.89743e-05,-6.6449e-05,3
625.5,7.13807e-05,-6.88002e-05,-6.47015e-05,3
626,6.94163e-05,-6.86072e-05,-6.29133e-05,3
626.5,6.74679e-05,-6.83949e-05,-6.10887e-05,3
627,6.55362e-05,-6.81632e-05,-5.92318e-05,3
627.5,6.36215e-05,-6.79116e-05,-5.73464e-05,3
628,6.17247e-05,-6.76399e-05,-5.54362e-05,3
628.5,5.98461e-05,-6.73479e-05,-5.35044e-05,3
629,5.79864e-05,-6.70352e-05,-5.15543e-05,3
629.5,5.6146e-05,-6.67018e-05,-4.9589e-05,3
630,5.43257e-05,-6.63474e-05,-4.76113e-05,3
630.5,5.25258e-05,-6.59718e-05,-4.56237e-05,3
631,5.0747e-05,-6.55751e-05,-4.36289e-05,3
631.5,4.89897e-05,-6.51569e-05,-4.16292e-05,3
632,4.72545e-05,-6.47173e-05,-3.96267e-05,3
632.5,4.55419e-05,-6.42561e-05,-3.76235e-05,3
633,4.38524e-05,-6.37735e-05,-3.56216e-05,3
633.5,4.21865e-05,-6.32692e-05,-3.36228e-05,3
634,4.05448e-05,-6.27434e-05,-3.16286e-05,3
634.5,3.89276e-05,-6.21961e-05,-2.96407e-05,3
635,3.73355e-05,-6.16274e-05,-2.76606e-05,3
635.5,3.57689e-05,-6.10372e-05,-2.56895e-05,3
636,3.42282e-05,-6.04257e-05,-2.37288e-05,3
636.5,3.27141e-05,-5.97931e-05,-2.17797e-05,3
637,3.12267e-05,-5.91394e-05,-1.98431e-05,3
637.5,2.97667e-05,-5.84648e-05,-1.79202e-05,3
638,2.83343e-05,-5.77696e-05,-1.60119e-05,3
638.5,2.693e-05,-5.70538e-05,-1.41189e-05,3
639,2.55542e-05,-5.63177e-05,-1.22423e-05,3
639.5,2.42073e-05,-5.55616e-05,-1.03826e-05,3
640,2.28895e-05,-5.47856e-05,-8.54057e-06,3
640.5,2.16013e-05,-5.39901e-05,-6.71687e-06,3
641,2.0343e-05,-5.31754e-05,-4.91208e-06,3
641.5,1.91148e-05,-5.23416e-05,-3.12675e-06,3
642,1.79171e-05,-5.14892e-05,-1.36139e-06,3
642.5,1.67502e-05,-5.06185e-05,3.83526e-07,3
643,1.56142e-05,-4.97297e-05,2.10755e-06,3
643.5,1.45096e-05,-4.88234e-05,3.81027e-06,3
644,1.34364e-05,-4.78997e-05,5.49129e-06,3
644.5,1.2395e-05,-4.69592e-05,7.15025e-06,3
645,1.13855e-05,-4.60021e-05,8.7868e-06,3
645.5,1.0408e-05,-4.5029e-05,1.04006e-05,3
646,9.46272e-06,-4.40402e-05,1.19914e-05,3
646.5,8.54982e-06,-4.30361e-05,1.35587e-05,3
647,7.66939e-06,-4.20172e-05,1.51025e-05,3
647.5,6.82154e-06,-4.09838e-05,1.66222e-05,3
648,6.00632e-06,-3.99366e-05,1.81178e-05,3
648.5,5.2238e-06,-3.88758e-05,1.95888e-05,3
649,4.474e-06,-3.7802e-05,2.1035e-05,3
649.5,3.75694e-06,-3.67157e-05,2.24562e-05,3
650,3.07261e-06,-3.56173e-05,2.3852e-05,3
650.5,2.42098e-06,-3.45072e-05,2.52223e-05,3
651,1.80198e-06,-3.33861e-05,2.65666e-05,3
651.5,1.21556e-06,-3.22543e-05,2.78847e-05,3
652,6.61604e-07,-3.11124e-05,2.91763e-05,3
652.5,1.40002e-07,-2.99609e-05,3.04412e-05,3
653,-3.49388e-07,-2.88002e-05,3.1679e-05,3
653.5,-8.06729e-07,-2.76309e-05,3.28893e-05,3
654,-1.2322e-06,-2.64535e-05,3.4072e-05,3
654.5,-1.62602e-06,-2.52684e-05,3.52266e-05,3
655,-1.9884e-06,-2.40763e-05,3.63529e-05,3
655.5,-2.31959e-06,-2.28775e-05,3.74504e-05,3
656,-2.61987e-06,-2.16726e-05,3.85189e-05,3
656.5,-2.88953e-06,-2.0462e-05,3.95579e-05,3
657,-3.12887e-06,-1.92464e-05,4.05672e-05,3
657.5,-3.33823e-06,-1.80262e-05,4.15464e-05,3
658,-3.51796e-06,-1.68018e-05,4.2495e-05,3
658.5,-3.66844e-06,-1.55739e-05,4.34128e-05,3
659,-3.79005e-06,-1.43428e-05,4.42993e-05,3
659.5,-3.8832e-06,-1.3109e-05,4.51541e-05,3
660,-3.94833e-06,-1.18731e-05,4.59769e-05,3
660.5,-3.98588e-06,-1.06355e-05,4.67673e-05,3
661,-3.99632e-06,-9.39673e-06,4.75249e-05,3
661.5,-3.98014e-06,-8.15719e-06,4.82493e-05,3
662,-3.93782e-06,-6.91736e-06,4.89401e-05,3
662.5,-3.8699e-06,-5.67769e-06,4.95969e-05,3
663,-3.77689e-06,-4.43863e-06,5.02195e-05,3
663.5,-3.65936e-06,-3.20062e-06,5.08073e-05,3
664,-3.51785e-06,-1.96409e-06,5.13601e-05,3
664.5,-3.35296e-06,-7.29464e-07,5.18774e-05,3
665,-3.16526e-06,5.02849e-07,5.2359e-05,3
665.5,-2.95537e-06,1.73244e-06,5.28044e-05,3
666,-2.7239e-06,2.95892e-06,5.32135e-05,3
666.5,-2.47147e-06,4.1819e-06,5.35858e-05,3
667,-2.19873e-06,5.40101e-06,5.3921e-05,3
667.5,-1.90632e-06,6.61587e-06,5.4219e-05,3
668,-1.5949e-06,7.82613e-06,5.44793e-05,3
668.5,-1.26515e-06,9.03145e-06,5.47019e-05,3
669,-9.17729e-07,1.02315e-05,5.48864e-05,3
669.5,-5.53331e-07,1.14259e-05,5.50326e-05,3
670,-1.72644e-07,1.26145e-05,5.51404e-05,3
670.5,2.23633e-07,1.37968e-05,5.52096e-05,3
671,6.34799e-07,1.49726e-05,5.52401e-05,3
671.5,1.06014e-06,1.61417e-05,5.52317e-05,3
672,1.49896e-06,1.73037e-05,5.51844e-05,3
672.5,1.95053e-06,1.84584e-05,5.50981e-05,3
673,2.41413e-06,1.96056e-05,5.49728e-05,3
673.5,2.88904e-06,2.07451e-05,5.48085e-05,3
674,3.37454e-06,2.18766e-05,5.46052e-05,3
674.5,3.86992e-06,2.29999e-05,5.43629e-05,3
675,4.37444e-06,2.41148e-05,5.40818e-05,3
675.5,4.88738e-06,2.52212e-05,5.37619e-05,3
676,5.40802e-06,2.63189e-05,5.34035e-05,3
676.5,5.93565e-06,2.74078e-05,5.30067e-05,3
677,6.46954e-06,2.84877e-05,5.25717e-05,3
677.5,7.00898e-06,2.95584e-05,5.20988e-05,3
678,7.55327e-06,3.06199e-05,5.15883e-05,3
678.5,8.10169e-06,3.16721e-05,5.10404e-05,3
679,8.65355e-06,3.27149e-05,5.04556e-05,3
679.5,9.20815e-06,3.37481e-05,4.98341e-05,3
680,9.76481e-06,3.47719e-05,4.91766e-05,3
680.5,1.03228e-05,3.57859e-05,4.84833e-05,3
681,1.08816e-05,3.67904e-05,4.77547e-05,3
681.5,1.14403e-05,3.77851e-05,4.69915e-05,3
682,1.19985e-05,3.87702e-05,4.61941e-05,3
682.5,1.25553e-05,3.97455e-05,4.53632e-05,3
683,1.31103e-05,4.07112e-05,4.44994e-05,3
683.5,1.36627e-05,4.16672e-05,4.36032e-05,3
684,1.4212e-05,4.26135e-05,4.26755e-05,3
684.5,1.47575e-05,4.35502e-05,4.17168e-05,3
685,1.52986e-05,4.44773e-05,4.07281e-05,3
685.5,1.58348e-05,4.53949e-05,3.971e-05,3
686,1.63655e-05,4.6303e-05,3.86633e-05,3
686.5,1.68901e-05,4.72018e-05,3.75889e-05,3
687,1.74081e-05,4.80913e-05,3.64877e-05,3
687.5,1.79189e-05,4.89716e-05,3.53605e-05,3
688,1.84221e-05,4.98429e-05,3.42083e-05,3
688.5,1.89171e-05,5.07051e-05,3.3032e-05,3
689,1.94034e-05,5.15585e-05,3.18325e-05,3
689.5,1.98806e-05,5.24031e-05,3.06109e-05,3
690,2.03482e-05,5.32392e-05,2.93682e-05,3
690.5,2.08057e-05,5.40668e-05,2.81053e-05,3
691,2.12528e-05,5.4886e-05,2.68234e-05,3
691.5,2.16889e-05,5.56972e-05,2.55235e-05,3
692,2.21138e-05,5.65003e-05,2.42067e-05,3
692.5,2.2527e-05,5.72955e-05,2.28741e-05,3
693,2.29282e-05,5.80831e-05,2.15268e-05,3
693.5,2.3317e-05,5.88631e-05,2.01659e-05,3
694,2.36931e-05,5.96359e-05,1.87927e-05,3
694.5,2.40561e-05,6.04015e-05,1.74081e-05,3
695,2.44058e-05,6.11601e-05,1.60134e-05,3
695.5,2.47418e-05,6.19119e-05,1.46097e-05,3
696,2.5064e-05,6.26571e-05,1.31982e-05,3
696.5,2.5372e-05,6.33959e-05,1.17802e-05,3
697,2.56656e-05,6.41285e-05,1.03566e-05,3
697.5,2.59447e-05,6.48551e-05,8.92885e-06,3
698,2.62089e-05,6.55758e-05,7.49797e-06,3
698.5,2.64581e-05,6.62909e-05,6.06516e-06,3
699,2.66921e-05,6.70005e-05,4.63161e-06,3
699.5,2.69109e-05,6.77049e-05,3.19847e-06,3
700,2.71141e-05,6.84042e-05,1.76691e-06,3
700.5,2.73018e-05,6.90987e-05,3.38078e-07,3
701,2.74738e-05,6.97885e-05,-1.08689e-06,3
701.5,2.763e-05,7.04738e-05,-2.50685e-06,3
702,2.77703e-05,7.11547e-05,-3.92069e-06,3
702.5,2.78947e-05,7.18316e-05,-5.32731e-06,3
703,2.80031e-05,7.25045e-05,-6.72561e-06,3
703.5,2.80955e-05,7.31737e-05,-8.11452e-06,3
704,2.81718e-05,7.38393e-05,-9.49298e-06,3
704.5,2.82321e-05,7.45014e-05,-1.086e-05,3
705,2.82764e-05,7.51604e-05,-1.22144e-05,3
705.5,2.83047e-05,7.58162e-05,-1.35554e-05,3
706,2.83169e-05,7.64692e-05,-1.48819e-05,3
706.5,2.83133e-05,7.71194e-05,-1.61929e-05,3
707,2.82937e-05,7.7767e-05,-1.74876e-05,3
707.5,2.82584e-05,7.84122e-05,-1.87651e-05,3
708,2.82073e-05,7.9055e-05,-2.00244e-05,3
708.5,2.81405e-05,7.96957e-05,-2.12647e-05,3
709,2.80583e-05,8.03343e-05,-2.24853e-05,3
709.5,2.79606e-05,8.0971e-05,-2.36852e-05,3
710,2.78476e-05,8.16059e-05,-2.48638e-05,3
710.5,2.77194e-05,8.22391e-05,-2.60203e-05,3
711,2.75763e-05,8.28708e-05,-2.71541e-05,3
711.5,2.74182e-05,8.3501e-05,-2.82644e-05,3
712,2.72455e-05,8.41299e-05,-2.93506e-05,3
712.5,2.70582e-05,8.47575e-05,-3.04122e-05,3
713,2.68565e-05,8.53839e-05,-3.14485e-05,3
713.5,2.66407e-05,8.60091e-05,-3.24591e-05,3
714,2.64108e-05,8.66334e-05,-3.34434e-05,3
714.5,2.61672e-05,8.72567e-05,-3.44009e-05,3
715,2.591e-05,8.78791e-05,-3.53313e-05,3
715.5,2.56394e-05,8.85007e-05,-3.62342e-05,3
716,2.53556e-05,8.91214e-05,-3.71091e-05,3
716.5,2.50589e-05,8.97415e-05,-3.79558e-05,3
717,2.47494e-05,9.03608e-05,-3.87739e-05,3
717.5,2.44275e-05,9.09794e-05,-3.95633e-05,3
718,2.40933e-05,9.15973e-05,-4.03237e-05,3
718.5,2.37471e-05,9.22147e-05,-4.10549e-05,3
719,2.33891e-05,9.28314e-05,-4.17568e-05,3
719.5,2.30196e-05,9.34475e-05,-4.24292e-05,3
720,2.26388e-05,9.4063e-05,-4.30721e-05,3
720.5,2.22469e-05,9.46779e-05,-4.36854e-05,3
721,2.18443e-05,9.52921e-05,-4.42692e-05,3
721.5,2.14311e-05,9.59058e-05,-4.48233e-05,3
722,2.10076e-05,9.65188e-05,-4.5348e-05,3
722.5,2.0574e-05,9.71311e-05,-4.58432e-05,3
723,2.01307e-05,9.77427e-05,-4.63091e-05,3
723.5,1.96779e-05,9.83536e-05,-4.67458e-05,3
724,1.92158e-05,9.89637e-05,-4.71535e-05,3
724.5,1.87447e-05,9.9573e-05,-4.75324e-05,3
725,1.82648e-05,0.000100181,-4.78828e-05,3
725.5,1.77764e-05,0.000100789,-4.82048e-05,3
726,1.72798e-05,0.000101396,-4.84988e-05,3
726.5,1.67751e-05,0.000102001,-4.87651e-05,3
727,1.62627e-05,0.000102606,-4.90041e-05,3
727.5,1.57428e-05,0.000103209,-4.9216e-05,3
728,1.52156e-05,0.000103811,-4.94014e-05,3
728.5,1.46814e-05,0.000104412,-4.95605e-05,3
729,1.41404e-05,0.000105011,-4.96938e-05,3
729.5,1.35929e-05,0.000105609,-4.98018e-05,3
730,1.30391e-05,0.000106206,-4.9885e-05,3
730.5,1.24793e-05,0.000106801,-4.99438e-05,3
731,1.19136e-05,0.000107394,-4.99788e-05,3
731.5,1.13422e-05,0.000107986,-4.99904e-05,3
732,1.07655e-05,0.000108575,-4.99793e-05,3
732.5,1.01837e-05,0.000109163,-4.99459e-05,3
733,9.59685e-06,0.000109749,-4.98909e-05,3
733.5,9.00529e-06,0.000110332,-4.98148e-05,3
734,8.4092e-06,0.000110914,-4.97183e-05,3
734.5,7.80879e-06,0.000111493,-4.96019e-05,3
735,7.20425e-06,0.000112069,-4.94663e-05,3
735.5,6.59578e-06,0.000112643,-4.93121e-05,3
736,5.98357e-06,0.000113215,-4.914e-05,3
736.5,5.3678e-06,0.000113784,-4.89505e-05,3
737,4.74867e-06,0.00011435,-4.87444e-05,3
737.5,4.12634e-06,0.000114913,-4.85222e-05,3
738,3.50099e-06,0.000115473,-4.82848e-05,3
738.5,2.87279e-06,0.00011603,-4.80327e-05,3
739,2.24189e-06,0.000116583,-4.77666e-05,3
739.5,1.60846e-06,0.000117134,-4.74872e-05,3
740,9.72649e-07,0.000117681,-4.71951e-05,3
740.5,3.34603e-07,0.000118224,-4.68911e-05,3
741,-3.05536e-07,0.000118764,-4.65758e-05,3
741.5,-9.4763e-07,0.0001193,-4.62499e-05,3
742,-1.59155e-06,0.000119833,-4.59141e-05,3
742.5,-2.23716e-06,0.000120361,-4.5569e-05,3
743,-2.88435e-06,0.000120886,-4.52154e-05,3
743.5,-3.53301e-06,0.000121406,-4.48538e-05,3
744,-4.18301e-06,0.000121922,-4.4485e-05,3
744.5,-4.83425e-06,0.000122434,-4.41096e-05,3
745,-5.48664e-06,0.000122941,-4.37283e-05,3
745.5,-6.14008e-06,0.000123444,-4.33416e-05,3
746,-6.79448e-06,0.000123943,-4.29504e-05,3
746.5,-7.44976e-06,0.000124436,-4.25551e-05,3
747,-8.10584e-06,0.000124925,-4.21564e-05,3
747.5,-8.76264e-06,0.000125409,-4.1755e-05,3
748,-9.4201e-06,0.000125888,-4.13514e-05,3
748.5,-1.00782e-05,0.000126362,-4.09463e-05,3
749,-1.07367e-05,0.000126831,-4.05402e-05,3
749.5,-1.13958e-05,0.000127295,-4.01337e-05,3
750,-1.20553e-05,0.000127753,-3.97275e-05,3
750.5,-1.27153e-05,0.000128206,-3.93219e-05,3
751,-1.33755e-05,0.000128654,-3.89177e-05,3
751.5,-1.40362e-05,0.000129095,-3.85153e-05,3
752,-1.46971e-05,0.000129532,-3.81153e-05,3
752.5,-1.53583e-05,0.000129962,-3.77182e-05,3
753,-1.60197e-05,0.000130387,-3.73245e-05,3
753.5,-1.66815e-05,0.000130806,-3.69346e-05,3
754,-1.73435e-05,0.000131218,-3.65491e-05,3
754.5,-1.80057e-05,0.000131625,-3.61685e-05,3
755,-1.86682e-05,0.000132026,-3.57931e-05,3
755.5,-1.9331e-05,0.00013242,-3.54234e-05,3
756,-1.9994e-05,0.000132808,-3.50598e-05,3
756.5,-2.06574e-05,0.00013319,-3.47029e-05,3
757,-2.13211e-05,0.000133566,-3.43528e-05,3
757.5,-2.19851e-05,0.000133934,-3.40101e-05,3
758,-2.26495e-05,0.000134297,-3.36751e-05,3
758.5,-2.33144e-05,0.000134652,-3.33481e-05,3
759,-2.39797e-05,0.000135001,-3.30296e-05,3
759.5,-2.46455e-05,0.000135343,-3.27198e-05,3
760,-2.53119e-05,0.000135679,-3.2419e-05,3
760.5,-2.5979e-05,0.000136007,-3.21275e-05,3
761,-2.66467e-05,0.000136328,-3.18457e-05,3
761.5,-2.73152e-05,0.000136642,-3.15737e-05,3
762,-2.79845e-05,0.000136949,-3.13119e-05,3
762.5,-2.86546e-05,0.000137249,-3.10605e-05,3
763,-2.93258e-05,0.000137542,-3.08197e-05,3
763.5,-2.9998e-05,0.000137827,-3.05896e-05,3
764,-3.06714e-05,0.000138105,-3.03706e-05,3
764.5,-3.1346e-05,0.000138375,-3.01628e-05,3
765,-3.20219e-05,0.000138638,-2.99663e-05,3
765.5,-3.26992e-05,0.000138893,-2.97813e-05,3
766,-3.33781e-05,0.00013914,-2.9608e-05,3
766.5,-3.40585e-05,0.00013938,-2.94464e-05,3
767,-3.47408e-05,0.000139612,-2.92966e-05,3
767.5,-3.54248e-05,0.000139836,-2.91588e-05,3
768,-3.61109e-05,0.000140052,-2.90331e-05,3
768.5,-3.6799e-05,0.00014026,-2.89194e-05,3
769,-3.74894e-05,0.00014046,-2.88178e-05,3
769.5,-3.8182e-05,0.000140651,-2.87284e-05,3
770,-3.88772e-05,0.000140835,-2.86511e-05,3
770.5,-3.95749e-05,0.00014101,-2.85861e-05,3
771,-4.02754e-05,0.000141176,-2.85331e-05,3
771.5,-4.09788e-05,0.000141335,-2.84923e-05,3
772,-4.16852e-05,0.000141485,-2.84636e-05,3
772.5,-4.23948e-05,0.000141626,-2.84469e-05,3
773,-4.31077e-05,0.000141758,-2.84422e-05,3
773.5,-4.3824e-05,0.000141882,-2.84493e-05,3
774,-4.4544e-05,0.000141997,-2.84681e-05,3
774.5,-4.52678e-05,0.000142103,-2.84986e-05,3
775,-4.59955e-05,0.0001422,-2.85406e-05,3
775.5,-4.67273e-05,0.000142288,-2.85939e-05,3
776,-4.74634e-05,0.000142367,-2.86584e-05,3
776.5,-4.82039e-05,0.000142437,-2.87339e-05,3
777,-4.89491e-05,0.000142498,-2.88202e-05,3
777.5,-4.9699e-05,0.000142549,-2.89171e-05,3
778,-5.04539e-05,0.000142591,-2.90243e-05,3
778.5,-5.12139e-05,0.000142624,-2.91417e-05,3
779,-5.19792e-05,0.000142647,-2.9269e-05,3
779.5,-5.275e-05,0.00014266,-2.94058e-05,3
780,-5.35265e-05,0.000142664,-2.9552e-05,3
780.5,-5.43089e-05,0.000142658,-2.97072e-05,3
781,-5.50973e-05,0.000142642,-2.98711e-05,3
781.5,-5.58919e-05,0.000142616,-3.00433e-05,3
782,-5.6693e-05,0.00014258,-3.02236e-05,3
782.5,-5.75006e-05,0.000142534,-3.04115e-05,3
783,-5.83151e-05,0.000142478,-3.06066e-05,3
783.5,-5.91365e-05,0.000142412,-3.08087e-05,3
784,-5.99652e-05,0.000142335,-3.10172e-05,3
784.5,-6.08012e-05,0.000142249,-3.12317e-05,3
785,-6.16448e-05,0.000142151,-3.14518e-05,3
785.5,-6.24962e-05,0.000142044,-3.1677e-05,3
786,-6.33555e-05,0.000141925,-3.19069e-05,3
786.5,-6.4223e-05,0.000141796,-3.21409e-05,3
787,-6.50989e-05,0.000141657,-3.23786e-05,3
787.5,-6.59833e-05,0.000141506,-3.26194e-05,3
788,-6.68764e-05,0.000141345,-3.28629e-05,3
788.5,-6.77785e-05,0.000141173,-3.31083e-05,3
789,-6.86897e-05,0.00014099,-3.33552e-05,3
789.5,-6.96102e-05,0.000140795,-3.36029e-05,3
790,-7.05403e-05,0.00014059,-3.38509e-05,3
790.5,-7.14801e-05,0.000140374,-3.40986e-05,3
791,-7.24297e-05,0.000140146,-3.43452e-05,3
791.5,-7.33895e-05,0.000139907,-3.45902e-05,3
792,-7.43595e-05,0.000139657,-3.48329e-05,3
792.5,-7.534e-05,0.000139396,-3.50726e-05,3
793,-7.63312e-05,0.000139123,-3.53085e-05,3
793.5,-7.73331e-05,0.000138838,-3.554e-05,3
794,-7.83461e-05,0.000138543,-3.57663e-05,3
794.5,-7.93703e-05,0.000138235,-3.59867e-05,3
795,-8.04058e-05,0.000137916,-3.62004e-05,3
795.5,-8.14528e-05,0.000137586,-3.64067e-05,3
796,-8.25116e-05,0.000137244,-3.66046e-05,3
796.5,-8.35822e-05,0.00013689,-3.67935e-05,3
797,-8.46649e-05,0.000136525,-3.69725e-05,3
797.5,-8.57597e-05,0.000136149,-3.71407e-05,3
798,-8.68669e-05,0.00013576,-3.72973e-05,3
798.5,-8.79865e-05,0.00013536,-3.74414e-05,3
799,-8.91189e-05,0.000134949,-3.75721e-05,3
799.5,-9.0264e-05,0.000134526,-3.76885e-05,3
800,-9.1422e-05,0.000134091,-3.77898e-05,3
800.5,-9.25931e-05,0.000133645,-3.78749e-05,3
801,-9.37774e-05,0.000133188,-3.7943e-05,3
801.5,-9.4975e-05,0.000132719,-3.79931e-05,3
802,-9.61861e-05,0.000132239,-3.80243e-05,3
802.5,-9.74108e-05,0.000131748,-3.80355e-05,3
803,-9.86491e-05,0.000131246,-3.80258e-05,3
803.5,-9.99013e-05,0.000130732,-3.79942e-05,3
804,-0.000101167,0.000130208,-3.79396e-05,3
804.5,-0.000102447,0.000129672,-3.78612e-05,3
805,-0.000103741,0.000129126,-3.77578e-05,3
805.5,-0.00010505,0.00012857,-3.76284e-05,3
806,-0.000106372,0.000128003,-3.74721e-05,3
806.5,-0.000107709,0.000127425,-3.72877e-05,3
807,-0.000109061,0.000126838,-3.70743e-05,3
807.5,-0.000110427,0.000126241,-3.68307e-05,3
808,-0.000111807,0.000125634,-3.6556e-05,3
808.5,-0.000113202,0.000125017,-3.6249e-05,3
809,-0.000114612,0.000124391,-3.59088e-05,3
809.5,-0.000116036,0.000123756,-3.55343e-05,3
810,-0.000117476,0.000123113,-3.51244e-05,3
810.5,-0.00011893,0.00012246,-3.4678e-05,3
811,-0.000120399,0.0001218,-3.41942e-05,3
811.5,-0.000121883,0.000121132,-3.36719e-05,3
812,-0.000123382,0.000120455,-3.311e-05,3
812.5,-0.000124895,0.000119772,-3.25076e-05,3
813,-0.000126424,0.000119082,-3.18636e-05,3
813.5,-0.000127968,0.000118385,-3.11769e-05,3
814,-0.000129527,0.000117682,-3.04466e-05,3
814.5,-0.000131101,0.000116973,-2.96717e-05,3
815,-0.00013269,0.000116258,-2.88512e-05,3
815.5,-0.000134293,0.000115539,-2.79842e-05,3
816,-0.000135912,0.000114815,-2.70696e-05,3
816.5,-0.000137546,0.000114087,-2.61065e-05,3
817,-0.000139195,0.000113355,-2.50941e-05,3
817.5,-0.000140859,0.00011262,-2.40314e-05,3
818,-0.000142539,0.000111883,-2.29175e-05,3
818.5,-0.000144233,0.000111143,-2.17516e-05,3
819,-0.000145942,0.000110402,-2.05328e-05,3
819.5,-0.000147666,0.000109659,-1.92604e-05,3
820,-0.000149405,0.000108917,-1.79335e-05,3
820.5,-0.000151159,0.000108174,-1.65514e-05,3
821,-0.000152927,0.000107432,-1.51133e-05,3
821.5,-0.000154711,0.000106692,-1.36186e-05,3
822,-0.000156509,0.000105953,-1.20665e-05,3
822.5,-0.000158323,0.000105217,-1.04564e-05,3
823,-0.000160151,0.000104484,-8.78781e-06,3
823.5,-0.000161993,0.000103755,-7.06001e-06,3
824,-0.000163851,0.00010303,-5.27251e-06,3
824.5,-0.000165723,0.000102311,-3.42482e-06,3
825,-0.000167609,0.000101597,-1.51646e-06,3
825.5,-0.000169511,0.00010089,4.5298e-07,3
826,-0.000171426,0.000100191,2.48388e-06,3
826.5,-0.000173356,9.94992e-05,4.57659e-06,3
827,-0.0001753,9.88162e-05,6.7314e-06,3
827.5,-0.000177259,9.81426e-05,8.94857e-06,3
828,-0.000179231,9.74791e-05,1.12283e-05,3
828.5,-0.000181218,9.68265e-05,1.35707e-05,3
829,-0.000183219,9.61853e-05,1.5976e-05,3
829.5,-0.000185233,9.55564e-05,1.84442e-05,3
830,-0.000187261,9.49405e-05,2.09752e-05,3
830.5,-0.000189303,9.43382e-05,2.35691e-05,3
831,-0.000191358,9.37502e-05,2.62258e-05,3
831.5,-0.000193426,9.31773e-05,2.89451e-05,3
832,-0.000195507,9.26202e-05,3.17269e-05,3
832.5,-0.000197602,9.20794e-05,3.45708e-05,3
833,-0.000199709,9.15557e-05,3.74765e-05,3
833.5,-0.000201828,9.10498e-05,4.04438e-05,3
834,-0.000203959,9.05621e-05,4.3472e-05,3
834.5,-0.000206102,9.00935e-05,4.65609e-05,3
835,-0.000208257,8.96444e-05,4.97097e-05,3
835.5,-0.000210423,8.92155e-05,5.2918e-05,3
836,-0.0002126,8.88073e-05,5.61849e-05,3
836.5,-0.000214787,8.84203e-05,5.95098e-05,3
837,-0.000216985,8.80551e-05,6.28919e-05,3
837.5,-0.000219192,8.77122e-05,6.63303e-05,3
838,-0.000221408,8.73919e-05,6.98241e-05,3
838.5,-0.000223632,8.70948e-05,7.33722e-05,3
839,-0.000225864,8.68212e-05,7.69735e-05,3
839.5,-0.000228104,8.65716e-05,8.0627e-05,3
840,-0.00023035,8.63461e-05,8.43313e-05,3
840.5,-0.000232602,8.61452e-05,8.80852e-05,3
841,-0.000234859,8.59691e-05,9.18874e-05,3
841.5,-0.00023712,8.5818e-05,9.57363e-05,3
842,-0.000239385,8.56921e-05,9.96305e-05,3
842.5,-0.000241651,8.55915e-05,0.000103568,3
843,-0.000243919,8.55164e-05,0.000107548,3
843.5,-0.000246188,8.54668e-05,0.000111568,3
844,-0.000248455,8.54428e-05,0.000115627,3
844.5,-0.00025072,8.54442e-05,0.000119721,3
845,-0.000252981,8.54711e-05,0.000123851,3
845.5,-0.000255238,8.55233e-05,0.000128012,3
846,-0.000257488,8.56007e-05,0.000132204,3
846.5,-0.00025973,8.5703e-05,0.000136423,3
847,-0.000261962,8.583e-05,0.000140668,3
847.5,-0.000264183,8.59814e-05,0.000144936,3
848,-0.00026639,8.61568e-05,0.000149224,3
848.5,-0.000268583,8.63558e-05,0.000153531,3
849,-0.000270758,8.6578e-05,0.000157852,3
849.5,-0.000272914,8.68229e-05,0.000162185,3
850,-0.000275048,8.709e-05,0.000166528,3
850.5,-0.000277159,8.73785e-05,0.000170877,3
851,-0.000279243,8.7688e-05,0.000175229,3
851.5,-0.000281298,8.80177e-05,0.00017958,3
852,-0.000283322,8.83669e-05,0.000183928,3
852.5,-0.000285312,8.87347e-05,0.000188269,3
853,-0.000287264,8.91205e-05,0.000192599,3
853.5,-0.000289177,8.95232e-05,0.000196915,3
854,-0.000291047,8.9942e-05,0.000201213,3
854.5,-0.000292871,9.0376e-05,0.000205488,3
855,-0.000294645,9.08241e-05,0.000209738,3
855.5,-0.000296366,9.12854e-05,0.000213957,3
856,-0.000298031,9.17586e-05,0.000218141,3
856.5,-0.000299637,9.22428e-05,0.000222286,3
857,-0.000301179,9.27368e-05,0.000226388,3
857.5,-0.000302653,9.32395e-05,0.000230442,3
858,-0.000304057,9.37495e-05,0.000234443,3
858.5,-0.000305386,9.42658e-05,0.000238386,3
859,-0.000306635,9.47869e-05,0.000242266,3
859.5,-0.000307801,9.53118e-05,0.000246078,3
860,-0.00030888,9.58389e-05,0.000249817,3
860.5,-0.000309868,9.63671e-05,0.000253478,3
861,-0.000310759,9.68949e-05,0.000257054,3
861.5,-0.00031155,9.7421e-05,0.000260541,3
862,-0.000312236,9.79441e-05,0.000263932,3
862.5,-0.000312812,9.84627e-05,0.000267223,3
863,-0.000313275,9.89754e-05,0.000270406,3
863.5,-0.000313619,9.94809e-05,0.000273475,3
864,-0.000313839,9.99777e-05,0.000276425,3
864.5,-0.000313932,0.000100464,0.000279249,3
865,-0.000313891,0.00010094,0.000281941,3
865.5,-0.000313713,0.000101402,0.000284493,3
866,-0.000313393,0.00010185,0.0002869,3
866.5,-0.000312926,0.000102282,0.000289154,3
867,-0.000312307,0.000102697,0.000291248,3
867.5,-0.000311531,0.000103093,0.000293176,3
868,-0.000310593,0.00010347,0.00029493,3
868.5,-0.00030949,0.000103825,0.000296503,3
869,-0.000308215,0.000104158,0.000297887,3
869.5,-0.000306765,0.000104466,0.000299075,3
870,-0.000305135,0.00010475,0.000300059,3
870.5,-0.000303319,0.000105006,0.000300832,3
871,-0.000301314,0.000105234,0.000301385,3
871.5,-0.000299115,0.000105433,0.00030171,3
872,-0.000296718,0.000105601,0.000301799,3
872.5,-0.000294117,0.000105738,0.000301645,3
873,-0.00029131,0.00010584,0.000301238,3
873.5,-0.00028829,0.000105908,0.00030057,3
874,-0.000285055,0.00010594,0.000299632,3
874.5,-0.0002816,0.000105934,0.000298417,3
875,-0.000277921,0.00010589,0.000296914,3
875.5,-0.000274014,0.000105805,0.000295115,3
876,-0.000269875,0.000105678,0.000293011,3
876.5,-0.0002655,0.000105508,0.000290592,3
877,-0.000260886,0.000105293,0.00028785,3
877.5,-0.000256029,0.000105032,0.000284775,3
878,-0.000250925,0.000104722,0.000281358,3
878.5,-0.000245571,0.000104363,0.000277588,3
879,-0.000239965,0.000103951,0.000273457,3
879.5,-0.000234101,0.000103486,0.000268954,3
880,-0.000227978,0.000102965,0.00026407,3
880.5,-0.000221593,0.000102386,0.000258795,3
881,-0.000214942,0.000101746,0.000253118,3
881.5,-0.000208023,0.000101044,0.00024703,3
882,-0.000200833,0.000100276,0.000240521,3
882.5,-0.000193371,9.94396e-05,0.00023358,3
883,-0.000185633,9.85324e-05,0.000226197,3
883.5,-0.000177618,9.75511e-05,0.000218362,3
884,-0.000169324,9.64925e-05,0.000210064,3
884.5,-0.000160749,9.53532e-05,0.000201292,3
885,-0.000151892,9.41297e-05,0.000192037,3
885.5,-0.000142752,9.28184e-05,0.000182288,3
886,-0.000133327,9.14156e-05,0.000172033,3
886.5,-0.000123618,8.99173e-05,0.000161263,3
887,-0.000113623,8.83197e-05,0.000149965,3
887.5,-0.000103343,8.66186e-05,0.000138129,3
888,-9.27786e-05,8.48099e-05,0.000125744,3
888.5,-8.19296e-05,8.28895e-05,0.000112798,3
889,-7.07974e-05,8.08533e-05,9.92784e-05,3
889.5,-5.93834e-05,7.86971e-05,8.51739e-05,3
890,-4.76895e-05,7.64169e-05,7.04717e-05,3
890.5,-3.57182e-05,7.40087e-05,5.51587e-05,3
891,-2.3472e-05,7.14687e-05,3.92211e-05,3
891.5,-1.09545e-05,6.87934e-05,2.26446e-05,3
892,1.83061e-06,6.59792e-05,5.41395e-06,3
892.5,1.4879e-05,6.30232e-05,-1.24871e-05,3
893,2.81856e-05,5.99226e-05,-3.10761e-05,3
893.5,4.17451e-05,5.6675e-05,-5.0372e-05,3
894,5.55513e-05,5.32786e-05,-7.03958e-05,3
894.5,6.95976e-05,4.9732e-05,-9.11709e-05,3
895,8.38768e-05,4.60344e-05,-0.000112724,3
895.5,9.83813e-05,4.21857e-05,-0.000135085,3
896,0.000113103,3.81862e-05,-0.00015829,3
896.5,0.000128033,3.40374e-05,-0.000182383,3
897,0.000143162,2.97411e-05,-0.00020742,3
897.5,0.000158481,2.53002e-05,-0.000233486,3
898,0.000173982,2.07185e-05,-0.000260748,3
898.5,0.000189654,1.60005e-05,-0.000289778,3
899,0.000205487,1.1152e-05,-0.000323493,3
899.5,0.000221474,6.18048e-06,-0.000378837,3
900,0.000236831,1.12028e-06,-0.000392672,4
900.5,0.000251553,-3.99871e-06,-0.000400092,4
901,0.000265646,-9.14863e-06,-0.000405559,4
901.5,0.000279115,-1.4303e-05,-0.000408456,4
902,0.000291965,-1.9437e-05,-0.000407879,4
902.5,0.000304198,-2.45274e-05,-0.000403321,4
903,0.000315814,-2.95533e-05,-0.000394627,4
903.5,0.000326809,-3.44957e-05,-0.000381873,4
904,0.000337178,-3.9338e-05,-0.000365286,4
904.5,0.000346912,-4.40659e-05,-0.00034518,4
905,0.000356005,-4.86673e-05,-0.000321927,4
905.5,0.000364449,-5.31326e-05,-0.000295929,4
906,0.000372236,-5.74544e-05,-0.000267613,4
906.5,0.000379359,-6.16277e-05,-0.000237414,4
907,0.000385814,-6.56495e-05,-0.000205771,4
907.5,0.000391599,-6.95191e-05,-0.000173122,4
908,0.000396712,-7.32377e-05,-0.000139896,4
908.5,0.000401158,-7.68081e-05,-0.000106515,4
909,0.000404941,-8.02351e-05,-7.3382e-05,4
909.5,0.000408071,-8.35247e-05,-4.08835e-05,4
910,0.000410559,-8.66844e-05,-9.38287e-06,4
910.5,0.000412421,-8.97225e-05,2.07816e-05,4
911,0.000413675,-9.26485e-05,4.93003e-05,4
911.5,0.000414343,-9.54723e-05,7.58943e-05,4
912,0.000414449,-9.82043e-05,0.000100318,4
912.5,0.00041402,-0.000100856,0.000122359,4
913,0.000413085,-0.000103437,0.000141844,4
913.5,0.000411676,-0.000105959,0.000158633,4
914,0.000409823,-0.000108432,0.000172624,4
914.5,0.000407562,-0.000110868,0.000183751,4
915,0.000404925,-0.000113276,0.000191985,4
915.5,0.000401946,-0.000115666,0.000197331,4
916,0.000398659,-0.000118046,0.000199826,4
916.5,0.000395096,-0.000120426,0.000199539,4
917,0.000391287,-0.000122813,0.00019657,4
917.5,0.000387264,-0.000125214,0.000191044,4
918,0.000383051,-0.000127637,0.000183113,4
918.5,0.000378674,-0.000130088,0.000172951,4
919,0.000374155,-0.000132572,0.000160751,4
919.5,0.000369513,-0.000135093,0.000146726,4
920,0.000364763,-0.000137657,0.000131102,4
920.5,0.000359917,-0.000140267,0.000114118,4
921,0.000354985,-0.000142927,9.60247e-05,4
921.5,0.000349972,-0.000145638,7.70782e-05,4
922,0.000344881,-0.000148405,5.75397e-05,4
922.5,0.000339711,-0.000151227,3.76723e-05,4
923,0.000334459,-0.000154107,1.77376e-05,4
923.5,0.000329119,-0.000157046,-2.00686e-06,4
924,0.00032368,-0.000160045,-2.13109e-05,4
924.5,0.000318132,-0.000163102,-3.99344e-05,4
925,0.000312462,-0.000166219,-5.76509e-05,4
925.5,0.000306654,-0.000169395,-7.42502e-05,4
926,0.000300693,-0.000172629,-8.95411e-05,4
926.5,0.00029456,-0.00017592,-0.000103355,4
927,0.00028824,-0.000179268,-0.000115547,4
927.5,0.000281712,-0.00018267,-0.000125999,4
928,0.000274961,-0.000186126,-0.000134621,4
928.5,0.000267969,-0.000189633,-0.000141353,4
929,0.000260721,-0.000193189,-0.000146164,4
929.5,0.000253202,-0.000196794,-0.000149053,4
930,0.000245399,-0.000200444,-0.000150049,4
930.5,0.000237302,-0.000204137,-0.000149207,4
931,0.000228903,-0.000207871,-0.00014661,4
931.5,0.000220197,-0.000211643,-0.000142363,4
932,0.000211181,-0.000215449,-0.000136592,4
932.5,0.000201856,-0.000219287,-0.00012944,4
933,0.000192226,-0.000223152,-0.000121063,4
933.5,0.000182298,-0.00022704,-0.00011163,4
934,0.000172082,-0.000230947,-0.000101313,4
934.5,0.000161592,-0.000234867,-9.02889e-05,4
935,0.000150846,-0.000238795,-7.87355e-05,4
935.5,0.000139863,-0.000242724,-6.68266e-05,4
936,0.000128668,-0.000246647,-5.47309e-05,4
936.5,0.000117287,-0.000250557,-4.26093e-05,4
937,0.000105749,-0.000254445,-3.06133e-05,4
937.5,9.40857e-05,-0.000258303,-1.88835e-05,4
938,8.23316e-05,-0.000262121,-7.54806e-06,4
938.5,7.05224e-05,-0.000265889,3.27803e-06,4
939,5.86959e-05,-0.000269597,1.34936e-05,4
939.5,4.68911e-05,-0.000273232,2.3012e-05,4
940,3.51483e-05,-0.000276783,3.1761e-05,4
940.5,2.35084e-05,-0.000280239,3.96837e-05,4
941,1.20125e-05,-0.000283585,4.67377e-05,4
941.5,7.02076e-07,-0.00028681,5.28956e-05,4
942,-1.03819e-05,-0.0002899,5.81442e-05,4
942.5,-2.1199e-05,-0.000292843,6.24844e-05,4
943,-3.17096e-05,-0.000295624,6.593e-05,4
943.5,-4.18756e-05,-0.000298232,6.85069e-05,4
944,-5.16601e-05,-0.000300652,7.02517e-05,4
944.5,-6.10282e-05,-0.000302873,7.12105e-05,4
945,-6.9947e-05,-0.000304883,7.14368e-05,4
945.5,-7.83856e-05,-0.00030667,7.09901e-05,4
946,-8.63158e-05,-0.000308225,6.99338e-05,4
946.5,-9.37118e-05,-0.000309536,6.83335e-05,4
947,-0.00010055,-0.000310596,6.62556e-05,4
947.5,-0.000106811,-0.000311396,6.37655e-05,4
948,-0.000112477,-0.000311931,6.09265e-05,4
948.5,-0.000117533,-0.000312195,5.77987e-05,4
949,-0.000121968,-0.000312183,5.44385e-05,4
949.5,-0.000125772,-0.000311893,5.08976e-05,4
950,-0.00012894,-0.000311324,4.72233e-05,4
950.5,-0.000131469,-0.000310476,4.34581e-05,4
951,-0.000133358,-0.00030935,3.96396e-05,4
951.5,-0.000134608,-0.000307949,3.58012e-05,4
952,-0.000135226,-0.000306278,3.19716e-05,4
952.5,-0.000135218,-0.000304342,2.8176e-05,4
953,-0.000134594,-0.000302148,2.44356e-05,4
953.5,-0.000133365,-0.000299703,2.07687e-05,4
954,-0.000131546,-0.000297019,1.71904e-05,4
954.5,-0.000129152,-0.000294103,1.37136e-05,4
955,-0.000126201,-0.000290969,1.03485e-05,4
955.5,-0.000122714,-0.000287628,7.10373e-06,4
956,-0.00011871,-0.000284092,3.98603e-06,4
956.5,-0.000114213,-0.000280376,1.00067e-06,4
957,-0.000109247,-0.000276493,-1.84831e-06,4
957.5,-0.000103836,-0.000272458,-4.558e-06,4
958,-9.8008e-05,-0.000268285,-7.12643e-06,4
958.5,-9.17891e-05,-0.00026399,-9.55242e-06,4
959,-8.52078e-05,-0.000259587,-1.18355e-05,4
959.5,-7.82929e-05,-0.00025509,-1.39758e-05,4
960,-7.10741e-05,-0.000250515,-1.5974e-05,4
960.5,-6.35813e-05,-0.000245875,-1.78313e-05,4
961,-5.58449e-05,-0.000241184,-1.95492e-05,4
961.5,-4.78957e-05,-0.000236457,-2.11298e-05,4
962,-3.97647e-05,-0.000231705,-2.25755e-05,4
962.5,-3.14827e-05,-0.000226941,-2.38891e-05,4
963,-2.30809e-05,-0.000222177,-2.50738e-05,4
963.5,-1.45901e-05,-0.000217423,-2.61333e-05,4
964,-6.04109e-06,-0.00021269,-2.70716e-05,4
964.5,2.53576e-06,-0.000207986,-2.78932e-05,4
965,1.11104e-05,-0.000203321,-2.86027e-05,4
965.5,1.96531e-05,-0.000198702,-2.92054e-05,4
966,2.81349e-05,-0.000194136,-2.97068e-05,4
966.5,3.65272e-05,-0.000189628,-3.01127e-05,4
967,4.48023e-05,-0.000185186,-3.04291e-05,4
967.5,5.29331e-05,-0.000180812,-3.0662e-05,4
968,6.08932e-05,-0.000176511,-3.08178e-05,4
968.5,6.86573e-05,-0.000172286,-3.09025e-05,4
969,7.62007e-05,-0.00016814,-3.09221e-05,4
969.5,8.35e-05,-0.000164074,-3.08824e-05,4
970,9.05325e-05,-0.00016009,-3.07889e-05,4
970.5,9.72766e-05,-0.000156189,-3.06465e-05,4
971,0.000103712,-0.000152371,-3.04598e-05,4
971.5,0.000109819,-0.000148637,-3.02327e-05,4
972,0.00011558,-0.000144986,-2.99684e-05,4
972.5,0.000120978,-0.000141418,-2.96696e-05,4
973,0.000125997,-0.000137932,-2.93383e-05,4
973.5,0.000130622,-0.000134529,-2.89759e-05,4
974,0.000134841,-0.000131206,-2.8583e-05,4
974.5,0.000138641,-0.000127963,-2.81598e-05,4
975,0.000142011,-0.0001248,-2.77061e-05,4
975.5,0.000144944,-0.000121715,-2.72211e-05,4
976,0.00014743,-0.000118707,-2.67038e-05,4
976.5,0.000149464,-0.000115777,-2.6153e-05,4
977,0.000151039,-0.000112924,-2.55672e-05,4
977.5,0.000152154,-0.000110148,-2.49452e-05,4
978,0.000152805,-0.000107448,-2.42857e-05,4
978.5,0.000152992,-0.000104825,-2.35876e-05,4
979,0.000152715,-0.000102279,-2.28501e-05,4
979.5,0.000151976,-9.98105e-05,-2.20726e-05,4
980,0.00015078,-9.74206e-05,-2.12552e-05,4
980.5,0.000149129,-9.51101e-05,-2.0398e-05,4
981,0.000147031,-9.28802e-05,-1.95018e-05,4
981.5,0.000144493,-9.07321e-05,-1.8568e-05,4
982,0.000141524,-8.86673e-05,-1.75981e-05,4
982.5,0.000138133,-8.66874e-05,-1.65944e-05,4
983,0.000134331,-8.4794e-05,-1.55595e-05,4
983.5,0.00013013,-8.2989e-05,-1.44965e-05,4
984,0.000125545,-8.12741e-05,-1.34088e-05,4
984.5,0.000120587,-7.96511e-05,-1.23002e-05,4
985,0.000115274,-7.8122e-05,-1.1175e-05,4
985.5,0.00010962,-7.66884e-05,-1.00376e-05,4
986,0.000103643,-7.53521e-05,-8.8927e-06,4
986.5,9.73607e-05,-7.41148e-05,-7.7453e-06,4
987,9.07905e-05,-7.2978e-05,-6.60056e-06,4
987.5,8.39519e-05,-7.19432e-05,-5.46386e-06,4
988,7.68645e-05,-7.10115e-05,-4.34069e-06,4
988.5,6.95483e-05,-7.01842e-05,-3.23672e-06,4
989,6.2024e-05,-6.9462e-05,-2.15771e-06,4
989.5,5.43126e-05,-6.88457e-05,-1.10953e-06,4
990,4.64356e-05,-6.83358e-05,-9.8165e-08,4
990.5,3.84147e-05,-6.79326e-05,8.70341e-07,4
991,3.0272e-05,-6.7636e-05,1.78987e-06,4
991.5,2.20299e-05,-6.74458e-05,2.65425e-06,4
992,1.37108e-05,-6.73617e-05,3.45728e-06,4
992.5,5.33735e-06,-6.73828e-05,4.19276e-06,4
993,-3.06763e-06,-6.75082e-05,4.85448e-06,4
993.5,-1.14814e-05,-6.77367e-05,5.43631e-06,4
994,-1.98811e-05,-6.8067e-05,5.93223e-06,4
994.5,-2.82441e-05,-6.84973e-05,6.33634e-06,4
995,-3.65477e-05,-6.90258e-05,6.64298e-06,4
995.5,-4.47695e-05,-6.96505e-05,6.84673e-06,4
996,-5.28873e-05,-7.0369e-05,6.94258e-06,4
996.5,-6.08793e-05,-7.11791e-05,6.92592e-06,4
997,-6.87238e-05,-7.2078e-05,6.79268e-06,4
997.5,-7.63999e-05,-7.3063e-05,6.53942e-06,4
998,-8.3887e-05,-7.41314e-05,6.16345e-06,4
998.5,-9.11653e-05,-7.52803e-05,5.66289e-06,4
999,-9.82156e-05,-7.65065e-05,5.0368e-06,4
999.5,-0.00010502,-7.78071e-05,4.28527e-06,4
1000,-0.00011156,-7.91791e-05,3.40953e-06,4
1000.5,-0.00011782,-8.06192e-05,2.41201e-06,4
1001,-0.000123784,-8.21245e-05,1.29643e-06,4
1001.5,-0.000129439,-8.3692e-05,6.78568e-08,4
1002,-0.000134771,-8.53187e-05,-1.26726e-06,4
1002.5,-0.000139769,-8.70017e-05,-2.70105e-06,4
1003,-0.000144422,-8.87382e-05,-4.22425e-06,4
1003.5,-0.000148723,-9.05255e-05,-5.82616e-06,4
1004,-0.000152664,-9.23611e-05,-7.49478e-06,4
1004.5,-0.000156241,-9.42426e-05,-9.2168e-06,4
1005,-0.000159448,-9.61676e-05,-1.09777e-05,4
1005.5,-0.000162285,-9.8134e-05,-1.2762e-05,4
1006,-0.000164752,-0.00010014,-1.45531e-05,4
1006.5,-0.000166849,-0.000102183,-1.63338e-05,4
1007,-0.000168581,-0.000104262,-1.80863e-05,4
1007.5,-0.000169952,-0.000106375,-1.97922e-05,4
1008,-0.000170969,-0.00010852,-2.14332e-05,4
1008.5,-0.000171641,-0.000110697,-2.29909e-05,4
1009,-0.000171977,-0.000112904,-2.44472e-05,4
1009.5,-0.000171989,-0.000115139,-2.57844e-05,4
1010,-0.000171688,-0.000117401,-2.69856e-05,4
1010.5,-0.00017109,-0.000119689,-2.80348e-05,4
1011,-0.000170209,-0.000122003,-2.8917e-05,4
1011.5,-0.000169061,-0.00012434,-2.96189e-05,4
1012,-0.000167662,-0.0001267,-3.01284e-05,4
1012.5,-0.000166031,-0.000129082,-3.04351e-05,4
1013,-0.000164184,-0.000131483,-3.05304e-05,4
1013.5,-0.000162141,-0.000133904,-3.04078e-05,4
1014,-0.000159919,-0.000136343,-3.00626e-05,4
1014.5,-0.000157537,-0.000138798,-2.94924e-05,4
1015,-0.000155015,-0.000141268,-2.86966e-05,4
1015.5,-0.000152369,-0.000143751,-2.76769e-05,4
1016,-0.000149618,-0.000146246,-2.64372e-05,4
1016.5,-0.000146779,-0.000148751,-2.49833e-05,4
1017,-0.000143868,-0.000151265,-2.33231e-05,4
1017.5,-0.000140902,-0.000153786,-2.14662e-05,4
1018,-0.000137897,-0.000156312,-1.94242e-05,4
1018.5,-0.000134865,-0.000158841,-1.72104e-05,4
1019,-0.00013182,-0.000161372,-1.48397e-05,4
1019.5,-0.000128776,-0.000163902,-1.2328e-05,4
1020,-0.000125742,-0.00016643,-9.69303e-06,4
1020.5,-0.000122729,-0.000168954,-6.95313e-06,4
1021,-0.000119746,-0.000171472,-4.12777e-06,4
1021.5,-0.000116801,-0.000173983,-1.23712e-06,4
1022,-0.000113901,-0.000176485,1.69806e-06,4
1022.5,-0.000111052,-0.000178977,4.6566e-06,4
1023,-0.000108258,-0.000181456,7.61707e-06,4
1023.5,-0.000105523,-0.000183921,1.05579e-05,4
1024,-0.00010285,-0.000186371,1.34577e-05,4
1024.5,-0.000100241,-0.000188806,1.62951e-05,4
1025,-9.76977e-05,-0.000191223,1.90491e-05,4
1025.5,-9.52194e-05,-0.000193622,2.16991e-05,4
1026,-9.28061e-05,-0.000196002,2.42253e-05,4
1026.5,-9.04569e-05,-0.000198362,2.66082e-05,4
1027,-8.81701e-05,-0.000200702,2.88296e-05,4
1027.5,-8.59437e-05,-0.000203022,3.08716e-05,4
1028,-8.37752e-05,-0.000205321,3.27179e-05,4
1028.5,-8.16617e-05,-0.000207598,3.43529e-05,4
1029,-7.95999e-05,-0.000209855,3.57625e-05,4
1029.5,-7.75863e-05,-0.000212092,3.69338e-05,4
1030,-7.56174e-05,-0.000214308,3.78553e-05,4
1030.5,-7.36892e-05,-0.000216505,3.8517e-05,4
1031,-7.17978e-05,-0.000218682,3.89107e-05,4
1031.5,-6.99393e-05,-0.000220842,3.90298e-05,4
1032,-6.81096e-05,-0.000222984,3.88695e-05,4
1032.5,-6.63049e-05,-0.000225109,3.84268e-05,4
1033,-6.45212e-05,-0.00022722,3.77008e-05,4
1033.5,-6.27546e-05,-0.000229317,3.66926e-05,4
1034,-6.10013e-05,-0.000231401,3.54054e-05,4
1034.5,-5.92577e-05,-0.000233474,3.38442e-05,4
1035,-5.75202e-05,-0.000235536,3.20166e-05,4
1035.5,-5.57853e-05,-0.000237591,2.9932e-05,4
1036,-5.40495e-05,-0.000239638,2.7602e-05,4
1036.5,-5.23094e-05,-0.000241679,2.50404e-05,4
1037,-5.05614e-05,-0.000243715,2.22628e-05,4
1037.5,-4.88023e-05,-0.000245747,1.92871e-05,4
1038,-4.70284e-05,-0.000247776,1.61327e-05,4
1038.5,-4.52359e-05,-0.000249804,1.28209e-05,4
1039,-4.34211e-05,-0.000251829,9.37481e-06,4
1039.5,-4.15796e-05,-0.000253853,5.81878e-06,4
1040,-3.97072e-05,-0.000255876,2.17859e-06,4
1040.5,-3.77988e-05,-0.000257896,-1.51887e-06,4
1041,-3.58494e-05,-0.000259914,-5.24572e-06,4
1041.5,-3.38532e-05,-0.000261928,-8.97336e-06,4
1042,-3.18041e-05,-0.000263937,-1.26726e-05,4
1042.5,-2.96953e-05,-0.000265939,-1.63141e-05,4
1043,-2.75197e-05,-0.00026793,-1.9868e-05,4
1043.5,-2.52696e-05,-0.00026991,-2.33051e-05,4
1044,-2.29367e-05,-0.000271873,-2.65963e-05,4
1044.5,-2.05125e-05,-0.000273817,-2.97129e-05,4
1045,-1.79878e-05,-0.000275736,-3.26275e-05,4
1045.5,-1.53532e-05,-0.000277628,-3.53134e-05,4
1046,-1.2599e-05,-0.000279485,-3.77455e-05,4
1046.5,-9.71518e-06,-0.000281303,-3.99e-05,4
1047,-6.69182e-06,-0.000283077,-4.17553e-05,4
1047.5,-3.51889e-06,-0.000284799,-4.32916e-05,4
1048,-1.86543e-07,-0.000286463,-4.44914e-05,4
1048.5,3.31479e-06,-0.000288063,-4.53398e-05,4
1049,6.99428e-06,-0.000289592,-4.58247e-05,4
1049.5,1.08605e-05,-0.000291042,-4.59369e-05,4
1050,1.49214e-05,-0.000292407,-4.56705e-05,4
1050.5,1.91838e-05,-0.000293679,-4.50227e-05,4
1051,2.36539e-05,-0.000294852,-4.39946e-05,4
1051.5,2.83363e-05,-0.00029592,-4.25904e-05,4
1052,3.32344e-05,-0.000296874,-4.08187e-05,4
1052.5,3.83501e-05,-0.00029771,-3.86913e-05,4
1053,4.36838e-05,-0.000298422,-3.62243e-05,4
1053.5,4.92337e-05,-0.000299004,-3.34374e-05,4
1054,5.49965e-05,-0.000299451,-3.0354e-05,4
1054.5,6.09666e-05,-0.00029976,-2.70014e-05,4
1055,6.71364e-05,-0.000299926,-2.341e-05,4
1055.5,7.3496e-05,-0.000299948,-1.96136e-05,4
1056,8.00335e-05,-0.000299822,-1.56487e-05,4
1056.5,8.67343e-05,-0.000299547,-1.15542e-05,4
1057,9.35821e-05,-0.000299123,-7.37118e-06,4
1057.5,0.000100558,-0.000298549,-3.14202e-06,4
1058,0.000107641,-0.000297826,1.09e-06,4
1058.5,0.000114808,-0.000296956,5.28135e-06,4
1059,0.000122034,-0.00029594,9.38898e-06,4
1059.5,0.000129293,-0.000294781,1.3371e-05,4
1060,0.000136557,-0.000293482,1.71874e-05,4
1060.5,0.000143795,-0.000292046,2.08008e-05,4
1061,0.000150978,-0.000290477,2.41772e-05,4
1061.5,0.000158074,-0.000288779,2.72865e-05,4
1062,0.000165051,-0.000286956,3.01032e-05,4
1062.5,0.000171878,-0.000285012,3.2607e-05,4
1063,0.000178521,-0.000282952,3.47834e-05,4
1063.5,0.000184951,-0.00028078,3.66233e-05,4
1064,0.000191135,-0.0002785,3.81242e-05,4
1064.5,0.000197044,-0.000276115,3.92896e-05,4
1065,0.000202649,-0.00027363,4.01291e-05,4
1065.5,0.000207922,-0.000271047,4.06582e-05,4
1066,0.00021284,-0.00026837,4.08979e-05,4
1066.5,0.000217378,-0.000265601,4.08742e-05,4
1067,0.000221514,-0.000262743,4.06175e-05,4
1067.5,0.00022523,-0.000259797,4.01618e-05,4
1068,0.000228508,-0.000256766,3.95436e-05,4
1068.5,0.000231335,-0.00025365,3.88015e-05,4
1069,0.000233698,-0.00025045,3.79747e-05,4
1069.5,0.000235587,-0.000247168,3.71025e-05,4
1070,0.000236997,-0.000243805,3.62228e-05,4
1070.5,0.00023792,-0.00024036,3.53715e-05,4
1071,0.000238355,-0.000236836,3.45817e-05,4
1071.5,0.000238301,-0.000233233,3.38824e-05,4
1072,0.000237759,-0.000229552,3.32986e-05,4
1072.5,0.000236732,-0.000225795,3.285e-05,4
1073,0.000235224,-0.000221962,3.25512e-05,4
1073.5,0.000233242,-0.000218057,3.24111e-05,4
1074,0.000230793,-0.000214081,3.24328e-05,4
1074.5,0.000227884,-0.000210038,3.26138e-05,4
1075,0.000224527,-0.000205931,3.29461e-05,4
1075.5,0.000220731,-0.000201764,3.34164e-05,4
1076,0.000216507,-0.000197541,3.40068e-05,4
1076.5,0.000211867,-0.000193268,3.46952e-05,4
1077,0.000206824,-0.00018895,3.54559e-05,4
1077.5,0.00020139,-0.000184594,3.626e-05,4
1078,0.00019558,-0.000180206,3.70769e-05,4
1078.5,0.000189407,-0.000175794,3.7874e-05,4
1079,0.000182885,-0.000171367,3.86183e-05,4
1079.5,0.000176028,-0.000166931,3.92768e-05,4
1080,0.000168852,-0.000162496,3.98171e-05,4
1080.5,0.000161372,-0.000158071,4.02081e-05,4
1081,0.000153602,-0.000153666,4.04208e-05,4
1081.5,0.000145558,-0.00014929,4.04286e-05,4
1082,0.000137255,-0.000144953,4.02078e-05,4
1082.5,0.00012871,-0.000140666,3.9738e-05,4
1083,0.000119937,-0.000136438,3.90028e-05,4
1083.5,0.000110952,-0.000132279,3.79891e-05,4
1084,0.000101772,-0.0001282,3.66884e-05,4
1084.5,9.24109e-05,-0.00012421,3.50959e-05,4
1085,8.28855e-05,-0.000120321,3.32112e-05,4
1085.5,7.32111e-05,-0.000116541,3.10379e-05,4
1086,6.34034e-05,-0.000112879,2.85835e-05,4
1086.5,5.3478e-05,-0.000109346,2.58596e-05,4
1087,4.34503e-05,-0.000105951,2.28813e-05,4
1087.5,3.33357e-05,-0.000102701,1.9667e-05,4
1088,2.31497e-05,-9.96062e-05,1.62383e-05,4
1088.5,1.29075e-05,-9.66735e-05,1.26198e-05,4
1089,2.62439e-06,-9.39107e-05,8.83838e-06,4
1089.5,-7.68439e-06,-9.1325e-05,4.92315e-06,4
1090,-1.80036e-05,-8.89232e-05,9.05089e-07,4
1090.5,-2.83182e-05,-8.67117e-05,-3.18344e-06,4
1091,-3.86128e-05,-8.46962e-05,-7.30896e-06,4
1091.5,-4.88722e-05,-8.28821e-05,-1.14373e-05,4
1092,-5.90813e-05,-8.12744e-05,-1.5534e-05,4
1092.5,-6.92248e-05,-7.98774e-05,-1.95644e-05,4
1093,-7.92873e-05,-7.86952e-05,-2.34946e-05,4
1093.5,-8.92535e-05,-7.7731e-05,-2.72912e-05,4
1094,-9.9108e-05,-7.69878e-05,-3.09218e-05,4
1094.5,-0.000108835,-7.6468e-05,-3.43556e-05,4
1095,-0.00011842,-7.61733e-05,-3.75634e-05,4
1095.5,-0.000127847,-7.6105e-05,-4.05179e-05,4
1096,-0.0001371,-7.62639e-05,-4.31941e-05,4
1096.5,-0.000146165,-7.665e-05,-4.55696e-05,4
1097,-0.000155025,-7.7263e-05,-4.76246e-05,4
1097.5,-0.000163666,-7.81018e-05,-4.93423e-05,4
1098,-0.000172073,-7.91647e-05,-5.07089e-05,4
1098.5,-0.00018023,-8.04497e-05,-5.17137e-05,4
1099,-0.000188124,-8.19538e-05,-5.23496e-05,4
1099.5,-0.00019574,-8.36737e-05,-5.26125e-05,4
1100,-0.000203063,-8.56053e-05,-5.25021e-05,4
1100.5,-0.000210081,-8.77439e-05,-5.20212e-05,4
1101,-0.00021678,-9.00845e-05,-5.11762e-05,4
1101.5,-0.000223148,-9.26211e-05,-4.99769e-05,4
1102,-0.000229173,-9.53475e-05,-4.84361e-05,4
1102.5,-0.000234842,-9.82567e-05,-4.65699e-05,4
1103,-0.000240146,-0.000101341,-4.43975e-05,4
1103.5,-0.000245073,-0.000104593,-4.19408e-05,4
1104,-0.000249614,-0.000108005,-3.92243e-05,4
1104.5,-0.000253761,-0.000111566,-3.62751e-05,4
1105,-0.000257504,-0.000115269,-3.31224e-05,4
1105.5,-0.000260836,-0.000119102,-2.97973e-05,4
1106,-0.00026375,-0.000123058,-2.63327e-05,4
1106.5,-0.000266241,-0.000127124,-2.27627e-05,4
1107,-0.000268301,-0.000131292,-1.91226e-05,4
1107.5,-0.000269927,-0.00013555,-1.54485e-05,4
1108,-0.000271115,-0.000139887,-1.17771e-05,4
1108.5,-0.00027186,-0.000144293,-8.14495e-06,4
1109,-0.000272159,-0.000148757,-4.58874e-06,4
1109.5,-0.00027201,-0.000153267,-1.14449e-06,4
1110,-0.000271411,-0.000157814,2.15254e-06,4
1110.5,-0.000270361,-0.000162385,5.26829e-06,4
1111,-0.000268857,-0.000166971,8.17018e-06,4
1111.5,-0.0002669,-0.000171562,1.08275e-05,4
1112,-0.000264489,-0.000176145,1.32115e-05,4
1112.5,-0.000261623,-0.000180713,1.52963e-05,4
1113,-0.000258303,-0.000185254,1.70586e-05,4
1113.5,-0.00025453,-0.00018976,1.8478e-05,4
1114,-0.000250304,-0.00019422,1.9538e-05,4
1114.5,-0.000245626,-0.000198627,2.02254e-05,4
1115,-0.000240497,-0.000202972,2.05311e-05,4
1115.5,-0.000234918,-0.000207246,2.04502e-05,4
1116,-0.000228893,-0.000211442,1.99822e-05,4
1116.5,-0.000222422,-0.000215552,1.91309e-05,4
1117,-0.000215508,-0.000219571,1.79052e-05,4
1117.5,-0.000208154,-0.000223492,1.63184e-05,4
1118,-0.000200364,-0.000227309,1.43885e-05,4
1118.5,-0.000192142,-0.000231017,1.21384e-05,4
1119,-0.000183492,-0.000234613,9.5954e-06,4
1119.5,-0.000174421,-0.000238091,6.79115e-06,4
1120,-0.000164933,-0.000241449,3.76137e-06,4
1120.5,-0.000155038,-0.000244685,5.45486e-07,4
1121,-0.000144742,-0.000247797,-2.81381e-06,4
1121.5,-0.000134056,-0.000250784,-6.27103e-06,4
1122,-0.00012299,-0.000253645,-9.77846e-06,4
1122.5,-0.000111555,-0.000256383,-1.32867e-05,4
1123,-9.97646e-05,-0.000258997,-1.67455e-05,4
1123.5,-8.76335e-05,-0.00026149,-2.01042e-05,4
1124,-7.51771e-05,-0.000263865,-2.33124e-05,4
1124.5,-6.24124e-05,-0.000266126,-2.63208e-05,4
1125,-4.93578e-05,-0.000268276,-2.90821e-05,4
1125.5,-3.60329e-05,-0.000270322,-3.15511e-05,4
1126,-2.24588e-05,-0.000272269,-3.36858e-05,4
1126.5,-8.6573e-06,-0.000274123,-3.54482e-05,4
1127,5.34829e-06,-0.000275891,-3.68042e-05,4
1127.5,1.9534e-05,-0.000277581,-3.77252e-05,4
1128,3.38748e-05,-0.000279201,-3.81876e-05,4
1128.5,4.83454e-05,-0.000280758,-3.81744e-05,4
1129,6.29197e-05,-0.000282262,-3.76746e-05,4
1129.5,7.75714e-05,-0.000283722,-3.66843e-05,4
1130,9.22742e-05,-0.000285145,-3.52067e-05,4
1130.5,0.000107002,-0.000286542,-3.32525e-05,4
1131,0.000121728,-0.000287921,-3.08392e-05,4
1131.5,0.000136426,-0.000289291,-2.79918e-05,4
1132,0.000151073,-0.00029066,-2.47415e-05,4
1132.5,0.000165642,-0.000292037,-2.11258e-05,4
1133,0.000180109,-0.000293429,-1.7187e-05,4
1133.5,0.000194452,-0.000294844,-1.29714e-05,4
1134,0.000208647,-0.000296286,-8.52769e-06,4
1134.5,0.00022267,-0.000297763,-3.90597e-06,4
1135,0.0002365,-0.000299277,8.44117e-07,4
1135.5,0.000250114,-0.000300832,5.67459e-06,4
1136,0.000263488,-0.000302429,1.05404e-05,4
1136.5,0.000276599,-0.00030407,1.54002e-05,4
1137,0.000289423,-0.000305752,2.02175e-05,4
1137.5,0.000301932,-0.000307473,2.49603e-05,4
1138,0.0003141,-0.000309228,2.96016e-05,4
1138.5,0.000325898,-0.000311012,3.41185e-05,4
1139,0.000337294,-0.000312814,3.84923e-05,4
1139.5,0.000348258,-0.000314627,4.27069e-05,4
1140,0.000358752,-0.000316437,4.67484e-05,4
1140.5,0.000368743,-0.00031823,5.0604e-05,4
1141,0.00037819,-0.00031999,5.42611e-05,4
1141.5,0.000387056,-0.0003217,5.7707e-05,4
1142,0.000395298,-0.000323339,6.09275e-05,4
1142.5,0.000402874,-0.000324886,6.39071e-05,4
1143,0.000409742,-0.000326318,6.66286e-05,4
1143.5,0.000415856,-0.00032761,6.90729e-05,4
1144,0.000421173,-0.000328736,7.12194e-05,4
1144.5,0.000425647,-0.000329668,7.30459e-05,4
1145,0.000429235,-0.000330376,7.4529e-05,4
1145.5,0.000431893,-0.000330833,7.56448e-05,4
1146,0.000433577,-0.000331008,7.63693e-05,4
1146.5,0.000434245,-0.00033087,7.66786e-05,4
1147,0.000433857,-0.000330389,7.65501e-05,4
1147.5,0.000432374,-0.000329534,7.59623e-05,4
1148,0.00042976,-0.000328275,7.48959e-05,4
1148.5,0.00042598,-0.000326584,7.33337e-05,4
1149,0.000421003,-0.000324433,7.12614e-05,4
1149.5,0.000414801,-0.000321796,6.86677e-05,4
1150,0.000407348,-0.000318647,6.55443e-05,4
1150.5,0.000398623,-0.000314965,6.18863e-05,4
1151,0.000388608,-0.000310729,5.7692e-05,4
1151.5,0.000377291,-0.000305924,5.29631e-05,4
1152,0.000364661,-0.000300533,4.77043e-05,4
1152.5,0.000350714,-0.000294548,4.19234e-05,4
1153,0.00033545,-0.000287961,3.56311e-05,4
1153.5,0.000318873,-0.000280769,2.88407e-05,4
1154,0.000300993,-0.000272973,2.15682e-05,4
1154.5,0.000281824,-0.00026458,1.38319e-05,4
1155,0.000261388,-0.000255598,5.65243e-06,4
1155.5,0.000239709,-0.000246044,-2.94729e-06,4
1156,0.000216819,-0.000235937,-1.1942e-05,4
1156.5,0.000192754,-0.000225302,-2.13042e-05,4
1157,0.000167558,-0.00021417,-3.10039e-05,4
1157.5,0.000141278,-0.000202574,-4.10085e-05,4
1158,0.000113969,-0.000190557,-5.12827e-05,4
1158.5,8.56913e-05,-0.000178162,-6.17882e-05,4
1159,5.65124e-05,-0.000165441,-7.24837e-05,4
1159.5,2.65047e-05,-0.000152448,-8.33248e-05,4
1160,-4.25311e-06,-0.000139242,-9.42634e-05,4
1160.5,-3.56766e-05,-0.000125886,-0.000105248,4
1161,-6.76757e-05,-0.000112447,-0.000116224,4
1161.5,-0.000100155,-9.89944e-05,-0.000127133,4
1162,-0.000133014,-8.55986e-05,-0.000137913,4
1162.5,-0.000166148,-7.23328e-05,-0.000148498,4
1163,-0.000199448,-5.92704e-05,-0.00015882,4
1163.5,-0.000232801,-4.64845e-05,-0.000168806,4
1164,-0.000266091,-3.40473e-05,-0.000178381,4
1164.5,-0.000299199,-2.20287e-05,-0.000187467,4
1165,-0.000332005,-1.04961e-05,-0.000195982,4
1165.5,-0.000364386,4.87078e-07,-0.000203844,4
1166,-0.000396218,1.08617e-05,-0.000210968,4
1166.5,-0.000427376,2.05739e-05,-0.000217268,4
1167,-0.000457736,2.95759e-05,-0.00022266,4
1167.5,-0.000487172,3.78263e-05,-0.00022706,4
1168,-0.000515561,4.5291e-05,-0.000230387,4
1168.5,-0.000542778,5.19433e-05,-0.000232567,4
1169,-0.000568703,5.77644e-05,-0.000233531,4
1169.5,-0.000593216,6.27438e-05,-0.00023322,4
1170,-0.000616202,6.68791e-05,-0.000231586,4
1170.5,-0.00063755,7.01765e-05,-0.00022859,4
1171,-0.000657152,7.26504e-05,-0.00022421,4
1171.5,-0.00067491,7.43234e-05,-0.000218433,4
1172,-0.000690728,7.52258e-05,-0.000211259,4
1172.5,-0.000704524,7.53955e-05,-0.000202697,4
1173,-0.000716221,7.48772e-05,-0.000192763,4
1173.5,-0.000725753,7.37218e-05,-0.000181477,4
1174,-0.000733068,7.19858e-05,-0.000168856,4
1174.5,-0.000738121,6.97303e-05,-0.000154911,4
1175,-0.000740885,6.70198e-05,-0.000139645,4
1175.5,-0.00074134,6.39219e-05,-0.000123046,4
1176,-0.000739486,6.05053e-05,-0.000105087,4
1176.5,-0.000735331,5.68394e-05,-8.57261e-05,4
1177,-0.000728902,5.29927e-05,-6.49078e-05,4
1177.5,-0.000720237,4.90321e-05,-4.25676e-05,4
1178,-0.000709391,4.50211e-05,-1.86401e-05,4
1178.5,-0.000696436,4.10195e-05,6.93034e-06,4
1179,-0.000681459,3.70818e-05,3.41754e-05,4
1179.5,-0.000664565,3.32566e-05,6.3086e-05,4
1180,-0.000645878,2.95855e-05,9.3593e-05,4
1180.5,-0.000625541,2.6103e-05,0.000125547,4
1181,-0.00060372,2.28355e-05,0.0001587,4
1181.5,-0.000580601,1.98015e-05,0.000192689,4
1182,-0.000556393,1.70115e-05,0.00022703,4
1182.5,-0.000531327,1.44682e-05,0.000261123,4
1183,-0.000505654,1.21673e-05,0.000294271,4
1183.5,-0.00047964,1.00986e-05,0.000325725,4
1184,-0.000453561,8.24707e-06,0.000354745,4
1184.5,-0.00042769,6.59468e-06,0.000380675,4
1185,-0.000402287,5.12176e-06,0.000403033,4
1185.5,-0.000377582,3.80897e-06,0.000421589,4
1186,-0.000353763,2.63882e-06,0.000436412,4
1186.5,-0.000330953,1.59696e-06,0.000447878,4
1187,-0.000309208,6.73031e-07,0.000456611,4
1187.5,-0.000288512,-1.39044e-07,0.000463376,4
1188,-0.000268777,-8.41372e-07,0.000468923,4
1188.5,-0.000249866,-1.43297e-06,0.000473826,4
1189,-0.000231611,-1.9111e-06,0.000478344,4
1189.5,-0.000213845,-2.27282e-06,0.000482335,4
1190,-0.000196424,-2.51657e-06,0.000485239,4
1190.5,-0.000179251,-2.64347e-06,0.00048612,4
1191,-0.000162288,-2.65821e-06,0.000483743,4
1191.5,-0.000145559,-2.5694e-06,0.000476688,4
1192,-0.000129143,-2.38951e-06,0.00046346,4
1192.5,-0.000113167,-2.13433e-06,0.000442582,4
1193,-9.77847e-05,-1.82219e-06,0.000412673,4
1193.5,-8.31639e-05,-1.47284e-06,0.000372462,4
1194,-6.94673e-05,-1.10623e-06,0.000320729,4
1194.5,-5.68388e-05,-7.41118e-07,0.000256133,4
1195,-4.53922e-05,-3.93749e-07,0.000176885,4
1195.5,-3.52049e-05,-7.67446e-08,8.02451e-05,4
1196,-2.6317e-05,2.01717e-07,-3.82529e-05,4
1196.5,-1.87356e-05,4.38351e-07,-0.000185977,4
1197,-1.24434e-05,6.34916e-07,-0.000375029,4
1197.5,-7.41001e-06,7.98113e-07,-0.000624545,4
1198,-3.60783e-06,9.39253e-07,-0.000957452,4
1198.5,-1.03119e-06,1.07353e-06,-0.00133849,4
1199,2.74933e-07,1.21821e-06,-0.00115548,4
1199.5,1.66791e-07,1.38924e-06,0.00479847,4
