time,wx,wy,wz,qw,qx,qy,qz,angle_to_exclusion,angle_to_los,angle_to_docking,phase
0,0,0,0,0.707107,0,0,0.707107,180,90,90,1
0.5,-0.0015555,-5.58238e-05,0.00145722,0.707107,0,0,0.707107,180,90,90,1
1,-0.00240769,-0.000109908,0.00198031,0.706849,-0.000265108,-0.000284845,0.707364,179.939,89.9554,89.9583,1
1.5,-0.00289996,-0.000162642,0.002415,0.706498,-0.000671281,-0.000729914,0.707714,179.85,89.8865,89.9015,1
2,-0.00320761,-0.000214216,0.0028289,0.70607,-0.00115515,-0.00127132,0.70814,179.742,89.8034,89.8324,1
2.5,-0.00342007,-0.000264572,0.00322773,0.705568,-0.00168432,-0.00187617,0.708638,179.619,89.7115,89.7513,1
3,-0.00358296,-0.000313642,0.00361225,0.704994,-0.00224224,-0.00252738,0.709205,179.484,89.6135,89.6589,1
3.5,-0.00371956,-0.000361387,0.0039828,0.704351,-0.0028204,-0.00321589,0.709839,179.339,89.5108,89.5555,1
4,-0.00384173,-0.000407787,0.00433966,0.703641,-0.00341443,-0.00393679,0.710537,179.183,89.4041,89.4414,1
4.5,-0.00395555,-0.000452839,0.00468311,0.702865,-0.00402206,-0.00468724,0.711296,179.018,89.294,89.3172,1
5,-0.00406411,-0.000496546,0.00501341,0.702027,-0.00464208,-0.00546548,0.712114,178.843,89.1805,89.1832,1
5.5,-0.00416899,-0.000538922,0.00533081,0.701128,-0.0052738,-0.00627033,0.712988,178.659,89.0639,89.0397,1
6,-0.00427102,-0.000579981,0.00563558,0.700171,-0.00591684,-0.00710087,0.713915,178.466,88.9443,88.8872,1
6.5,-0.0043706,-0.000619743,0.00592795,0.699157,-0.00657093,-0.00795632,0.714894,178.265,88.8217,88.726,1
7,-0.00446797,-0.000658231,0.00620818,0.698088,-0.00723588,-0.00883603,0.715921,178.055,88.6962,88.5565,1
7.5,-0.00456323,-0.000695469,0.0064765,0.696966,-0.00791152,-0.00973933,0.716995,177.837,88.5678,88.379,1
8,-0.00465646,-0.000731485,0.00673315,0.695793,-0.00859772,-0.0106656,0.718112,177.611,88.4366,88.1939,1
8.5,-0.00474769,-0.000766307,0.00697835,0.69457,-0.00929431,-0.0116143,0.719271,177.378,88.3027,88.0015,1
9,-0.00483695,-0.000799969,0.00721235,0.693301,-0.0100012,-0.0125849,0.720469,177.137,88.1661,87.8021,1
9.5,-0.00492426,-0.000832502,0.00743535,0.691985,-0.0107181,-0.0135767,0.721704,176.889,88.0269,87.5961,1
10,-0.00500963,-0.000863941,0.00764759,0.690626,-0.011445,-0.0145892,0.722974,176.635,87.8851,87.3838,1
10.5,-0.00509307,-0.000894323,0.00784928,0.689225,-0.0121816,-0.0156219,0.724277,176.374,87.7408,87.1655,1
11,-0.00517459,-0.000923686,0.00804064,0.687782,-0.0129279,-0.0166743,0.72561,176.107,87.5939,86.9416,1
11.5,-0.00525421,-0.000952067,0.00822187,0.686301,-0.0136836,-0.0177457,0.726972,175.834,87.4447,86.7122,1
12,-0.00533194,-0.000979506,0.00839319,0.684783,-0.0144485,-0.0188358,0.728361,175.556,87.2931,86.4778,1
12.5,-0.00540779,-0.00100605,0.00855481,0.683228,-0.0152224,-0.019944,0.729774,175.272,87.1392,86.2386,1
13,-0.00548176,-0.00103173,0.00870693,0.68164,-0.0160051,-0.0210698,0.731209,174.983,86.983,85.9948,1
13.5,-0.00555388,-0.00105659,0.00884976,0.680019,-0.0167965,-0.0222128,0.732666,174.689,86.8246,85.7469,1
14,-0.00562414,-0.00108068,0.00898348,0.678366,-0.0175962,-0.0233725,0.734141,174.39,86.664,85.495,1
14.5,-0.00569257,-0.00110404,0.00910832,0.676684,-0.0184041,-0.0245484,0.735634,174.087,86.5014,85.2394,1
15,-0.00575918,-0.00112671,0.00922445,0.674973,-0.0192199,-0.0257401,0.737143,173.78,86.3366,84.9804,1
15.5,-0.00582398,-0.00114873,0.00933207,0.673236,-0.0200434,-0.0269471,0.738665,173.469,86.1699,84.7182,1
16,-0.00588697,-0.00117016,0.00943138,0.671473,-0.0208743,-0.0281691,0.740199,173.155,86.0013,84.4531,1
16.5,-0.00594818,-0.00119103,0.00952256,0.669686,-0.0217123,-0.0294056,0.741744,172.837,85.8307,84.1853,1
17,-0.00600762,-0.00121139,0.00960582,0.667877,-0.0225572,-0.0306562,0.743298,172.515,85.6583,83.9151,1
17.5,-0.00606529,-0.00123127,0.00968132,0.666046,-0.0234087,-0.0319205,0.74486,172.191,85.4841,83.6427,1
18,-0.00612122,-0.00125074,0.00974926,0.664195,-0.0242665,-0.0331982,0.746427,171.864,85.3082,83.3684,1
18.5,-0.00617542,-0.00126982,0.00980983,0.662325,-0.0251304,-0.0344888,0.748,171.535,85.1306,83.0923,1
19,-0.0062279,-0.00128855,0.0098632,0.660438,-0.0259999,-0.0357921,0.749576,171.203,84.9514,82.8146,1
19.5,-0.00627867,-0.00130699,0.00990956,0.658535,-0.0268749,-0.0371076,0.751154,170.869,84.7706,82.5357,1
20,-0.00632775,-0.00132518,0.00994908,0.656617,-0.0277549,-0.0384351,0.752732,170.533,84.5883,82.2557,1
20.5,-0.00637516,-0.00134315,0.00998194,0.654685,-0.0286397,-0.0397742,0.754311,170.195,84.4045,81.9747,1
21,-0.00642091,-0.00136094,0.0100083,0.652741,-0.029529,-0.0411246,0.755887,169.856,84.2193,81.6931,1
21.5,-0.00646502,-0.00137859,0.0100284,0.650786,-0.0304224,-0.042486,0.757461,169.516,84.0328,81.411,1
22,-0.0065075,-0.00139614,0.0100423,0.64882,-0.0313195,-0.0438581,0.759031,169.174,83.8449,81.1285,1
22.5,-0.00654836,-0.00141364,0.0100503,0.646845,-0.0322201,-0.0452406,0.760596,168.831,83.6557,80.8459,1
23,-0.00658763,-0.00143111,0.0100525,0.644862,-0.0331238,-0.0466332,0.762155,168.487,83.4654,80.5634,1
23.5,-0.00662532,-0.00144859,0.010049,0.642873,-0.0340302,-0.0480356,0.763708,168.143,83.2738,80.2811,1
24,-0.00666145,-0.00146611,0.0100401,0.640877,-0.0349389,-0.0494477,0.765252,167.798,83.0812,79.9992,1
24.5,-0.00669603,-0.00148372,0.0100259,0.638877,-0.0358497,-0.050869,0.766787,167.453,82.8875,79.7178,1
25,-0.00672908,-0.00150144,0.0100066,0.636874,-0.0367621,-0.0522995,0.768313,167.108,82.6927,79.4372,1
25.5,-0.00676062,-0.0015193,0.00998229,0.634867,-0.0376757,-0.0537389,0.769829,166.762,82.497,79.1574,1
26,-0.00679066,-0.00153733,0.00995316,0.632859,-0.0385903,-0.0551869,0.771333,166.417,82.3004,78.8786,1
26.5,-0.00681922,-0.00155557,0.00991938,0.63085,-0.0395054,-0.0566433,0.772825,166.072,82.1029,78.601,1
27,-0.00684632,-0.00157403,0.00988109,0.628841,-0.0404206,-0.0581079,0.774305,165.727,81.9045,78.3247,1
27.5,-0.00687198,-0.00159275,0.00983846,0.626834,-0.0413355,-0.0595805,0.775771,165.383,81.7054,78.0499,1
28,-0.00689621,-0.00161176,0.00979163,0.624828,-0.0422499,-0.0610609,0.777224,165.039,81.5055,77.7766,1
28.5,-0.00691903,-0.00163107,0.00974074,0.622825,-0.0431632,-0.062549,0.778661,164.696,81.305,77.5051,1
29,-0.00694046,-0.00165071,0.00968596,0.620826,-0.0440752,-0.0640444,0.780084,164.354,81.1037,77.2353,1
29.5,-0.00696052,-0.0016707,0.00962741,0.618831,-0.0449853,-0.0655471,0.781491,164.013,80.9019,76.9675,1
30,-0.00697921,-0.00169107,0.00956525,0.616842,-0.0458933,-0.0670569,0.782881,163.673,80.6995,76.7018,1
30.5,-0.00699657,-0.00171182,0.00949962,0.614859,-0.0467988,-0.0685736,0.784255,163.334,80.4965,76.4382,1
31,-0.00701261,-0.00173298,0.00943064,0.612882,-0.0477013,-0.0700971,0.785612,162.997,80.2931,76.177,1
31.5,-0.00702734,-0.00175457,0.00935846,0.610913,-0.0486004,-0.0716271,0.786951,162.661,80.0892,75.9181,1
32,-0.00704078,-0.00177659,0.00928321,0.608953,-0.0494959,-0.0731636,0.788273,162.326,79.8848,75.6616,1
32.5,-0.00705295,-0.00179907,0.00920503,0.607001,-0.0503872,-0.0747064,0.789576,161.993,79.6802,75.4078,1
33,-0.00706386,-0.00182202,0.00912402,0.605059,-0.0512741,-0.0762553,0.79086,161.661,79.4751,75.1566,1
33.5,-0.00707354,-0.00184545,0.00904034,0.603127,-0.0521561,-0.0778103,0.792126,161.332,79.2698,74.9082,1
34,-0.007082,-0.00186937,0.00895409,0.601206,-0.0530328,-0.0793711,0.793372,161.004,79.0642,74.6626,1
34.5,-0.00708925,-0.00189379,0.0088654,0.599297,-0.0539039,-0.0809377,0.794599,160.678,78.8584,74.4199,1
35,-0.00709532,-0.00191872,0.00877438,0.597399,-0.054769,-0.0825099,0.795806,160.354,78.6523,74.1802,1
35.5,-0.00710021,-0.00194416,0.00868115,0.595514,-0.0556277,-0.0840876,0.796993,160.032,78.4462,73.9436,1
36,-0.00710395,-0.00197012,0.00858583,0.593643,-0.0564797,-0.0856707,0.79816,159.713,78.2398,73.7101,1
36.5,-0.00710654,-0.00199661,0.00848852,0.591784,-0.0573245,-0.087259,0.799307,159.395,78.0334,73.4798,1
37,-0.00710802,-0.00202364,0.00838932,0.589941,-0.0581619,-0.0888525,0.800433,159.08,77.827,73.2527,1
37.5,-0.00710838,-0.00205119,0.00828836,0.588111,-0.0589914,-0.090451,0.801538,158.767,77.6204,73.029,1
38,-0.00710765,-0.00207928,0.00818571,0.586297,-0.0598127,-0.0920544,0.802624,158.457,77.4139,72.8086,1
38.5,-0.00710584,-0.00210791,0.0080815,0.584498,-0.0606254,-0.0936626,0.803688,158.148,77.2074,72.5917,1
39,-0.00710297,-0.00213708,0.0079758,0.582715,-0.0614292,-0.0952755,0.804731,157.843,77.001,72.3782,1
39.5,-0.00709905,-0.00216678,0.00786873,0.580948,-0.0622238,-0.0968929,0.805754,157.54,76.7947,72.1683,1
40,-0.00709409,-0.00219702,0.00776035,0.579198,-0.0630087,-0.0985149,0.806755,157.239,76.5885,71.9619,1
40.5,-0.00708812,-0.00222779,0.00765078,0.577465,-0.0637837,-0.100141,0.807736,156.941,76.3824,71.7592,1
41,-0.00708114,-0.00225909,0.00754008,0.575749,-0.0645485,-0.101772,0.808696,156.646,76.1765,71.56,1
41.5,-0.00707317,-0.00229092,0.00742835,0.574051,-0.0653026,-0.103407,0.809635,156.354,75.9708,71.3646,1
42,-0.00706421,-0.00232327,0.00731566,0.572371,-0.0660458,-0.105045,0.810552,156.064,75.7653,71.1728,1
42.5,-0.0070543,-0.00235613,0.0072021,0.570709,-0.0667777,-0.106688,0.811449,155.777,75.56,70.9848,1
43,-0.00704343,-0.00238951,0.00708774,0.569065,-0.0674981,-0.108335,0.812325,155.493,75.3551,70.8006,1
43.5,-0.00703162,-0.00242339,0.00697264,0.56744,-0.0682066,-0.109985,0.813181,155.211,75.1504,70.6202,1
44,-0.00701889,-0.00245776,0.00685689,0.565834,-0.068903,-0.111639,0.814015,154.933,74.9461,70.4435,1
44.5,-0.00700525,-0.00249263,0.00674055,0.564248,-0.0695868,-0.113297,0.814829,154.657,74.7422,70.2707,1
45,-0.0069907,-0.00252797,0.00662368,0.56268,-0.0702579,-0.114958,0.815622,154.385,74.5386,70.1017,1
45.5,-0.00697527,-0.00256379,0.00650635,0.561133,-0.070916,-0.116622,0.816395,154.115,74.3354,69.9367,1
46,-0.00695896,-0.00260007,0.00638863,0.559605,-0.0715607,-0.11829,0.817147,153.848,74.1326,69.7754,1
46.5,-0.00694178,-0.00263681,0.00627056,0.558096,-0.0721918,-0.11996,0.817879,153.584,73.9303,69.6181,1
47,-0.00692376,-0.00267399,0.00615221,0.556608,-0.0728091,-0.121634,0.818591,153.324,73.7285,69.4647,1
47.5,-0.00690489,-0.0027116,0.00603362,0.55514,-0.0734122,-0.123311,0.819283,153.066,73.5272,69.3152,1
48,-0.0068852,-0.00274963,0.00591486,0.553693,-0.0740009,-0.12499,0.819955,152.811,73.3263,69.1695,1
48.5,-0.00686469,-0.00278807,0.00579597,0.552265,-0.0745749,-0.126673,0.820607,152.56,73.1261,69.0278,1
49,-0.00684338,-0.00282692,0.00567701,0.550858,-0.0751341,-0.128357,0.821239,152.311,72.9264,68.8901,1
49.5,-0.00682127,-0.00286615,0.00555801,0.549472,-0.0756781,-0.130045,0.821853,152.066,72.7272,68.7562,1
50,-0.00679837,-0.00290576,0.00543902,0.548106,-0.0762067,-0.131734,0.822446,151.824,72.5287,68.6262,1
50.5,-0.00677471,-0.00294573,0.00532009,0.546761,-0.0767197,-0.133426,0.823021,151.584,72.3308,68.5002,1
51,-0.00675028,-0.00298606,0.00520126,0.545437,-0.0772169,-0.135121,0.823576,151.348,72.1336,68.378,1
51.5,-0.00672511,-0.00302673,0.00508256,0.544134,-0.0776981,-0.136817,0.824113,151.115,71.9371,68.2598,1
52,-0.00669919,-0.00306772,0.00496403,0.542851,-0.078163,-0.138515,0.824631,150.886,71.7412,68.1454,1
52.5,-0.00667255,-0.00310903,0.00484572,0.541589,-0.0786114,-0.140215,0.825131,150.659,71.5461,68.0349,1
53,-0.00664519,-0.00315064,0.00472766,0.540348,-0.0790432,-0.141917,0.825612,150.436,71.3517,67.9283,1
53.5,-0.00661712,-0.00319254,0.00460987,0.539128,-0.0794581,-0.14362,0.826075,150.215,71.158,67.8255,1
54,-0.00658836,-0.00323472,0.0044924,0.537929,-0.079856,-0.145325,0.826521,149.998,70.9652,67.7266,1
54.5,-0.00655891,-0.00327716,0.00437527,0.53675,-0.0802366,-0.147032,0.826948,149.784,70.7731,67.6315,1
55,-0.00652879,-0.00331985,0.00425851,0.535592,-0.0805999,-0.148739,0.827358,149.573,70.5819,67.5402,1
55.5,-0.006498,-0.00336277,0.00414216,0.534455,-0.0809456,-0.150448,0.82775,149.365,70.3915,67.4527,1
56,-0.00646656,-0.00340593,0.00402624,0.533339,-0.0812735,-0.152158,0.828126,149.161,70.202,67.369,1
56.5,-0.00643447,-0.00344929,0.00391077,0.532243,-0.0815836,-0.153869,0.828484,148.96,70.0134,67.289,1
57,-0.00640175,-0.00349286,0.00379579,0.531168,-0.0818756,-0.15558,0.828825,148.761,69.8257,67.2128,1
57.5,-0.00636842,-0.00353661,0.00368132,0.530114,-0.0821494,-0.157293,0.82915,148.566,69.6389,67.1402,1
58,-0.00633446,-0.00358053,0.00356738,0.52908,-0.0824049,-0.159005,0.829459,148.374,69.4531,67.0714,1
58.5,-0.00629991,-0.00362461,0.00345399,0.528066,-0.0826419,-0.160719,0.829751,148.186,69.2682,67.0062,1
59,-0.00626477,-0.00366884,0.00334119,0.527073,-0.0828604,-0.162432,0.830027,148,69.0843,66.9446,1
59.5,-0.00622905,-0.00371321,0.00322899,0.5261,-0.0830601,-0.164146,0.830287,147.818,68.9015,66.8867,1
60,-0.00619277,-0.0037577,0.00311741,0.525147,-0.0832409,-0.16586,0.830531,147.639,68.7196,66.8323,1
60.5,-0.00615592,-0.0038023,0.00300647,0.524214,-0.0834028,-0.167574,0.830761,147.462,68.5389,66.7815,1
61,-0.00611853,-0.003847,0.0028962,0.5233,-0.0835457,-0.169288,0.830974,147.29,68.3592,66.7343,1
61.5,-0.0060806,-0.00389178,0.00278662,0.522407,-0.0836694,-0.171002,0.831173,147.12,68.1806,66.6905,1
62,-0.00604215,-0.00393664,0.00267773,0.521534,-0.0837738,-0.172715,0.831357,146.953,68.0031,66.6501,1
62.5,-0.00600319,-0.00398156,0.00256958,0.52068,-0.0838589,-0.174427,0.831526,146.789,67.8267,66.6132,1
63,-0.00596372,-0.00402653,0.00246216,0.519845,-0.0839245,-0.176139,0.831681,146.629,67.6515,66.5798,1
63.5,-0.00592377,-0.00407154,0.00235551,0.51903,-0.0839706,-0.177851,0.831821,146.471,67.4775,66.5496,1
64,-0.00588333,-0.00411657,0.00224963,0.518234,-0.0839972,-0.179561,0.831947,146.317,67.3046,66.5228,1
64.5,-0.00584243,-0.00416163,0.00214456,0.517456,-0.084004,-0.181271,0.83206,146.166,67.133,66.4993,1
65,-0.00580107,-0.00420668,0.00204029,0.516698,-0.0839912,-0.182979,0.832158,146.018,66.9627,66.4791,1
65.5,-0.00575926,-0.00425173,0.00193687,0.515958,-0.0839586,-0.184686,0.832243,145.873,66.7935,66.4621,1
66,-0.00571702,-0.00429677,0.00183429,0.515237,-0.0839061,-0.186392,0.832315,145.731,66.6257,66.4483,1
66.5,-0.00567436,-0.00434177,0.00173258,0.514535,-0.0838338,-0.188096,0.832374,145.592,66.4591,66.4376,1
67,-0.00563129,-0.00438674,0.00163175,0.51385,-0.0837416,-0.189799,0.832419,145.456,66.2939,66.43,1
67.5,-0.00558782,-0.00443165,0.00153182,0.513184,-0.0836294,-0.1915,0.832452,145.323,66.13,66.4255,1
68,-0.00554396,-0.00447651,0.00143281,0.512535,-0.0834972,-0.193199,0.832472,145.193,65.9674,66.4241,1
68.5,-0.00549973,-0.0045213,0.00133474,0.511904,-0.083345,-0.194896,0.83248,145.066,65.8063,66.4256,1
69,-0.00545514,-0.00456601,0.00123762,0.511291,-0.0831727,-0.196591,0.832476,144.942,65.6465,66.4301,1
69.5,-0.00541019,-0.00461063,0.00114147,0.510694,-0.0829804,-0.198284,0.83246,144.821,65.4881,66.4375,1
70,-0.00536491,-0.00465514,0.0010463,0.510115,-0.0827681,-0.199974,0.832431,144.703,65.3312,66.4477,1
70.5,-0.0053193,-0.00469956,0.000952127,0.509553,-0.0825356,-0.201663,0.832392,144.588,65.1757,66.4608,1
71,-0.00527338,-0.00474385,0.000858973,0.509007,-0.0822832,-0.203348,0.83234,144.476,65.0217,66.4767,1
71.5,-0.00522715,-0.00478801,0.000766852,0.508478,-0.0820106,-0.205031,0.832278,144.367,64.8691,66.4953,1
72,-0.00518064,-0.00483204,0.000675779,0.507965,-0.081718,-0.206711,0.832204,144.26,64.7181,66.5166,1
72.5,-0.00513385,-0.00487593,0.00058577,0.507468,-0.0814054,-0.208389,0.83212,144.157,64.5686,66.5405,1
73,-0.0050868,-0.00491966,0.000496841,0.506987,-0.0810728,-0.210063,0.832025,144.056,64.4206,66.5671,1
73.5,-0.00503949,-0.00496322,0.000409007,0.506521,-0.0807202,-0.211734,0.831919,143.958,64.2742,66.5962,1
74,-0.00499195,-0.00500662,0.000322283,0.506071,-0.0803476,-0.213402,0.831803,143.863,64.1294,66.6278,1
74.5,-0.00494417,-0.00504984,0.000236685,0.505636,-0.0799551,-0.215067,0.831676,143.771,63.9861,66.6619,1
75,-0.00489619,-0.00509287,0.000152227,0.505216,-0.0795427,-0.216728,0.83154,143.681,63.8445,66.6983,1
75.5,-0.004848,-0.0051357,6.89243e-05,0.50481,-0.0791105,-0.218386,0.831394,143.595,63.7045,66.7372,1
76,-0.00479962,-0.00517833,-1.32082e-05,0.504418,-0.0786586,-0.22004,0.831238,143.511,63.5661,66.7784,1
76.5,-0.00475107,-0.00522075,-9.41563e-05,0.504041,-0.0781869,-0.22169,0.831073,143.429,63.4294,66.8218,1
77,-0.00470235,-0.00526296,-0.000173906,0.503678,-0.0776955,-0.223337,0.830899,143.351,63.2943,66.8675,1
77.5,-0.00465348,-0.00530493,-0.000252443,0.503328,-0.0771845,-0.22498,0.830715,143.275,63.1609,66.9154,1
78,-0.00460448,-0.00534667,-0.000329754,0.502991,-0.076654,-0.226618,0.830523,143.202,63.0293,66.9653,1
78.5,-0.00455534,-0.00538818,-0.000405826,0.502668,-0.0761041,-0.228252,0.830322,143.131,62.8993,67.0174,1
79,-0.0045061,-0.00542943,-0.000480645,0.502357,-0.0755348,-0.229882,0.830112,143.063,62.7711,67.0715,1
79.5,-0.00445675,-0.00547043,-0.0005542,0.502059,-0.0749462,-0.231508,0.829894,142.998,62.6446,67.1275,1
80,-0.00440731,-0.00551117,-0.000626477,0.501773,-0.0743385,-0.233129,0.829668,142.935,62.5198,67.1855,1
80.5,-0.0043578,-0.00555165,-0.000697464,0.501499,-0.0737116,-0.234746,0.829433,142.874,62.3968,67.2454,1
81,-0.00430823,-0.00559184,-0.00076715,0.501237,-0.0730657,-0.236358,0.829191,142.816,62.2756,67.307,1
81.5,-0.0042586,-0.00563176,-0.000835525,0.500986,-0.072401,-0.237966,0.828941,142.761,62.1562,67.3705,1
82,-0.00420894,-0.0056714,-0.000902576,0.500746,-0.0717174,-0.239568,0.828684,142.708,62.0386,67.4357,1
82.5,-0.00415925,-0.00571074,-0.000968294,0.500517,-0.0710152,-0.241166,0.828419,142.657,61.9227,67.5025,1
83,-0.00410955,-0.00574978,-0.00103267,0.500299,-0.0702944,-0.242759,0.828147,142.609,61.8087,67.571,1
83.5,-0.00405985,-0.00578852,-0.00109569,0.500091,-0.0695552,-0.244347,0.827868,142.563,61.6965,67.6411,1
84,-0.00401015,-0.00582695,-0.00115735,0.499893,-0.0687977,-0.245929,0.827583,142.52,61.5862,67.7126,1
84.5,-0.00396048,-0.00586507,-0.00121764,0.499704,-0.0680221,-0.247507,0.82729,142.479,61.4776,67.7856,1
85,-0.00391084,-0.00590286,-0.00127656,0.499525,-0.0672283,-0.249079,0.826992,142.44,61.371,67.8601,1
85.5,-0.00386125,-0.00594034,-0.00133409,0.499355,-0.0664167,-0.250646,0.826687,142.403,61.2661,67.9359,1
86,-0.00381172,-0.00597748,-0.00139023,0.499193,-0.0655874,-0.252207,0.826375,142.369,61.1632,68.013,1
86.5,-0.00376226,-0.00601429,-0.00144497,0.49904,-0.0647404,-0.253763,0.826058,142.337,61.0621,68.0914,1
87,-0.00371288,-0.00605076,-0.0014983,0.498895,-0.063876,-0.255313,0.825735,142.307,60.9628,68.171,1
87.5,-0.0036636,-0.00608688,-0.00155023,0.498758,-0.0629942,-0.256858,0.825407,142.279,60.8655,68.2518,1
88,-0.00361441,-0.00612266,-0.00160075,0.498629,-0.0620953,-0.258397,0.825073,142.253,60.77,68.3336,1
88.5,-0.00356535,-0.00615809,-0.00164985,0.498506,-0.0611795,-0.25993,0.824733,142.229,60.6764,68.4166,1
89,-0.00351641,-0.00619315,-0.00169754,0.498391,-0.0602468,-0.261457,0.824389,142.207,60.5846,68.5005,1
89.5,-0.00346761,-0.00622786,-0.0017438,0.498282,-0.0592975,-0.262979,0.824039,142.187,60.4947,68.5854,1
90,-0.00341896,-0.00626221,-0.00178864,0.49818,-0.0583317,-0.264494,0.823685,142.17,60.4068,68.6712,1
90.5,-0.00337047,-0.00629619,-0.00183206,0.498083,-0.0573497,-0.266004,0.823326,142.154,60.3206,68.7579,1
91,-0.00332215,-0.00632979,-0.00187406,0.497993,-0.0563515,-0.267507,0.822963,142.14,60.2364,68.8454,1
91.5,-0.00327401,-0.00636302,-0.00191463,0.497907,-0.0553373,-0.269005,0.822595,142.128,60.154,68.9336,1
92,-0.00322606,-0.00639588,-0.00195378,0.497827,-0.0543075,-0.270496,0.822223,142.117,60.0735,69.0226,1
92.5,-0.00317832,-0.00642835,-0.00199152,0.497751,-0.0532621,-0.271981,0.821847,142.109,59.9949,69.1122,1
93,-0.00313078,-0.00646044,-0.00202783,0.49768,-0.0522013,-0.27346,0.821467,142.102,59.9181,69.2024,1
93.5,-0.00308347,-0.00649215,-0.00206273,0.497613,-0.0511253,-0.274933,0.821084,142.097,59.8432,69.2932,1
94,-0.00303639,-0.00652346,-0.00209623,0.49755,-0.0500344,-0.2764,0.820697,142.094,59.7702,69.3846,1
94.5,-0.00298955,-0.00655439,-0.00212832,0.497491,-0.0489287,-0.27786,0.820307,142.092,59.6989,69.4764,1
95,-0.00294297,-0.00658492,-0.00215901,0.497434,-0.0478085,-0.279314,0.819913,142.092,59.6295,69.5686,1
95.5,-0.00289664,-0.00661506,-0.00218831,0.497381,-0.0466738,-0.280761,0.819516,142.094,59.562,69.6612,1
96,-0.00285058,-0.00664479,-0.00221623,0.49733,-0.045525,-0.282202,0.819116,142.097,59.4962,69.7542,1
96.5,-0.0028048,-0.00667413,-0.00224277,0.497282,-0.0443623,-0.283637,0.818714,142.101,59.4323,69.8474,1
97,-0.0027593,-0.00670307,-0.00226794,0.497236,-0.0431858,-0.285065,0.818309,142.107,59.3702,69.9409,1
97.5,-0.00271411,-0.0067316,-0.00229175,0.497192,-0.0419959,-0.286487,0.817901,142.115,59.3098,70.0346,1
98,-0.00266921,-0.00675973,-0.00231421,0.497149,-0.0407926,-0.287902,0.817491,142.124,59.2512,70.1285,1
98.5,-0.00262463,-0.00678746,-0.00233534,0.497107,-0.0395762,-0.289311,0.817079,142.134,59.1944,70.2225,1
99,-0.00258037,-0.00681478,-0.00235514,0.497066,-0.0383469,-0.290713,0.816664,142.146,59.1394,70.3166,1
99.5,-0.00253643,-0.00684169,-0.00237363,0.497026,-0.037105,-0.292109,0.816248,142.159,59.086,70.4107,1
100,-0.00249283,-0.00686819,-0.00239081,0.496986,-0.0358506,-0.293498,0.81583,142.173,59.0344,70.5048,1
100.5,-0.00244958,-0.00689428,-0.00240671,0.496947,-0.034584,-0.29488,0.81541,142.189,58.9845,70.5989,1
101,-0.00240667,-0.00691997,-0.00242133,0.496907,-0.0333054,-0.296257,0.814988,142.205,58.9363,70.6929,1
101.5,-0.00236412,-0.00694524,-0.0024347,0.496867,-0.0320151,-0.297626,0.814565,142.223,58.8897,70.7868,1
102,-0.00232194,-0.0069701,-0.00244683,0.496826,-0.0307132,-0.298989,0.814141,142.242,58.8449,70.8806,1
102.5,-0.00228013,-0.00699455,-0.00245773,0.496784,-0.0294,-0.300346,0.813716,142.262,58.8016,70.9741,1
103,-0.0022387,-0.00701859,-0.00246742,0.496741,-0.0280757,-0.301696,0.813289,142.284,58.76,71.0674,1
103.5,-0.00219765,-0.00704222,-0.00247592,0.496697,-0.0267405,-0.303039,0.812862,142.306,58.7199,71.1605,1
104,-0.00215699,-0.00706544,-0.00248324,0.496651,-0.0253947,-0.304376,0.812433,142.329,58.6815,71.2533,1
104.5,-0.00211672,-0.00708825,-0.00248942,0.496603,-0.0240385,-0.305707,0.812004,142.353,58.6446,71.3457,1
105,-0.00207686,-0.00711065,-0.00249446,0.496553,-0.022672,-0.307031,0.811574,142.378,58.6092,71.4378,1
105.5,-0.00203741,-0.00713264,-0.00249838,0.496501,-0.0212956,-0.308349,0.811144,142.404,58.5753,71.5295,1
106,-0.00199837,-0.00715422,-0.00250121,0.496446,-0.0199095,-0.30966,0.810713,142.431,58.543,71.6208,1
106.5,-0.00195974,-0.00717539,-0.00250297,0.496388,-0.0185138,-0.310965,0.810282,142.459,58.5121,71.7116,1
107,-0.00192154,-0.00719615,-0.00250367,0.496327,-0.0171089,-0.312263,0.809851,142.487,58.4827,71.802,1
107.5,-0.00188377,-0.00721651,-0.00250335,0.496263,-0.0156949,-0.313555,0.809419,142.516,58.4547,71.8918,1
108,-0.00184643,-0.00723647,-0.00250202,0.496196,-0.014272,-0.314841,0.808988,142.546,58.4281,71.9811,1
108.5,-0.00180952,-0.00725602,-0.00249971,0.496124,-0.0128406,-0.31612,0.808556,142.577,58.4029,72.0699,1
109,-0.00177306,-0.00727516,-0.00249644,0.49605,-0.0114007,-0.317393,0.808125,142.608,58.379,72.158,1
109.5,-0.00173704,-0.00729391,-0.00249224,0.495971,-0.00995268,-0.31866,0.807694,142.64,58.3565,72.2456,1
110,-0.00170146,-0.00731225,-0.00248712,0.495888,-0.00849669,-0.319921,0.807263,142.673,58.3353,72.3325,1
110.5,-0.00166634,-0.0073302,-0.00248112,0.4958,-0.00703296,-0.321176,0.806833,142.706,58.3153,72.4188,1
111,-0.00163168,-0.00734775,-0.00247425,0.495708,-0.00556171,-0.322424,0.806403,142.74,58.2967,72.5044,1
111.5,-0.00159747,-0.0073649,-0.00246656,0.495611,-0.00408316,-0.323666,0.805973,142.774,58.2792,72.5893,1
112,-0.00156372,-0.00738167,-0.00245805,0.49551,-0.00259752,-0.324903,0.805544,142.809,58.263,72.6735,1
112.5,-0.00153044,-0.00739803,-0.00244876,0.495403,-0.00110501,-0.326133,0.805116,142.844,58.2479,72.7569,1
113,-0.00149762,-0.00741401,-0.00243871,0.495292,0.000394167,-0.327357,0.804688,142.88,58.234,72.8396,1
113.5,-0.00146527,-0.00742961,-0.00242793,0.495175,0.0018998,-0.328576,0.804261,142.916,58.2213,72.9216,1
114,-0.00143339,-0.00744481,-0.00241645,0.495052,0.00341168,-0.329788,0.803835,142.952,58.2096,73.0027,1
114.5,-0.00140199,-0.00745963,-0.00240429,0.494924,0.0049296,-0.330995,0.80341,142.989,58.199,73.0831,1
115,-0.00137106,-0.00747408,-0.00239149,0.494791,0.00645335,-0.332196,0.802986,143.026,58.1895,73.1626,1
115.5,-0.0013406,-0.00748814,-0.00237807,0.494651,0.00798275,-0.333391,0.802563,143.063,58.181,73.2413,1
116,-0.00131062,-0.00750182,-0.00236405,0.494506,0.00951758,-0.334581,0.80214,143.101,58.1735,73.3192,1
116.5,-0.00128112,-0.00751513,-0.00234947,0.494355,0.0110576,-0.335765,0.801719,143.139,58.167,73.3962,1
117,-0.0012521,-0.00752807,-0.00233435,0.494197,0.0126028,-0.336943,0.801299,143.177,58.1614,73.4724,1
117.5,-0.00122356,-0.00754064,-0.00231872,0.494034,0.0141527,-0.338116,0.80088,143.216,58.1568,73.5477,1
118,-0.0011955,-0.00755284,-0.00230262,0.493864,0.0157074,-0.339283,0.800461,143.254,58.153,73.6222,1
118.5,-0.00116792,-0.00756467,-0.00228606,0.493688,0.0172665,-0.340446,0.800044,143.293,58.1502,73.6957,1
119,-0.00114082,-0.00757614,-0.00226907,0.493505,0.0188299,-0.341602,0.799629,143.332,58.1482,73.7684,1
119.5,-0.0011142,-0.00758725,-0.0022517,0.493316,0.0203974,-0.342754,0.799214,143.371,58.147,73.8401,1
120,-0.00108807,-0.00759801,-0.00223395,0.493121,0.0219688,-0.3439,0.798801,143.41,58.1466,73.911,1
120.5,-0.00106242,-0.0076084,-0.00221587,0.492918,0.023544,-0.345041,0.798388,143.449,58.1469,73.981,1
121,-0.00103724,-0.00761845,-0.00219748,0.49271,0.0251228,-0.346177,0.797977,143.488,58.1481,74.05,1
121.5,-0.00101255,-0.00762815,-0.0021788,0.492494,0.026705,-0.347308,0.797567,143.528,58.1499,74.1182,1
122,-0.000988338,-0.00763749,-0.00215987,0.492272,0.0282905,-0.348433,0.797159,143.567,58.1525,74.1855,1
122.5,-0.000964604,-0.0076465,-0.00214071,0.492043,0.029879,-0.349554,0.796751,143.606,58.1557,74.2518,1
123,-0.000941348,-0.00765516,-0.00212136,0.491808,0.0314704,-0.35067,0.796345,143.646,58.1596,74.3172,1
123.5,-0.000918568,-0.00766348,-0.00210183,0.491565,0.0330646,-0.351782,0.79594,143.685,58.1642,74.3818,1
124,-0.000896263,-0.00767146,-0.00208216,0.491316,0.0346614,-0.352888,0.795536,143.725,58.1693,74.4454,1
124.5,-0.000874432,-0.00767911,-0.00206238,0.49106,0.0362607,-0.35399,0.795133,143.764,58.1751,74.5081,1
125,-0.000853072,-0.00768643,-0.0020425,0.490798,0.0378623,-0.355087,0.794731,143.803,58.1814,74.57,1
125.5,-0.000832183,-0.00769341,-0.00202257,0.490528,0.039466,-0.35618,0.79433,143.842,58.1883,74.6309,1
126,-0.000811762,-0.00770008,-0.00200259,0.490252,0.0410717,-0.357268,0.793931,143.881,58.1956,74.6909,1
126.5,-0.000791807,-0.00770641,-0.00198261,0.489969,0.0426794,-0.358351,0.793532,143.921,58.2035,74.7501,1
127,-0.000772317,-0.00771243,-0.00196264,0.48968,0.0442887,-0.35943,0.793134,143.959,58.2119,74.8084,1
127.5,-0.000753288,-0.00771812,-0.00194272,0.489383,0.0458997,-0.360505,0.792738,143.998,58.2208,74.8658,1
128,-0.000734718,-0.0077235,-0.00192286,0.48908,0.0475121,-0.361576,0.792342,144.037,58.2301,74.9224,1
128.5,-0.000716605,-0.00772856,-0.00190309,0.488771,0.0491259,-0.362642,0.791947,144.076,58.2399,74.9781,1
129,-0.000698946,-0.00773332,-0.00188344,0.488455,0.050741,-0.363704,0.791553,144.114,58.25,75.033,1
129.5,-0.000681738,-0.00773776,-0.00186393,0.488132,0.0523571,-0.364762,0.79116,144.152,58.2606,75.0871,1
130,-0.000664978,-0.0077419,-0.00184459,0.487803,0.0539742,-0.365816,0.790767,144.191,58.2716,75.1403,1
130.5,-0.000648664,-0.00774573,-0.00182543,0.487468,0.0555922,-0.366866,0.790376,144.229,58.2829,75.1927,1
131,-0.000632792,-0.00774926,-0.00180648,0.487126,0.057211,-0.367912,0.789985,144.266,58.2946,75.2444,1
131.5,-0.000617359,-0.00775249,-0.00178777,0.486778,0.0588304,-0.368954,0.789594,144.304,58.3066,75.2952,1
132,-0.000602362,-0.00775542,-0.00176931,0.486424,0.0604504,-0.369993,0.789204,144.342,58.319,75.3453,1
132.5,-0.000587797,-0.00775805,-0.00175113,0.486064,0.0620708,-0.371027,0.788814,144.379,58.3316,75.3946,1
133,-0.000573661,-0.0077604,-0.00173325,0.485698,0.0636916,-0.372058,0.788425,144.416,58.3446,75.4431,1
133.5,-0.00055995,-0.00776245,-0.00171568,0.485326,0.0653127,-0.373085,0.788036,144.453,58.3578,75.491,1
134,-0.000546661,-0.00776421,-0.00169845,0.484948,0.0669339,-0.374108,0.787647,144.49,58.3713,75.5381,1
134.5,-0.000533789,-0.00776569,-0.00168158,0.484565,0.0685552,-0.375128,0.787259,144.527,58.3851,75.5845,1
135,-0.000521332,-0.00776688,-0.00166509,0.484175,0.0701765,-0.376144,0.78687,144.564,58.3992,75.6302,1
135.5,-0.000509285,-0.00776779,-0.00164899,0.483781,0.0717977,-0.377157,0.786482,144.6,58.4135,75.6753,1
136,-0.000497644,-0.00776842,-0.00163331,0.483381,0.0734188,-0.378166,0.786093,144.636,58.428,75.7197,1
136.5,-0.000486405,-0.00776877,-0.00161805,0.482976,0.0750396,-0.379172,0.785705,144.672,58.4427,75.7634,1
137,-0.000475564,-0.00776884,-0.00160324,0.482565,0.07666,-0.380175,0.785316,144.708,58.4577,75.8066,1
137.5,-0.000465118,-0.00776864,-0.0015889,0.48215,0.0782801,-0.381174,0.784927,144.744,58.4729,75.8491,1
138,-0.000455062,-0.00776817,-0.00157503,0.481729,0.0798998,-0.38217,0.784538,144.78,58.4883,75.891,1
138.5,-0.000445391,-0.00776742,-0.00156166,0.481304,0.0815189,-0.383162,0.784148,144.815,58.5039,75.9324,1
139,-0.000436102,-0.00776641,-0.00154879,0.480874,0.0831375,-0.384152,0.783757,144.85,58.5197,75.9733,1
139.5,-0.00042719,-0.00776513,-0.00153644,0.48044,0.0847553,-0.385138,0.783366,144.886,58.5356,76.0135,1
140,-0.00041865,-0.00776358,-0.00152463,0.480001,0.0863725,-0.386121,0.782975,144.921,58.5518,76.0533,1
140.5,-0.00041048,-0.00776176,-0.00151337,0.479559,0.087989,-0.387101,0.782582,144.956,58.5681,76.0926,1
141,-0.000402673,-0.00775969,-0.00150266,0.479112,0.0896046,-0.388077,0.782189,144.991,58.5847,76.1314,1
141.5,-0.000395227,-0.00775735,-0.00149252,0.478661,0.0912194,-0.389051,0.781794,145.025,58.6013,76.1697,1
142,-0.000388135,-0.00775476,-0.00148297,0.478206,0.0928332,-0.390022,0.781399,145.06,58.6182,76.2076,1
142.5,-0.000381395,-0.0077519,-0.001474,0.477748,0.0944461,-0.39099,0.781002,145.095,58.6352,76.2451,1
143,-0.000375001,-0.00774879,-0.00146563,0.477286,0.096058,-0.391954,0.780604,145.129,58.6524,76.2822,1
143.5,-0.000368949,-0.00774542,-0.00145786,0.476821,0.0976689,-0.392916,0.780205,145.164,58.6698,76.3189,1
144,-0.000363235,-0.0077418,-0.00145072,0.476352,0.0992787,-0.393875,0.779804,145.198,58.6873,76.3552,1
144.5,-0.000357854,-0.00773793,-0.00144419,0.475881,0.100887,-0.394831,0.779402,145.232,58.7051,76.3912,1
145,-0.000352801,-0.0077338,-0.00143829,0.475406,0.102495,-0.395784,0.778998,145.267,58.7229,76.4268,1
145.5,-0.000348073,-0.00772943,-0.00143303,0.474929,0.104101,-0.396734,0.778593,145.301,58.741,76.4622,1
146,-0.000343665,-0.0077248,-0.0014284,0.47445,0.105706,-0.397682,0.778185,145.335,58.7592,76.4972,1
146.5,-0.000339571,-0.00771993,-0.00142442,0.473968,0.10731,-0.398627,0.777776,145.37,58.7776,76.532,1
147,-0.000335789,-0.00771481,-0.00142109,0.473484,0.108913,-0.399568,0.777365,145.404,58.7962,76.5665,1
147.5,-0.000332313,-0.00770945,-0.0014184,0.472998,0.110514,-0.400507,0.776952,145.438,58.8149,76.6008,1
148,-0.00032914,-0.00770384,-0.00141637,0.472509,0.112114,-0.401444,0.776536,145.473,58.8339,76.6349,1
148.5,-0.000326264,-0.00769798,-0.00141499,0.47202,0.113713,-0.402377,0.776118,145.507,58.853,76.6687,1
149,-0.000323682,-0.00769189,-0.00141427,0.471528,0.11531,-0.403308,0.775698,145.542,58.8724,76.7024,1
149.5,-0.00032139,-0.00768555,-0.0014142,0.471035,0.116906,-0.404236,0.775276,145.576,58.8919,76.736,1
150,-0.000319382,-0.00767897,-0.00141479,0.470541,0.1185,-0.405161,0.774851,145.611,58.9116,76.7694,1
150.5,-0.000317655,-0.00767215,-0.00141603,0.470046,0.120093,-0.406083,0.774423,145.646,58.9315,76.8026,1
151,-0.000316205,-0.00766509,-0.00141792,0.46955,0.121685,-0.407003,0.773992,145.681,58.9517,76.8358,1
151.5,-0.000315027,-0.0076578,-0.00142046,0.469053,0.123275,-0.40792,0.773559,145.716,58.9721,76.8689,1
152,-0.000314118,-0.00765026,-0.00142365,0.468556,0.124864,-0.408835,0.773123,145.751,58.9927,76.9018,1
152.5,-0.000313474,-0.00764249,-0.00142748,0.468058,0.126451,-0.409746,0.772684,145.786,59.0135,76.9348,1
153,-0.00031309,-0.00763449,-0.00143195,0.46756,0.128036,-0.410655,0.772242,145.822,59.0346,76.9677,1
153.5,-0.000312963,-0.00762624,-0.00143706,0.467061,0.12962,-0.411561,0.771796,145.858,59.0559,77.0006,1
154,-0.000313088,-0.00761777,-0.00144279,0.466563,0.131203,-0.412465,0.771348,145.894,59.0775,77.0334,1
154.5,-0.000313463,-0.00760906,-0.00144915,0.466065,0.132784,-0.413366,0.770896,145.93,59.0993,77.0663,1
155,-0.000314083,-0.00760011,-0.00145611,0.465568,0.134363,-0.414264,0.77044,145.966,59.1214,77.0992,1
155.5,-0.000314945,-0.00759093,-0.00146369,0.465071,0.135941,-0.415159,0.769982,146.003,59.1438,77.1321,1
156,-0.000316045,-0.00758152,-0.00147187,0.464575,0.137517,-0.416052,0.769519,146.04,59.1664,77.1651,1
156.5,-0.00031738,-0.00757188,-0.00148063,0.464079,0.139092,-0.416942,0.769054,146.077,59.1894,77.1982,1
157,-0.000318946,-0.00756201,-0.00148998,0.463585,0.140665,-0.417829,0.768584,146.115,59.2127,77.2313,1
157.5,-0.000320739,-0.00755191,-0.0014999,0.463092,0.142237,-0.418714,0.768111,146.153,59.2362,77.2645,1
158,-0.000322758,-0.00754157,-0.00151037,0.4626,0.143806,-0.419595,0.767633,146.191,59.2601,77.2979,1
158.5,-0.000324998,-0.00753101,-0.0015214,0.462109,0.145374,-0.420474,0.767152,146.229,59.2843,77.3313,1
159,-0.000327456,-0.00752021,-0.00153297,0.46162,0.146941,-0.421351,0.766667,146.268,59.3089,77.3649,1
159.5,-0.000330129,-0.00750919,-0.00154505,0.461133,0.148506,-0.422224,0.766178,146.307,59.3338,77.3987,1
160,-0.000333015,-0.00749794,-0.00155766,0.460648,0.150069,-0.423095,0.765685,146.347,59.359,77.4326,1
160.5,-0.00033611,-0.00748646,-0.00157076,0.460165,0.15163,-0.423963,0.765188,146.387,59.3846,77.4666,1
161,-0.000339413,-0.00747475,-0.00158434,0.459683,0.15319,-0.424828,0.764686,146.427,59.4106,77.5009,1
161.5,-0.000342919,-0.00746282,-0.0015984,0.459205,0.154748,-0.425691,0.76418,146.468,59.4369,77.5354,1
162,-0.000346627,-0.00745066,-0.00161291,0.458728,0.156304,-0.42655,0.76367,146.509,59.4636,77.57,1
162.5,-0.000350533,-0.00743827,-0.00162786,0.458254,0.157858,-0.427407,0.763156,146.551,59.4907,77.6049,1
163,-0.000354637,-0.00742565,-0.00164323,0.457783,0.159411,-0.428261,0.762637,146.593,59.5182,77.64,1
163.5,-0.000358934,-0.00741281,-0.00165901,0.457315,0.160962,-0.429112,0.762114,146.636,59.5461,77.6753,1
164,-0.000363424,-0.00739974,-0.00167519,0.456849,0.162511,-0.429961,0.761586,146.679,59.5745,77.7109,1
164.5,-0.000368104,-0.00738644,-0.00169173,0.456387,0.164058,-0.430806,0.761053,146.723,59.6032,77.7467,1
165,-0.000372972,-0.00737292,-0.00170863,0.455927,0.165603,-0.431649,0.760516,146.767,59.6324,77.7827,1
165.5,-0.000378026,-0.00735918,-0.00172586,0.455471,0.167147,-0.432489,0.759975,146.811,59.662,77.8191,1
166,-0.000383265,-0.00734521,-0.00174342,0.455018,0.168688,-0.433326,0.759428,146.856,59.6921,77.8557,1
166.5,-0.000388686,-0.00733101,-0.00176127,0.454569,0.170228,-0.43416,0.758878,146.902,59.7226,77.8926,1
167,-0.000394288,-0.00731659,-0.0017794,0.454123,0.171765,-0.434991,0.758322,146.948,59.7535,77.9298,1
167.5,-0.00040007,-0.00730195,-0.00179779,0.453681,0.173301,-0.435819,0.757761,146.995,59.7849,77.9672,1
168,-0.000406029,-0.00728708,-0.00181641,0.453242,0.174834,-0.436644,0.757196,147.042,59.8168,78.005,1
168.5,-0.000412166,-0.00727198,-0.00183526,0.452808,0.176366,-0.437467,0.756626,147.09,59.8492,78.0431,1
169,-0.000418479,-0.00725667,-0.0018543,0.452377,0.177895,-0.438286,0.756051,147.138,59.882,78.0815,1
169.5,-0.000424966,-0.00724112,-0.00187351,0.45195,0.179422,-0.439103,0.755472,147.187,59.9153,78.1202,1
170,-0.000431627,-0.00722536,-0.00189288,0.451527,0.180947,-0.439916,0.754887,147.236,59.9491,78.1592,1
170.5,-0.00043846,-0.00720937,-0.00191238,0.451109,0.18247,-0.440727,0.754298,147.286,59.9834,78.1985,1
171,-0.000445465,-0.00719316,-0.00193198,0.450694,0.18399,-0.441535,0.753704,147.337,60.0181,78.2382,1
171.5,-0.000452642,-0.00717672,-0.00195167,0.450284,0.185508,-0.442339,0.753105,147.388,60.0534,78.2782,1
172,-0.00045999,-0.00716006,-0.00197143,0.449878,0.187024,-0.443141,0.752501,147.439,60.0891,78.3185,1
172.5,-0.000467508,-0.00714318,-0.00199122,0.449476,0.188537,-0.44394,0.751892,147.492,60.1254,78.3591,1
173,-0.000475195,-0.00712608,-0.00201102,0.449079,0.190048,-0.444736,0.751279,147.545,60.1621,78.4001,1
173.5,-0.000483053,-0.00710875,-0.00203082,0.448686,0.191557,-0.445529,0.75066,147.598,60.1993,78.4415,1
174,-0.00049108,-0.0070912,-0.00205059,0.448298,0.193062,-0.446319,0.750037,147.652,60.2371,78.4831,1
174.5,-0.000499276,-0.00707343,-0.00207029,0.447914,0.194565,-0.447106,0.749409,147.707,60.2753,78.5251,1
175,-0.000507642,-0.00705543,-0.00208992,0.447535,0.196066,-0.44789,0.748776,147.762,60.314,78.5675,1
175.5,-0.000516177,-0.00703722,-0.00210944,0.44716,0.197563,-0.448672,0.748138,147.818,60.3532,78.6102,1
176,-0.000524882,-0.00701878,-0.00212882,0.44679,0.199058,-0.44945,0.747495,147.874,60.393,78.6532,1
176.5,-0.000533758,-0.00700012,-0.00214805,0.446425,0.20055,-0.450225,0.746848,147.931,60.4332,78.6966,1
177,-0.000542804,-0.00698123,-0.0021671,0.446064,0.202039,-0.450998,0.746196,147.988,60.4738,78.7403,1
177.5,-0.000552021,-0.00696213,-0.00218594,0.445708,0.203525,-0.451767,0.745539,148.046,60.515,78.7844,1
178,-0.00056141,-0.0069428,-0.00220455,0.445356,0.205007,-0.452534,0.744878,148.105,60.5567,78.8288,1
178.5,-0.000570971,-0.00692325,-0.0022229,0.445009,0.206487,-0.453298,0.744212,148.164,60.5988,78.8735,1
179,-0.000580705,-0.00690349,-0.00224096,0.444667,0.207963,-0.454059,0.743541,148.224,60.6414,78.9186,1
179.5,-0.000590614,-0.0068835,-0.00225872,0.444329,0.209436,-0.454817,0.742866,148.284,60.6845,78.964,1
180,-0.000600697,-0.00686328,-0.00227614,0.443996,0.210905,-0.455572,0.742186,148.345,60.728,79.0097,1
180.5,-0.000610956,-0.00684285,-0.0022932,0.443668,0.212371,-0.456325,0.741502,148.406,60.7719,79.0558,1
181,-0.000621393,-0.0068222,-0.00230987,0.443344,0.213833,-0.457074,0.740814,148.468,60.8163,79.1022,1
181.5,-0.000632008,-0.00680132,-0.00232612,0.443025,0.215291,-0.457821,0.740121,148.53,60.8612,79.1489,1
182,-0.000642803,-0.00678023,-0.00234194,0.44271,0.216745,-0.458566,0.739423,148.593,60.9064,79.196,1
182.5,-0.000653778,-0.00675891,-0.00235729,0.4424,0.218195,-0.459307,0.738722,148.656,60.9521,79.2433,1
183,-0.000664937,-0.00673738,-0.00237215,0.442094,0.219642,-0.460046,0.738016,148.72,60.9981,79.291,1
183.5,-0.000676279,-0.00671562,-0.00238649,0.441793,0.221084,-0.460782,0.737306,148.784,61.0446,79.339,1
184,-0.000687806,-0.00669365,-0.00240029,0.441496,0.222522,-0.461516,0.736593,148.848,61.0914,79.3873,1
184.5,-0.000699521,-0.00667145,-0.00241352,0.441203,0.223955,-0.462247,0.735875,148.913,61.1385,79.4359,1
185,-0.000711425,-0.00664903,-0.00242616,0.440914,0.225384,-0.462976,0.735153,148.978,61.1861,79.4849,1
185.5,-0.000723519,-0.0066264,-0.00243817,0.44063,0.226808,-0.463702,0.734427,149.044,61.2339,79.5341,1
186,-0.000735806,-0.00660354,-0.00244954,0.44035,0.228227,-0.464426,0.733698,149.11,61.2821,79.5836,1
186.5,-0.000748287,-0.00658047,-0.00246024,0.440074,0.229641,-0.465148,0.732965,149.177,61.3305,79.6334,1
187,-0.000760964,-0.00655717,-0.00247024,0.439802,0.23105,-0.465867,0.732228,149.243,61.3793,79.6835,1
187.5,-0.00077384,-0.00653366,-0.00247952,0.439533,0.232454,-0.466584,0.731488,149.311,61.4283,79.7339,1
188,-0.000786916,-0.00650993,-0.00248805,0.439269,0.233853,-0.467298,0.730745,149.378,61.4776,79.7845,1
188.5,-0.000800194,-0.00648597,-0.00249581,0.439008,0.235246,-0.468011,0.729998,149.445,61.5271,79.8355,1
189,-0.000813677,-0.0064618,-0.00250277,0.438751,0.236634,-0.468721,0.729248,149.513,61.5768,79.8867,1
189.5,-0.000827367,-0.00643741,-0.00250891,0.438498,0.238015,-0.469429,0.728495,149.581,61.6267,79.9381,1
190,-0.000841265,-0.0064128,-0.00251421,0.438248,0.239391,-0.470136,0.727738,149.65,61.6767,79.9899,1
190.5,-0.000855374,-0.00638798,-0.00251864,0.438001,0.240761,-0.47084,0.726979,149.718,61.7269,80.0419,1
191,-0.000869697,-0.00636293,-0.00252217,0.437758,0.242124,-0.471543,0.726217,149.787,61.7772,80.0941,1
191.5,-0.000884235,-0.00633767,-0.00252478,0.437518,0.243481,-0.472244,0.725452,149.855,61.8276,80.1466,1
192,-0.000898991,-0.00631219,-0.00252646,0.437281,0.244832,-0.472943,0.724685,149.924,61.8781,80.1993,1
192.5,-0.000913968,-0.00628648,-0.00252717,0.437046,0.246175,-0.473641,0.723915,149.993,61.9286,80.2523,1
193,-0.000929167,-0.00626057,-0.0025269,0.436815,0.247512,-0.474337,0.723143,150.062,61.9792,80.3055,1
193.5,-0.000944591,-0.00623443,-0.00252561,0.436586,0.248842,-0.475031,0.722368,150.131,62.0298,80.3589,1
194,-0.000960242,-0.00620807,-0.0025233,0.43636,0.250164,-0.475724,0.721591,150.2,62.0803,80.4126,1
194.5,-0.000976122,-0.0061815,-0.00251993,0.436136,0.251479,-0.476416,0.720813,150.269,62.1307,80.4665,1
195,-0.000992235,-0.00615471,-0.00251548,0.435915,0.252786,-0.477107,0.720032,150.338,62.1811,80.5206,1
195.5,-0.00100858,-0.0061277,-0.00250994,0.435696,0.254086,-0.477797,0.719249,150.406,62.2314,80.5749,1
196,-0.00102517,-0.00610047,-0.00250328,0.435479,0.255377,-0.478486,0.718465,150.475,62.2815,80.6294,1
196.5,-0.00104199,-0.00607303,-0.00249549,0.435263,0.25666,-0.479173,0.71768,150.543,62.3314,80.6841,1
197,-0.00105905,-0.00604536,-0.00248653,0.43505,0.257935,-0.47986,0.716893,150.612,62.3812,80.7391,1
197.5,-0.00107636,-0.00601748,-0.00247639,0.434838,0.259201,-0.480547,0.716104,150.68,62.4306,80.7942,1
198,-0.00109391,-0.00598938,-0.00246506,0.434628,0.260459,-0.481233,0.715315,150.747,62.4799,80.8495,1
198.5,-0.00111171,-0.00596106,-0.00245251,0.434418,0.261707,-0.481918,0.714524,150.815,62.5288,80.905,1
199,-0.00112977,-0.00593253,-0.00243872,0.434211,0.262947,-0.482603,0.713733,150.882,62.5773,80.9607,1
199.5,-0.00114807,-0.00590377,-0.00242368,0.434004,0.264176,-0.483287,0.712941,150.949,62.6255,81.0166,1
200,-0.00116663,-0.0058748,-0.00240736,0.433798,0.265397,-0.483972,0.712149,151.015,62.6733,81.0726,1
200.5,-0.00118544,-0.0058456,-0.00238975,0.433592,0.266607,-0.484656,0.711356,151.081,62.7207,81.1289,1
201,-0.00120452,-0.00581619,-0.00237084,0.433387,0.267807,-0.485341,0.710563,151.146,62.7676,81.1853,1
201.5,-0.00122385,-0.00578656,-0.0023506,0.433183,0.268997,-0.486026,0.709769,151.211,62.8139,81.2419,1
202,-0.00124345,-0.00575671,-0.00232901,0.432979,0.270177,-0.486711,0.708976,151.275,62.8597,81.2986,1
202.5,-0.00126331,-0.00572664,-0.00230607,0.432774,0.271345,-0.487396,0.708183,151.339,62.9049,81.3556,1
203,-0.00128344,-0.00569635,-0.00228175,0.43257,0.272503,-0.488083,0.70739,151.402,62.9495,81.4126,1
203.5,-0.00130383,-0.00566584,-0.00225605,0.432365,0.27365,-0.488769,0.706598,151.464,62.9934,81.4699,1
204,-0.0013245,-0.00563511,-0.00222894,0.43216,0.274785,-0.489457,0.705806,151.526,63.0366,81.5273,1
204.5,-0.00134543,-0.00560416,-0.00220041,0.431955,0.275909,-0.490146,0.705015,151.587,63.0791,81.5849,1
205,-0.00136664,-0.00557298,-0.00217045,0.431748,0.277021,-0.490836,0.704225,151.647,63.1207,81.6426,1
205.5,-0.00138812,-0.00554158,-0.00213904,0.43154,0.27812,-0.491527,0.703437,151.706,63.1616,81.7005,1
206,-0.00140988,-0.00550996,-0.00210617,0.431332,0.279208,-0.49222,0.702649,151.765,63.2015,81.7585,1
206.5,-0.00143191,-0.00547812,-0.00207184,0.431121,0.280282,-0.492914,0.701863,151.822,63.2406,81.8167,1
207,-0.00145422,-0.00544605,-0.00203601,0.43091,0.281344,-0.49361,0.701079,151.879,63.2787,81.8751,1
207.5,-0.00147681,-0.00541376,-0.00199869,0.430696,0.282393,-0.494308,0.700296,151.934,63.3158,81.9336,1
208,-0.00149968,-0.00538124,-0.00195987,0.430481,0.283428,-0.495008,0.699515,151.989,63.3519,81.9923,1
208.5,-0.00152282,-0.0053485,-0.00191952,0.430264,0.28445,-0.49571,0.698737,152.042,63.3869,82.0511,1
209,-0.00154625,-0.00531553,-0.00187765,0.430044,0.285458,-0.496414,0.69796,152.094,63.4207,82.1101,1
209.5,-0.00156996,-0.00528233,-0.00183423,0.429822,0.286452,-0.497121,0.697187,152.145,63.4534,82.1692,1
210,-0.00159394,-0.0052489,-0.00178927,0.429597,0.287432,-0.49783,0.696415,152.195,63.4849,82.2285,1
210.5,-0.00161821,-0.00521524,-0.00174275,0.429369,0.288397,-0.498542,0.695647,152.244,63.5152,82.2879,1
211,-0.00164276,-0.00518135,-0.00169466,0.429139,0.289347,-0.499257,0.694881,152.291,63.5441,82.3475,1
211.5,-0.00166759,-0.00514723,-0.00164499,0.428905,0.290282,-0.499976,0.694119,152.337,63.5717,82.4073,1
212,-0.0016927,-0.00511287,-0.00159375,0.428667,0.291202,-0.500697,0.69336,152.381,63.5978,82.4672,1
212.5,-0.00171809,-0.00507828,-0.00154091,0.428426,0.292106,-0.501422,0.692604,152.424,63.6226,82.5273,1
213,-0.00174376,-0.00504345,-0.00148647,0.428182,0.292994,-0.50215,0.691853,152.465,63.6459,82.5875,1
213.5,-0.0017697,-0.00500839,-0.00143043,0.427933,0.293866,-0.502882,0.691104,152.505,63.6676,82.648,1
214,-0.00179592,-0.00497308,-0.00137278,0.42768,0.294722,-0.503618,0.69036,152.544,63.6878,82.7085,1
214.5,-0.00182242,-0.00493753,-0.00131351,0.427423,0.295561,-0.504358,0.68962,152.58,63.7063,82.7693,1
215,-0.0018492,-0.00490174,-0.00125262,0.427161,0.296383,-0.505103,0.688885,152.615,63.7232,82.8302,1
215.5,-0.00187624,-0.00486571,-0.0011901,0.426894,0.297187,-0.505851,0.688154,152.648,63.7383,82.8913,1
216,-0.00190356,-0.00482943,-0.00112595,0.426623,0.297974,-0.506605,0.687427,152.68,63.7517,82.9526,1
216.5,-0.00193114,-0.0047929,-0.00106016,0.426346,0.298744,-0.507362,0.686706,152.709,63.7633,83.0141,1
217,-0.00195899,-0.00475612,-0.000992738,0.426064,0.299495,-0.508125,0.685989,152.737,63.773,83.0758,1
217.5,-0.0019871,-0.00471909,-0.000923667,0.425776,0.300228,-0.508893,0.685278,152.763,63.7808,83.1376,1
218,-0.00201548,-0.0046818,-0.000852948,0.425483,0.300942,-0.509666,0.684572,152.786,63.7867,83.1997,1
218.5,-0.00204411,-0.00464425,-0.00078058,0.425184,0.301637,-0.510444,0.683872,152.808,63.7905,83.2619,1
219,-0.002073,-0.00460645,-0.00070656,0.424878,0.302313,-0.511228,0.683177,152.828,63.7923,83.3244,1
219.5,-0.00210214,-0.00456838,-0.000630884,0.424567,0.30297,-0.512018,0.682488,152.845,63.792,83.387,1
220,-0.00213152,-0.00453005,-0.000553553,0.424248,0.303607,-0.512813,0.681806,152.86,63.7896,83.4499,1
220.5,-0.00216115,-0.00449144,-0.000474564,0.423923,0.304224,-0.513614,0.681129,152.873,63.785,83.513,1
221,-0.00219102,-0.00445257,-0.000393916,0.423592,0.30482,-0.514422,0.680459,152.884,63.7781,83.5763,1
221.5,-0.00222112,-0.00441342,-0.000311608,0.423253,0.305396,-0.515236,0.679796,152.892,63.769,83.6398,1
222,-0.00225146,-0.004374,-0.00022764,0.422906,0.305951,-0.516056,0.67914,152.898,63.7575,83.7035,1
222.5,-0.00228201,-0.0043343,-0.000142012,0.422552,0.306485,-0.516883,0.67849,152.902,63.7436,83.7675,1
223,-0.00231279,-0.00429431,-5.47231e-05,0.422191,0.306997,-0.517717,0.677847,152.903,63.7273,83.8318,1
223.5,-0.00234378,-0.00425403,3.42253e-05,0.421822,0.307487,-0.518557,0.677212,152.902,63.7086,83.8962,1
224,-0.00237498,-0.00421346,0.000124833,0.421444,0.307956,-0.519405,0.676584,152.897,63.6873,83.9609,1
224.5,-0.00240638,-0.0041726,0.000217098,0.421059,0.308402,-0.52026,0.675964,152.891,63.6634,84.0259,1
225,-0.00243797,-0.00413144,0.000311021,0.420664,0.308825,-0.521122,0.675352,152.881,63.6369,84.0911,1
225.5,-0.00246976,-0.00408998,0.000406598,0.420262,0.309225,-0.521992,0.674748,152.869,63.6077,84.1566,1
226,-0.00250172,-0.00404821,0.00050383,0.41985,0.309603,-0.522869,0.674151,152.854,63.5758,84.2224,1
226.5,-0.00253386,-0.00400613,0.000602713,0.419429,0.309956,-0.523754,0.673563,152.836,63.5412,84.2884,1
227,-0.00256617,-0.00396373,0.000703244,0.418999,0.310286,-0.524647,0.672984,152.816,63.5037,84.3547,1
227.5,-0.00259863,-0.00392101,0.000805423,0.41856,0.310592,-0.525549,0.672413,152.792,63.4634,84.4213,1
228,-0.00263124,-0.00387796,0.000909246,0.418111,0.310873,-0.526458,0.671851,152.765,63.4202,84.4882,1
228.5,-0.00266399,-0.00383459,0.00101471,0.417652,0.311129,-0.527375,0.671298,152.735,63.374,84.5553,1
229,-0.00269688,-0.00379088,0.00112181,0.417183,0.311361,-0.528301,0.670754,152.703,63.3248,84.6228,1
229.5,-0.00272988,-0.00374683,0.00123054,0.416704,0.311567,-0.529236,0.670219,152.667,63.2726,84.6906,1
230,-0.002763,-0.00370243,0.00134091,0.416214,0.311747,-0.530179,0.669694,152.627,63.2173,84.7586,1
230.5,-0.00279623,-0.00365769,0.0014529,0.415714,0.311901,-0.531131,0.669178,152.585,63.1588,84.827,1
231,-0.00282954,-0.00361258,0.00156652,0.415203,0.31203,-0.532092,0.668672,152.539,63.0971,84.8957,1
231.5,-0.00286294,-0.00356712,0.00168175,0.414681,0.312131,-0.533062,0.668176,152.49,63.0323,84.9647,1
232,-0.0028964,-0.00352128,0.00179859,0.414148,0.312206,-0.534041,0.66769,152.437,62.9641,85.034,1
232.5,-0.00292993,-0.00347507,0.00191705,0.413603,0.312253,-0.535029,0.667214,152.381,62.8926,85.1036,1
233,-0.0029635,-0.00342848,0.0020371,0.413047,0.312273,-0.536026,0.666749,152.322,62.8178,85.1736,1
233.5,-0.0029971,-0.0033815,0.00215876,0.412479,0.312266,-0.537033,0.666294,152.259,62.7395,85.2439,1
234,-0.00303073,-0.00333413,0.00228201,0.411899,0.31223,-0.538049,0.665849,152.192,62.6578,85.3145,1
234.5,-0.00306437,-0.00328636,0.00240684,0.411307,0.312165,-0.539074,0.665416,152.121,62.5725,85.3855,1
235,-0.00309801,-0.00323818,0.00253326,0.410702,0.312072,-0.540109,0.664993,152.047,62.4837,85.4568,1
235.5,-0.00313163,-0.00318958,0.00266125,0.410085,0.31195,-0.541154,0.664582,151.969,62.3913,85.5284,1
236,-0.00316522,-0.00314057,0.00279081,0.409455,0.311799,-0.542208,0.664182,151.888,62.2953,85.6004,1
236.5,-0.00319876,-0.00309112,0.00292194,0.408813,0.311618,-0.543273,0.663793,151.802,62.1956,85.6727,1
237,-0.00323224,-0.00304124,0.00305461,0.408157,0.311407,-0.544346,0.663416,151.713,62.0922,85.7453,1
237.5,-0.00326565,-0.00299091,0.00318884,0.407488,0.311165,-0.54543,0.66305,151.619,61.985,85.8183,1
238,-0.00329897,-0.00294014,0.00332461,0.406805,0.310893,-0.546524,0.662697,151.522,61.8739,85.8916,1
238.5,-0.00333219,-0.0028889,0.0034619,0.406108,0.31059,-0.547627,0.662355,151.42,61.7591,85.9653,1
239,-0.00336528,-0.0028372,0.00360073,0.405398,0.310256,-0.548741,0.662025,151.315,61.6403,86.0393,1
239.5,-0.00339824,-0.00278502,0.00374107,0.404673,0.30989,-0.549864,0.661708,151.205,61.5176,86.1136,1
240,-0.00343104,-0.00273236,0.00388292,0.403935,0.309493,-0.550997,0.661403,151.091,61.3909,86.1883,1
240.5,-0.00346368,-0.0026792,0.00402627,0.403181,0.309063,-0.55214,0.66111,150.972,61.2601,86.2632,1
241,-0.00349612,-0.00262555,0.00417111,0.402413,0.308601,-0.553293,0.66083,150.85,61.1253,86.3385,1
241.5,-0.00352837,-0.00257139,0.00431743,0.40163,0.308105,-0.554456,0.660563,150.723,60.9864,86.4142,1
242,-0.00356039,-0.00251671,0.00446522,0.400832,0.307577,-0.555629,0.660308,150.592,60.8433,86.4901,1
242.5,-0.00359217,-0.0024615,0.00461447,0.400019,0.307015,-0.556811,0.660067,150.456,60.6961,86.5663,1
243,-0.00362369,-0.00240576,0.00476516,0.39919,0.306419,-0.558004,0.659839,150.316,60.5446,86.6429,1
243.5,-0.00365493,-0.00234947,0.0049173,0.398345,0.305789,-0.559206,0.659623,150.171,60.3888,86.7197,1
244,-0.00368588,-0.00229264,0.00507086,0.397485,0.305125,-0.560418,0.659422,150.022,60.2288,86.7969,1
244.5,-0.00371651,-0.00223524,0.00522584,0.396608,0.304426,-0.561639,0.659233,149.868,60.0643,86.8743,1
245,-0.00374681,-0.00217727,0.00538222,0.395715,0.303691,-0.56287,0.659059,149.709,59.8955,86.952,1
245.5,-0.00377676,-0.00211872,0.00553998,0.394806,0.302921,-0.564111,0.658898,149.546,59.7223,87.0299,1
246,-0.00380633,-0.00205958,0.00569912,0.39388,0.302116,-0.565361,0.65875,149.378,59.5446,87.1081,1
246.5,-0.00383551,-0.00199984,0.00585962,0.392937,0.301274,-0.56662,0.658617,149.205,59.3623,87.1865,1
247,-0.00386428,-0.00193949,0.00602146,0.391977,0.300396,-0.567888,0.658497,149.028,59.1756,87.2652,1
247.5,-0.00389261,-0.00187853,0.00618463,0.391,0.299482,-0.569166,0.658392,148.845,58.9842,87.344,1
248,-0.0039205,-0.00181694,0.00634911,0.390006,0.29853,-0.570452,0.658301,148.658,58.7883,87.4231,1
248.5,-0.00394791,-0.00175472,0.00651488,0.388993,0.29754,-0.571747,0.658224,148.466,58.5877,87.5024,1
249,-0.00397482,-0.00169185,0.00668193,0.387964,0.296513,-0.573051,0.658161,148.268,58.3824,87.5818,1
249.5,-0.00400122,-0.00162833,0.00685023,0.386916,0.295448,-0.574363,0.658113,148.066,58.1724,87.6613,1
250,-0.00402709,-0.00156415,0.00701977,0.385849,0.294345,-0.575684,0.65808,147.859,57.9576,87.741,1
250.5,-0.0040524,-0.0014993,0.00719053,0.384765,0.293203,-0.577013,0.658061,147.646,57.7381,87.8208,1
251,-0.00407713,-0.00143376,0.00736248,0.383662,0.292022,-0.578349,0.658057,147.429,57.5137,87.9007,1
251.5,-0.00410126,-0.00136754,0.00753559,0.38254,0.290802,-0.579694,0.658067,147.206,57.2845,87.9807,1
252,-0.00412478,-0.00130062,0.00770985,0.3814,0.289542,-0.581046,0.658093,146.979,57.0504,88.0607,1
252.5,-0.00414766,-0.001233,0.00788523,0.38024,0.288242,-0.582405,0.658133,146.746,56.8113,88.1408,1
253,-0.00416988,-0.00116466,0.0080617,0.379061,0.286901,-0.583772,0.658188,146.507,56.5673,88.2208,1
253.5,-0.00419143,-0.0010956,0.00823924,0.377862,0.285521,-0.585145,0.658258,146.264,56.3184,88.3009,1
254,-0.00421227,-0.00102581,0.00841781,0.376644,0.284099,-0.586525,0.658343,146.015,56.0644,88.3808,1
254.5,-0.00423239,-0.000955286,0.00859738,0.375407,0.282636,-0.587911,0.658443,145.761,55.8054,88.4607,1
255,-0.00425177,-0.000884015,0.00877792,0.374149,0.281132,-0.589303,0.658559,145.502,55.5414,88.5405,1
255.5,-0.0042704,-0.000811993,0.0089594,0.372871,0.279585,-0.590701,0.658689,145.237,55.2722,88.6202,1
256,-0.00428824,-0.000739213,0.00914178,0.371573,0.277997,-0.592104,0.658835,144.967,54.998,88.6997,1
256.5,-0.00430529,-0.000665667,0.00932502,0.370255,0.276366,-0.593512,0.658996,144.691,54.7186,88.779,1
257,-0.00432152,-0.000591351,0.00950908,0.368916,0.274693,-0.594926,0.659172,144.41,54.4341,88.8581,1
257.5,-0.00433692,-0.000516259,0.00969392,0.367557,0.272977,-0.596343,0.659364,144.124,54.1443,88.9369,1
258,-0.00435146,-0.000440384,0.0098795,0.366176,0.271217,-0.597765,0.65957,143.832,53.8494,89.0154,1
258.5,-0.00436513,-0.000363723,0.0100658,0.364775,0.269414,-0.599191,0.659792,143.534,53.5493,89.0936,1
259,-0.00437791,-0.00028627,0.0102527,0.363353,0.267567,-0.600619,0.660029,143.231,53.2439,89.1714,1
259.5,-0.00438979,-0.000208021,0.0104402,0.36191,0.265676,-0.602051,0.660282,142.923,52.9332,89.2488,1
260,-0.00440075,-0.000128974,0.0106282,0.360445,0.263741,-0.603486,0.660549,142.609,52.6173,89.3257,1
260.5,-0.00441077,-4.91242e-05,0.0108168,0.358959,0.261761,-0.604922,0.660831,142.29,52.2961,89.4022,1
261,-0.00441984,3.15301e-05,0.0110057,0.357452,0.259736,-0.606361,0.661129,141.965,51.9696,89.4781,1
261.5,-0.00442795,0.000112991,0.011195,0.355923,0.257667,-0.6078,0.661442,141.634,51.6378,89.5534,1
262,-0.00443507,0.00019526,0.0113847,0.354373,0.255552,-0.609241,0.661769,141.298,51.3007,89.6281,1
262.5,-0.00444121,0.000278338,0.0115745,0.352801,0.253391,-0.610682,0.662112,140.957,50.9583,89.7021,1
263,-0.00444634,0.000362224,0.0117645,0.351207,0.251185,-0.612123,0.662469,140.61,50.6105,89.7755,1
263.5,-0.00445045,0.000446919,0.0119546,0.349591,0.248933,-0.613563,0.662841,140.257,50.2574,89.848,1
264,-0.00445353,0.000532422,0.0121448,0.347954,0.246635,-0.615002,0.663228,139.899,49.8989,89.9198,1
264.5,-0.00445559,0.00061873,0.0123348,0.346295,0.244291,-0.61644,0.663629,139.535,49.5352,89.9907,1
265,-0.00445659,0.00070584,0.0125248,0.344614,0.2419,-0.617876,0.664044,139.166,49.1661,90.0607,1
265.5,-0.00445654,0.00079375,0.0127144,0.342912,0.239463,-0.619309,0.664474,138.791,48.7916,90.1297,1
266,-0.00445544,0.000882455,0.0129038,0.341187,0.236979,-0.620739,0.664918,138.411,48.4119,90.1977,1
266.5,-0.00445327,0.00097195,0.0130927,0.339441,0.234449,-0.622165,0.665375,138.026,48.0268,90.2647,1
267,-0.00445002,0.00106223,0.0132812,0.337674,0.231871,-0.623587,0.665847,137.635,47.6364,90.3305,1
267.5,-0.00444571,0.00115329,0.013469,0.335884,0.229247,-0.625004,0.666331,137.238,47.2408,90.3951,1
268,-0.00444032,0.00124512,0.0136561,0.334073,0.226576,-0.626416,0.66683,136.836,46.8399,90.4586,1
268.5,-0.00443385,0.0013377,0.0138423,0.332241,0.223857,-0.627821,0.667341,136.429,46.4338,90.5207,1
269,-0.0044263,0.00143105,0.0140276,0.330388,0.221092,-0.62922,0.667865,136.016,46.0224,90.5815,1
269.5,-0.00441767,0.00152513,0.0142118,0.328513,0.218279,-0.630612,0.668402,135.599,45.6059,90.6409,1
270,-0.00440797,0.00161995,0.0143948,0.326618,0.215419,-0.631996,0.668951,135.176,45.1842,90.6988,1
270.5,-0.0043972,0.00171549,0.0145765,0.324701,0.212513,-0.633372,0.669513,134.747,44.7573,90.7553,1
271,-0.00438536,0.00181173,0.0147567,0.322764,0.209559,-0.634738,0.670086,134.314,44.3254,90.8102,1
271.5,-0.00437245,0.00190866,0.0149353,0.320807,0.206558,-0.636095,0.670671,133.875,43.8885,90.8634,1
272,-0.00435849,0.00200628,0.0151121,0.31883,0.203511,-0.637442,0.671267,133.432,43.4466,90.915,1
272.5,-0.00434349,0.00210455,0.0152871,0.316833,0.200417,-0.638777,0.671873,132.983,42.9997,90.9648,1
273,-0.00432744,0.00220347,0.01546,0.314816,0.197277,-0.640101,0.672491,132.53,42.5479,91.0128,1
273.5,-0.00431037,0.00230301,0.0156306,0.31278,0.19409,-0.641412,0.673118,132.072,42.0914,91.059,1
274,-0.00429229,0.00240317,0.0157989,0.310726,0.190857,-0.64271,0.673755,131.609,41.63,91.1033,1
274.5,-0.0042732,0.00250391,0.0159647,0.308653,0.187579,-0.643995,0.674402,131.141,41.164,91.1456,1
275,-0.00425312,0.00260522,0.0161276,0.306562,0.184255,-0.645265,0.675057,130.668,40.6933,91.1858,1
275.5,-0.00423206,0.00270707,0.0162877,0.304454,0.180886,-0.64652,0.675721,130.192,40.2181,91.224,1
276,-0.00421005,0.00280945,0.0164447,0.302329,0.177473,-0.64776,0.676393,129.71,39.7385,91.2601,1
276.5,-0.0041871,0.00291232,0.0165983,0.300187,0.174015,-0.648983,0.677073,129.225,39.2544,91.294,1
277,-0.00416323,0.00301567,0.0167485,0.298029,0.170513,-0.650189,0.677759,128.735,38.7661,91.3257,1
277.5,-0.00413845,0.00311946,0.0168949,0.295856,0.166968,-0.651378,0.678453,128.241,38.2737,91.355,1
278,-0.00411279,0.00322368,0.0170374,0.293668,0.16338,-0.652548,0.679152,127.743,37.7772,91.3821,1
278.5,-0.00408626,0.00332829,0.0171757,0.291467,0.15975,-0.653699,0.679857,127.241,37.2767,91.4068,1
279,-0.0040589,0.00343326,0.0173097,0.289252,0.156078,-0.65483,0.680566,126.735,36.7724,91.429,1
279.5,-0.00403071,0.00353856,0.0174391,0.287024,0.152365,-0.655941,0.681281,126.226,36.2644,91.4488,1
280,-0.00400172,0.00364417,0.0175636,0.284785,0.148611,-0.657031,0.681999,125.713,35.7529,91.4661,1
280.5,-0.00397195,0.00375005,0.017683,0.282534,0.144819,-0.6581,0.68272,125.197,35.2379,91.4808,1
281,-0.00394143,0.00385617,0.0177972,0.280274,0.140987,-0.659146,0.683444,124.678,34.7197,91.4929,1
281.5,-0.00391017,0.00396249,0.0179057,0.278005,0.137118,-0.660169,0.68417,124.156,34.1983,91.5025,1
282,-0.0038782,0.00406899,0.0180084,0.275727,0.133212,-0.661169,0.684897,123.631,33.674,91.5094,1
282.5,-0.00384554,0.00417562,0.018105,0.273442,0.12927,-0.662145,0.685626,123.103,33.1468,91.5136,1
283,-0.0038122,0.00428235,0.0181953,0.271151,0.125293,-0.663097,0.686354,122.573,32.6171,91.5151,1
283.5,-0.00377822,0.00438915,0.0182789,0.268855,0.121282,-0.664023,0.687082,122.041,32.085,91.5139,1
284,-0.00374359,0.00449597,0.0183556,0.266556,0.117238,-0.664923,0.687808,121.506,31.5506,91.5099,1
284.5,-0.00370834,0.00460278,0.018425,0.264253,0.113163,-0.665798,0.688533,120.97,31.0142,91.5032,1
285,-0.00367248,0.00470953,0.018487,0.26195,0.109058,-0.666645,0.689255,120.431,30.4759,91.4937,1
285.5,-0.00363602,0.00481619,0.0185413,0.259646,0.104923,-0.667466,0.689974,119.892,29.9361,91.4815,1
286,-0.00359898,0.00492272,0.0185874,0.257344,0.100761,-0.668259,0.690689,119.351,29.3949,91.4665,1
286.5,-0.00356134,0.00502908,0.0186253,0.255044,0.0965733,-0.669024,0.691399,118.809,28.8526,91.4487,1
287,-0.00352311,0.00513522,0.0186544,0.252749,0.0923607,-0.66976,0.692104,118.267,28.3094,91.4281,1
287.5,-0.00348428,0.0052411,0.0186746,0.25046,0.088125,-0.670468,0.692803,117.724,27.7655,91.4048,1
288,-0.00344484,0.00534667,0.0186855,0.248177,0.0838679,-0.671147,0.693496,117.181,27.2213,91.3787,1
288.5,-0.00340477,0.00545189,0.0186869,0.245904,0.079591,-0.671796,0.694181,116.637,26.677,91.3499,1
289,-0.00336404,0.00555672,0.0186783,0.243642,0.0752962,-0.672415,0.694858,116.095,26.1329,91.3183,1
289.5,-0.00332259,0.00566111,0.0186596,0.241391,0.0709852,-0.673005,0.695526,115.552,25.5892,91.2841,1
290,-0.00328038,0.00576501,0.0186304,0.239155,0.06666,-0.673564,0.696185,115.011,25.0464,91.2472,1
290.5,-0.00323734,0.00586838,0.0185904,0.236935,0.0623226,-0.674092,0.696834,114.471,24.5047,91.2077,1
291,-0.00319335,0.00597115,0.0185393,0.234733,0.0579749,-0.67459,0.697472,113.932,23.9644,91.1656,1
291.5,-0.00314831,0.00607329,0.0184767,0.232551,0.053619,-0.675057,0.6981,113.396,23.4258,91.121,1
292,-0.00310205,0.00617474,0.0184024,0.230391,0.0492573,-0.675493,0.698716,112.861,22.8894,91.0738,1
292.5,-0.00305437,0.00627544,0.018316,0.228254,0.0448918,-0.675897,0.699319,112.329,22.3554,91.0242,1
293,-0.003005,0.00637534,0.0182173,0.226144,0.0405249,-0.676271,0.69991,111.8,21.8242,90.9721,1
293.5,-0.00295362,0.00647438,0.018106,0.224062,0.0361591,-0.676612,0.700489,111.275,21.2963,90.9177,1
294,-0.00289979,0.0065725,0.0179816,0.222011,0.0317968,-0.676923,0.701053,110.752,20.7719,90.861,1
294.5,-0.00284295,0.00666962,0.017844,0.219992,0.0274406,-0.677201,0.701605,110.234,20.2516,90.8019,1
295,-0.00278238,0.00676568,0.0176928,0.218008,0.0230931,-0.677448,0.702142,109.721,19.7357,90.7406,1
295.5,-0.00271716,0.0068606,0.0175278,0.216062,0.0187571,-0.677662,0.702667,109.212,19.2247,90.677,1
296,-0.00264606,0.0069543,0.0173487,0.214156,0.0144355,-0.677843,0.703177,108.708,18.7189,90.6112,1
296.5,-0.00256753,0.00704667,0.0171552,0.212291,0.0101313,-0.677991,0.703675,108.21,18.219,90.5431,1
297,-0.00247957,0.00713761,0.016947,0.210472,0.00584756,-0.678104,0.70416,107.719,17.7253,90.4726,1
297.5,-0.00237964,0.00722699,0.0167239,0.2087,0.00158762,-0.678183,0.704635,107.234,17.2385,90.3997,1
298,-0.0022646,0.00731466,0.0164858,0.206978,-0.00264508,-0.678224,0.705099,106.756,16.7591,90.3241,1
298.5,-0.00213066,0.00740046,0.0162325,0.205309,-0.00684686,-0.678227,0.705556,106.286,16.2876,90.2457,1
299,-0.00197356,0.00748419,0.0159638,0.203695,-0.0110138,-0.678189,0.706008,105.824,15.8248,90.164,1
299.5,-0.00178903,0.00756562,0.0156797,0.202138,-0.0151417,-0.678105,0.706459,105.371,15.3713,90.0787,1
300,-0.00157413,0.0076445,0.0153802,0.200643,-0.0192263,-0.677973,0.706913,104.928,14.928,89.9891,2
300.5,-0.00137715,0.00772057,0.0150681,0.199211,-0.0232629,-0.677787,0.707374,104.495,14.4956,89.8947,2
301,-0.00121344,0.00779408,0.0147457,0.197845,-0.0272498,-0.677553,0.70784,104.073,14.0746,89.7961,2
301.5,-0.00108352,0.00786536,0.0144149,0.196546,-0.0311865,-0.677276,0.708304,103.661,13.665,89.6943,2
302,-0.00098219,0.00793474,0.0140775,0.195315,-0.035073,-0.676963,0.708762,103.26,13.267,89.5905,2
302.5,-0.000902942,0.00800249,0.013735,0.194153,-0.038909,-0.676621,0.709208,102.87,12.8804,89.4856,2
303,-0.000839783,0.0080688,0.0133888,0.193061,-0.0426947,-0.676253,0.709638,102.49,12.5055,89.3802,2
303.5,-0.00078788,0.0081338,0.0130402,0.19204,-0.0464299,-0.675865,0.710051,102.12,12.1421,89.2749,2
304,-0.000743613,0.00819758,0.0126904,0.191089,-0.0501146,-0.675458,0.710444,101.76,11.7902,89.1701,2
304.5,-0.000704405,0.0082602,0.0123404,0.190208,-0.0537487,-0.675034,0.710817,101.411,11.45,89.0661,2
305,-0.000668493,0.00832171,0.0119913,0.189399,-0.0573322,-0.674596,0.711169,101.072,11.1213,88.9631,2
305.5,-0.000634714,0.00838212,0.0116438,0.188659,-0.0608653,-0.674145,0.7115,100.743,10.8043,88.8613,2
306,-0.000602331,0.00844147,0.0112987,0.18799,-0.0643482,-0.673681,0.71181,100.424,10.4987,88.7607,2
306.5,-0.000570892,0.00849977,0.0109567,0.18739,-0.0677812,-0.673205,0.712099,100.115,10.2047,88.6615,2
307,-0.000540143,0.00855704,0.0106183,0.186859,-0.0711647,-0.672719,0.712368,99.8156,9.92218,88.5637,2
307.5,-0.00050995,0.00861328,0.010284,0.186397,-0.0744992,-0.672223,0.712617,99.5262,9.65098,88.4674,2
308,-0.000480262,0.00866852,0.00995432,0.186002,-0.0777853,-0.671717,0.712846,99.2465,9.39106,88.3726,2
308.5,-0.000451073,0.00872277,0.00962947,0.185673,-0.0810237,-0.671202,0.713056,98.9762,9.14229,88.2793,2
309,-0.000422406,0.00877606,0.00930976,0.18541,-0.0842149,-0.670679,0.713247,98.7152,8.90455,88.1877,2
309.5,-0.000394302,0.00882839,0.00899538,0.185211,-0.0873599,-0.670148,0.713419,98.4635,8.67769,88.0976,2
310,-0.000366805,0.00887978,0.00868649,0.185077,-0.0904594,-0.66961,0.713573,98.2207,8.46156,88.0092,2
310.5,-0.000339967,0.00893025,0.00838317,0.185004,-0.0935141,-0.669065,0.713709,97.9868,8.25598,87.9225,2
311,-0.000313835,0.00897983,0.00808546,0.184993,-0.096525,-0.668513,0.713828,97.7615,8.06077,87.8374,2
311.5,-0.000288459,0.00902853,0.00779335,0.185043,-0.0994929,-0.667956,0.71393,97.5448,7.87573,87.7541,2
312,-0.000263883,0.00907638,0.0075068,0.185152,-0.102419,-0.667393,0.714014,97.3364,7.70064,87.6725,2
312.5,-0.000240148,0.00912338,0.00722572,0.185318,-0.105303,-0.666825,0.714082,97.1362,7.5353,87.5926,2
313,-0.000217293,0.00916957,0.00694999,0.185542,-0.108147,-0.666252,0.714134,96.9439,7.37945,87.5146,2
313.5,-0.000195353,0.00921497,0.00667947,0.185822,-0.110951,-0.665675,0.714169,96.7595,7.23287,87.4383,2
314,-0.00017436,0.00925959,0.00641399,0.186157,-0.113717,-0.665093,0.714188,96.5827,7.09528,87.3639,2
314.5,-0.000154343,0.00930345,0.00615337,0.186546,-0.116444,-0.664509,0.714192,96.4135,6.96644,87.2913,2
315,-0.000135326,0.00934659,0.0058974,0.186987,-0.119134,-0.663921,0.714179,96.2515,6.84606,87.2206,2
315.5,-0.000117332,0.00938902,0.00564586,0.187481,-0.121788,-0.66333,0.714152,96.0968,6.73386,87.1518,2
316,-0.00010038,0.00943075,0.00539853,0.188026,-0.124405,-0.662736,0.714108,95.9491,6.62955,87.085,2
316.5,-8.44876e-05,0.00947183,0.00515518,0.188621,-0.126988,-0.66214,0.714049,95.8084,6.53283,87.0202,2
317,-6.96686e-05,0.00951225,0.00491557,0.189265,-0.129535,-0.661543,0.713975,95.6744,6.44339,86.9573,2
317.5,-5.59346e-05,0.00955205,0.00467948,0.189958,-0.132049,-0.660944,0.713886,95.547,6.36092,86.8965,2
318,-4.32949e-05,0.00959125,0.00444666,0.190698,-0.134529,-0.660343,0.713781,95.4262,6.28511,86.8378,2
318.5,-3.17566e-05,0.00962987,0.00421691,0.191486,-0.136976,-0.659742,0.713661,95.3117,6.21564,86.7813,2
319,-2.13243e-05,0.00966793,0.00399,0.19232,-0.139391,-0.65914,0.713525,95.2036,6.15219,86.7269,2
319.5,-1.20008e-05,0.00970545,0.00376575,0.1932,-0.141774,-0.658537,0.713374,95.1016,6.09444,86.6747,2
320,-3.78665e-06,0.00974246,0.00354396,0.194126,-0.144125,-0.657935,0.713207,95.0057,6.04207,86.6248,2
320.5,3.31936e-06,0.00977897,0.00332447,0.195095,-0.146444,-0.657333,0.713025,94.9157,5.99477,86.5773,2
321,9.32047e-06,0.009815,0.00310713,0.196109,-0.148733,-0.656732,0.712828,94.8317,5.95221,86.5321,2
321.5,1.42217e-05,0.00985059,0.0028918,0.197167,-0.150991,-0.656131,0.712614,94.7534,5.9141,86.4893,2
322,1.80298e-05,0.00988574,0.00267839,0.198267,-0.15322,-0.655532,0.712385,94.6808,5.88013,86.449,2
322.5,2.07532e-05,0.00992048,0.0024668,0.19941,-0.155418,-0.654934,0.71214,94.6138,5.85001,86.4112,2
323,2.24022e-05,0.00995482,0.00225698,0.200596,-0.157586,-0.654337,0.711878,94.5524,5.82346,86.376,2
323.5,2.29884e-05,0.0099888,0.0020489,0.201823,-0.159725,-0.653743,0.711601,94.4963,5.80021,86.3435,2
324,2.25251e-05,0.0100224,0.00184254,0.203091,-0.161836,-0.653151,0.711307,94.4457,5.77998,86.3136,2
324.5,2.10272e-05,0.0100557,0.00163794,0.2044,-0.163917,-0.652562,0.710996,94.4002,5.76255,86.2865,2
325,1.85109e-05,0.0100887,0.00143513,0.20575,-0.16597,-0.651975,0.710669,94.36,5.74766,86.2621,2
325.5,1.49939e-05,0.0101214,0.00123419,0.207139,-0.167995,-0.651391,0.710325,94.3249,5.7351,86.2406,2
326,1.04953e-05,0.0101538,0.00103523,0.208568,-0.169992,-0.65081,0.709964,94.2947,5.72465,86.222,2
326.5,5.03552e-06,0.010186,0.000838377,0.210036,-0.171962,-0.650233,0.709585,94.2695,5.71613,86.2063,2
327,-1.3638e-06,0.0102179,0.000643777,0.211543,-0.173904,-0.649659,0.70919,94.249,5.70936,86.1936,2
327.5,-8.67966e-06,0.0102497,0.000451615,0.213087,-0.17582,-0.649089,0.708777,94.2333,5.70416,86.1838,2
328,-1.68879e-05,0.0102812,0.000262094,0.21467,-0.177709,-0.648522,0.708347,94.2222,5.7004,86.1771,2
328.5,-2.59633e-05,0.0103125,7.54404e-05,0.216289,-0.179572,-0.647959,0.707899,94.2156,5.69794,86.1735,2
329,-3.58794e-05,0.0103437,-0.000108098,0.217944,-0.18141,-0.647401,0.707434,94.2134,5.69666,86.1729,2
329.5,-4.66087e-05,0.0103747,-0.000288255,0.219635,-0.183224,-0.646846,0.706951,94.2154,5.69646,86.1755,2
330,-5.81228e-05,0.0104056,-0.000464748,0.221361,-0.185013,-0.646296,0.70645,94.2216,5.69724,86.1812,2
330.5,-7.03922e-05,0.0104364,-0.000637277,0.22312,-0.186778,-0.64575,0.705931,94.2318,5.69892,86.1899,2
331,-8.33868e-05,0.0104671,-0.000805531,0.224914,-0.18852,-0.645208,0.705394,94.2459,5.70145,86.2018,2
331.5,-9.70755e-05,0.0104977,-0.000969188,0.226739,-0.19024,-0.644669,0.70484,94.2636,5.70475,86.2168,2
332,-0.000111426,0.0105282,-0.00112792,0.228597,-0.191939,-0.644135,0.704268,94.285,5.7088,86.2349,2
332.5,-0.000126407,0.0105587,-0.00128139,0.230484,-0.193616,-0.643605,0.703677,94.3098,5.71355,86.256,2
333,-0.000141984,0.0105891,-0.00142927,0.232402,-0.195274,-0.643079,0.70307,94.3378,5.71898,86.2801,2
333.5,-0.000158124,0.0106195,-0.00157121,0.234348,-0.196913,-0.642556,0.702444,94.3689,5.72507,86.3073,2
334,-0.000174793,0.0106499,-0.00170689,0.236321,-0.198534,-0.642037,0.701802,94.4028,5.73179,86.3373,2
334.5,-0.000191957,0.0106803,-0.00183599,0.23832,-0.200138,-0.64152,0.701142,94.4395,5.73916,86.3702,2
335,-0.00020958,0.0107107,-0.00195818,0.240345,-0.201727,-0.641007,0.700464,94.4787,5.74715,86.4059,2
335.5,-0.000227628,0.0107412,-0.00207317,0.242392,-0.2033,-0.640497,0.69977,94.5203,5.75576,86.4443,2
336,-0.000246066,0.0107717,-0.00218066,0.244463,-0.20486,-0.639989,0.69906,94.5639,5.76499,86.4853,2
336.5,-0.000264859,0.0108022,-0.00228039,0.246554,-0.206408,-0.639483,0.698333,94.6095,5.77483,86.5288,2
337,-0.000283971,0.0108328,-0.00237211,0.248664,-0.207945,-0.638978,0.69759,94.6567,5.78527,86.5748,2
337.5,-0.000303369,0.0108635,-0.0024556,0.250792,-0.209472,-0.638475,0.696831,94.7055,5.7963,86.623,2
338,-0.000323018,0.0108942,-0.00253065,0.252937,-0.210991,-0.637973,0.696057,94.7555,5.80791,86.6735,2
338.5,-0.000342883,0.0109251,-0.0025971,0.255097,-0.212503,-0.637471,0.695268,94.8066,5.82008,86.726,2
339,-0.000362931,0.0109561,-0.00265479,0.257271,-0.214009,-0.63697,0.694465,94.8586,5.83278,86.7804,2
339.5,-0.000383128,0.0109872,-0.00270363,0.259456,-0.215511,-0.636468,0.693647,94.9111,5.84597,86.8366,2
340,-0.000403444,0.0110184,-0.00274353,0.261651,-0.21701,-0.635964,0.692816,94.9641,5.85962,86.8944,2
340.5,-0.000423844,0.0110498,-0.00277445,0.263855,-0.218508,-0.63546,0.691972,95.0172,5.87367,86.9537,2
341,-0.0004443,0.0110814,-0.00279639,0.266066,-0.220005,-0.634953,0.691115,95.0703,5.88806,87.0143,2
341.5,-0.00046478,0.0111131,-0.00280936,0.268283,-0.221505,-0.634444,0.690247,95.1232,5.90274,87.0761,2
342,-0.000485256,0.011145,-0.00281344,0.270504,-0.223007,-0.633932,0.689366,95.1756,5.91763,87.1388,2
342.5,-0.0005057,0.0111771,-0.00280872,0.272727,-0.224514,-0.633416,0.688475,95.2274,5.93265,87.2024,2
343,-0.000526085,0.0112094,-0.00279535,0.27495,-0.226027,-0.632896,0.687573,95.2784,5.9477,87.2666,2
343.5,-0.000546385,0.0112419,-0.00277349,0.277174,-0.227546,-0.632371,0.686661,95.3282,5.96271,87.3312,2
344,-0.000566576,0.0112746,-0.00274336,0.279395,-0.229075,-0.631841,0.68574,95.3769,5.97756,87.3961,2
344.5,-0.000586635,0.0113076,-0.0027052,0.281612,-0.230613,-0.631305,0.684811,95.4242,5.99215,87.4612,2
345,-0.00060654,0.0113408,-0.00265928,0.283825,-0.232162,-0.630763,0.683873,95.4699,6.00638,87.5262,2
345.5,-0.00062627,0.0113742,-0.00260593,0.286032,-0.233724,-0.630214,0.682927,95.5138,6.02013,87.591,2
346,-0.000645808,0.0114079,-0.00254548,0.288231,-0.235299,-0.629657,0.681975,95.5559,6.03328,87.6553,2
346.5,-0.000665135,0.0114419,-0.0024783,0.290421,-0.236888,-0.629092,0.681016,95.596,6.04573,87.7192,2
347,-0.000684237,0.0114761,-0.00240479,0.292602,-0.238494,-0.628519,0.680051,95.634,6.05737,87.7823,2
347.5,-0.000703097,0.0115106,-0.00232537,0.294772,-0.240116,-0.627936,0.67908,95.6696,6.06807,87.8445,2
348,-0.000721704,0.0115454,-0.0022405,0.29693,-0.241756,-0.627344,0.678105,95.703,6.07773,87.9057,2
348.5,-0.000740046,0.0115805,-0.00215064,0.299076,-0.243414,-0.626742,0.677124,95.7338,6.08625,87.9658,2
349,-0.000758113,0.0116158,-0.00205628,0.301208,-0.245092,-0.62613,0.67614,95.7621,6.09352,88.0246,2
349.5,-0.000775898,0.0116515,-0.00195793,0.303326,-0.24679,-0.625506,0.675152,95.7879,6.09945,88.082,2
350,-0.000793393,0.0116874,-0.00185609,0.30543,-0.248508,-0.624872,0.67416,95.8109,6.10396,88.1378,2
350.5,-0.000810593,0.0117237,-0.00175131,0.307518,-0.250247,-0.624226,0.673165,95.8312,6.10696,88.192,2
351,-0.000827494,0.0117602,-0.00164412,0.30959,-0.252008,-0.623568,0.672168,95.8488,6.10838,88.2445,2
351.5,-0.000844094,0.011797,-0.00153507,0.311646,-0.253791,-0.622897,0.671168,95.8637,6.10817,88.2951,2
352,-0.000860393,0.0118341,-0.0014247,0.313686,-0.255596,-0.622214,0.670165,95.8757,6.10626,88.3439,2
352.5,-0.00087639,0.0118715,-0.00131357,0.315709,-0.257423,-0.621519,0.66916,95.885,6.10261,88.3906,2
353,-0.000892087,0.0119092,-0.00120222,0.317715,-0.259273,-0.62081,0.668154,95.8916,6.09719,88.4354,2
353.5,-0.000907487,0.0119472,-0.00109121,0.319705,-0.261146,-0.620088,0.667145,95.8954,6.08999,88.4782,2
354,-0.000922596,0.0119854,-0.000981069,0.321679,-0.263041,-0.619353,0.666134,95.8965,6.08097,88.5188,2
354.5,-0.000937417,0.0120238,-0.000872338,0.323636,-0.264958,-0.618605,0.665121,95.895,6.07016,88.5573,2
355,-0.000951958,0.0120625,-0.000765537,0.325577,-0.266897,-0.617843,0.664106,95.8909,6.05755,88.5938,2
355.5,-0.000966226,0.0121015,-0.000661176,0.327502,-0.268857,-0.617067,0.663089,95.8843,6.04316,88.6281,2
356,-0.00098023,0.0121407,-0.000559754,0.329412,-0.270839,-0.616278,0.662069,95.8752,6.02703,88.6604,2
356.5,-0.00099398,0.0121801,-0.00046175,0.331307,-0.272842,-0.615476,0.661047,95.8638,6.00919,88.6906,2
357,-0.00100749,0.0122196,-0.000367628,0.333188,-0.274865,-0.61466,0.660022,95.8501,5.98968,88.7189,2
357.5,-0.00102076,0.0122594,-0.000277832,0.335056,-0.276907,-0.61383,0.658993,95.8342,5.96857,88.7451,2
358,-0.00103381,0.0122993,-0.000192784,0.33691,-0.278969,-0.612988,0.657962,95.8163,5.94592,88.7695,2
358.5,-0.00104666,0.0123394,-0.000112884,0.338753,-0.281048,-0.612133,0.656926,95.7964,5.9218,88.7921,2
359,-0.00105931,0.0123795,-3.85108e-05,0.340585,-0.283144,-0.611265,0.655886,95.7747,5.89628,88.813,2
359.5,-0.00107178,0.0124198,2.99853e-05,0.342406,-0.285257,-0.610384,0.654842,95.7513,5.86945,88.8323,2
360,-0.00108409,0.0124602,9.2278e-05,0.344219,-0.287385,-0.609491,0.653792,95.7263,5.84139,88.8501,2
360.5,-0.00109625,0.0125006,0.000148068,0.346023,-0.289528,-0.608587,0.652736,95.6999,5.8122,88.8665,2
361,-0.00110827,0.012541,0.000197084,0.347819,-0.291684,-0.60767,0.651674,95.6721,5.78196,88.8817,2
361.5,-0.00112017,0.0125814,0.000239084,0.34961,-0.293852,-0.606743,0.650605,95.6431,5.75078,88.8957,2
362,-0.00113197,0.0126219,0.000273853,0.351395,-0.296031,-0.605805,0.649529,95.613,5.71875,88.9088,2
362.5,-0.00114368,0.0126622,0.000301208,0.353177,-0.29822,-0.604857,0.648444,95.582,5.68596,88.9211,2
363,-0.00115532,0.0127025,0.000320994,0.354956,-0.300418,-0.603899,0.64735,95.5502,5.65251,88.9328,2
363.5,-0.00116691,0.0127427,0.000333087,0.356733,-0.302623,-0.602931,0.646247,95.5177,5.61851,88.9439,2
364,-0.00117846,0.0127827,0.000337394,0.35851,-0.304834,-0.601955,0.645133,95.4847,5.58403,88.9548,2
364.5,-0.00118999,0.0128226,0.000333852,0.360287,-0.307051,-0.600971,0.644009,95.4513,5.54918,88.9655,2
365,-0.00120151,0.0128623,0.000322428,0.362067,-0.309271,-0.599978,0.642872,95.4176,5.51404,88.9762,2
365.5,-0.00121304,0.0129018,0.000303121,0.36385,-0.311494,-0.598979,0.641724,95.3837,5.47869,88.9873,2
366,-0.00122459,0.012941,0.000275959,0.365636,-0.313717,-0.597974,0.640561,95.3498,5.44323,88.9987,2
366.5,-0.00123619,0.0129799,0.000241001,0.367429,-0.315941,-0.596962,0.639385,95.3159,5.40771,89.0107,2
367,-0.00124784,0.0130185,0.000198333,0.369228,-0.318164,-0.595945,0.638194,95.2822,5.37222,89.0236,2
367.5,-0.00125957,0.0130567,0.000148073,0.371035,-0.320384,-0.594923,0.636988,95.2488,5.33683,89.0375,2
368,-0.00127138,0.0130946,9.0366e-05,0.37285,-0.3226,-0.593898,0.635765,95.2158,5.3016,89.0525,2
368.5,-0.00128328,0.013132,2.5386e-05,0.374675,-0.324812,-0.592869,0.634525,95.1832,5.26659,89.0689,2
369,-0.0012953,0.013169,-4.66665e-05,0.376511,-0.327017,-0.591837,0.633267,95.1511,5.23186,89.0869,2
369.5,-0.00130743,0.0132056,-0.000125564,0.378359,-0.329215,-0.590803,0.631991,95.1197,5.19747,89.1066,2
370,-0.0013197,0.0132416,-0.000211054,0.38022,-0.331405,-0.589768,0.630696,95.089,5.16347,89.1283,2
370.5,-0.00133212,0.0132771,-0.000302859,0.382094,-0.333585,-0.588731,0.629381,95.059,5.12991,89.1521,2
371,-0.00134469,0.0133121,-0.000400676,0.383983,-0.335755,-0.587695,0.628045,95.0298,5.09685,89.1781,2
371.5,-0.00135742,0.0133465,-0.000504182,0.385887,-0.337914,-0.586658,0.626688,95.0015,5.06432,89.2066,2
372,-0.00137032,0.0133802,-0.00061303,0.387806,-0.34006,-0.585623,0.625309,94.974,5.0324,89.2376,2
372.5,-0.00138339,0.0134133,-0.000726852,0.389742,-0.342193,-0.584588,0.623908,94.9475,5.00112,89.2715,2
373,-0.00139665,0.0134457,-0.000845262,0.391695,-0.344312,-0.583556,0.622484,94.9219,4.97054,89.3082,2
373.5,-0.00141009,0.0134775,-0.000967855,0.393666,-0.346415,-0.582526,0.621037,94.8973,4.94073,89.3479,2
374,-0.00142372,0.0135085,-0.00109421,0.395655,-0.348504,-0.581499,0.619565,94.8736,4.91174,89.3908,2
374.5,-0.00143754,0.0135388,-0.00122388,0.397661,-0.350576,-0.580476,0.61807,94.8509,4.88366,89.4369,2
375,-0.00145156,0.0135684,-0.00135643,0.399687,-0.352631,-0.579456,0.616549,94.8292,4.85654,89.4864,2
375.5,-0.00146576,0.0135972,-0.00149137,0.401731,-0.354669,-0.57844,0.615004,94.8084,4.83047,89.5394,2
376,-0.00148015,0.0136252,-0.00162824,0.403795,-0.356689,-0.577428,0.613433,94.7884,4.80555,89.5959,2
376.5,-0.00149472,0.0136523,-0.00176655,0.405877,-0.358691,-0.576422,0.611836,94.7694,4.78186,89.656,2
377,-0.00150947,0.0136787,-0.00190579,0.407978,-0.360674,-0.57542,0.610213,94.7512,4.75951,89.7197,2
377.5,-0.00152439,0.0137043,-0.00204547,0.410098,-0.362638,-0.574423,0.608565,94.7338,4.7386,89.7871,2
378,-0.00153948,0.013729,-0.00218506,0.412236,-0.364584,-0.573432,0.60689,94.7171,4.71926,89.8583,2
378.5,-0.00155472,0.0137528,-0.00232405,0.414393,-0.36651,-0.572447,0.605189,94.7011,4.70159,89.9332,2
379,-0.00157011,0.0137758,-0.00246193,0.416568,-0.368417,-0.571467,0.603462,94.6857,4.68574,90.0118,2
379.5,-0.00158563,0.0137979,-0.00259817,0.41876,-0.370304,-0.570492,0.601709,94.6709,4.67183,90.0941,2
380,-0.00160126,0.0138192,-0.00273223,0.420969,-0.372173,-0.569523,0.59993,94.6565,4.66,90.1801,2
380.5,-0.001617,0.0138397,-0.00286362,0.423195,-0.374023,-0.568559,0.598124,94.6425,4.65037,90.2697,2
381,-0.00163282,0.0138592,-0.00299179,0.425437,-0.375854,-0.567601,0.596294,94.6288,4.64308,90.363,2
381.5,-0.0016487,0.013878,-0.00311624,0.427693,-0.377667,-0.566648,0.594438,94.6153,4.63827,90.4597,2
382,-0.00166463,0.0138959,-0.00323645,0.429964,-0.379462,-0.5657,0.592557,94.602,4.63606,90.5598,2
382.5,-0.00168059,0.0139129,-0.00335192,0.432248,-0.381239,-0.564756,0.590652,94.5887,4.63655,90.6632,2
383,-0.00169654,0.0139291,-0.00346216,0.434544,-0.382999,-0.563817,0.588722,94.5753,4.63987,90.7698,2
383.5,-0.00171248,0.0139446,-0.00356667,0.436852,-0.384743,-0.562881,0.586769,94.5618,4.64611,90.8794,2
384,-0.00172836,0.0139592,-0.00366497,0.43917,-0.386471,-0.561949,0.584794,94.548,4.65533,90.992,2
384.5,-0.00174417,0.0139731,-0.00375662,0.441497,-0.388184,-0.561019,0.582796,94.5338,4.6676,91.1072,2
385,-0.00175988,0.0139862,-0.00384114,0.443832,-0.389883,-0.560092,0.580777,94.5192,4.68297,91.225,2
385.5,-0.00177545,0.0139986,-0.00391812,0.446173,-0.391569,-0.559166,0.578737,94.5041,4.70144,91.3451,2
386,-0.00179086,0.0140103,-0.00398712,0.44852,-0.393242,-0.558241,0.576678,94.4883,4.723,91.4673,2
386.5,-0.00180608,0.0140213,-0.00404775,0.450871,-0.394903,-0.557317,0.5746,94.4718,4.74764,91.5915,2
387,-0.00182106,0.0140317,-0.00409963,0.453225,-0.396554,-0.556392,0.572504,94.4544,4.77527,91.7173,2
387.5,-0.00183578,0.0140414,-0.00414238,0.45558,-0.398196,-0.555465,0.570391,94.4362,4.80582,91.8446,2
388,-0.00185021,0.0140506,-0.00417568,0.457934,-0.39983,-0.554536,0.568262,94.4169,4.83917,91.973,2
388.5,-0.00186431,0.0140592,-0.0041992,0.460287,-0.401456,-0.553604,0.566119,94.3966,4.87518,92.1023,2
389,-0.00187803,0.0140674,-0.00421264,0.462637,-0.403076,-0.552668,0.563963,94.3751,4.91367,92.2322,2
389.5,-0.00189135,0.014075,-0.00421574,0.464982,-0.404692,-0.551726,0.561795,94.3524,4.95444,92.3625,2
390,-0.00190423,0.0140822,-0.00420825,0.467321,-0.406304,-0.550778,0.559616,94.3285,4.99729,92.4927,2
390.5,-0.00191663,0.0140891,-0.00418995,0.469653,-0.407915,-0.549823,0.557428,94.3031,5.04195,92.6227,2
391,-0.0019285,0.0140955,-0.00416066,0.471974,-0.409525,-0.54886,0.555232,94.2764,5.08816,92.752,2
391.5,-0.00193981,0.0141017,-0.00412021,0.474285,-0.411135,-0.547886,0.55303,94.2482,5.13564,92.8804,2
392,-0.00195053,0.0141075,-0.00406846,0.476584,-0.412747,-0.546902,0.550822,94.2186,5.18408,93.0076,2
392.5,-0.0019606,0.0141132,-0.00400533,0.478868,-0.414363,-0.545906,0.548612,94.1874,5.23315,93.1332,2
393,-0.00196999,0.0141186,-0.00393075,0.481137,-0.415984,-0.544897,0.546399,94.1547,5.28253,93.2568,2
393.5,-0.00197866,0.0141239,-0.00384466,0.48339,-0.417612,-0.543872,0.544186,94.1204,5.33187,93.3781,2
394,-0.00198656,0.0141291,-0.00374707,0.485623,-0.419247,-0.542833,0.541974,94.0846,5.38082,93.4969,2
394.5,-0.00199366,0.0141343,-0.00363802,0.487837,-0.420891,-0.541775,0.539765,94.0472,5.429,93.6126,2
395,-0.00199992,0.0141394,-0.00351755,0.490029,-0.422546,-0.5407,0.53756,94.0082,5.47607,93.7251,2
395.5,-0.00200528,0.0141445,-0.00338576,0.492198,-0.424212,-0.539604,0.535361,93.9677,5.52165,93.8339,2
396,-0.00200973,0.0141497,-0.0032428,0.494344,-0.425893,-0.538488,0.533171,93.9257,5.56537,93.9387,2
396.5,-0.0020132,0.014155,-0.00308881,0.496463,-0.427588,-0.537348,0.530989,93.8823,5.60687,94.0392,2
397,-0.00201567,0.0141604,-0.002924,0.498556,-0.429299,-0.536185,0.528819,93.8374,5.64578,94.135,2
397.5,-0.00201708,0.014166,-0.0027486,0.500621,-0.431027,-0.534997,0.526661,93.7911,5.68175,94.2258,2
398,-0.00201741,0.0141717,-0.00256288,0.502657,-0.432774,-0.533782,0.524517,93.7435,5.71443,94.3114,2
398.5,-0.00201661,0.0141777,-0.00236715,0.504663,-0.434541,-0.53254,0.522389,93.6947,5.74348,94.3913,2
399,-0.00201465,0.0141839,-0.00216173,0.506637,-0.436329,-0.531268,0.520278,93.6447,5.76856,94.4653,2
399.5,-0.00201148,0.0141904,-0.00194699,0.508579,-0.438139,-0.529966,0.518186,93.5936,5.78935,94.533,2
400,-0.00200708,0.0141973,-0.00172333,0.510488,-0.439973,-0.528632,0.516114,93.5416,5.80555,94.5943,2
400.5,-0.00200139,0.0142044,-0.00149118,0.512362,-0.44183,-0.527265,0.514064,93.4887,5.81687,94.6488,2
401,-0.0019944,0.0142118,-0.00125101,0.514202,-0.443712,-0.525864,0.512037,93.435,5.82302,94.6963,2
401.5,-0.00198605,0.0142196,-0.00100331,0.516006,-0.445621,-0.524428,0.510034,93.3807,5.82375,94.7365,2
402,-0.00197633,0.0142278,-0.000748588,0.517774,-0.447556,-0.522955,0.508057,93.3258,5.81881,94.7693,2
402.5,-0.00196519,0.0142363,-0.000487396,0.519504,-0.449518,-0.521445,0.506107,93.2706,5.80798,94.7944,2
403,-0.00195261,0.0142452,-0.000220304,0.521198,-0.451508,-0.519896,0.504184,93.2151,5.79106,94.8115,2
403.5,-0.00193856,0.0142545,5.20928e-05,0.522853,-0.453526,-0.518308,0.50229,93.1595,5.76787,94.8206,2
404,-0.00192301,0.0142642,0.000329178,0.52447,-0.455573,-0.516679,0.500427,93.104,5.73824,94.8215,2
404.5,-0.00190593,0.0142742,0.000610314,0.526049,-0.45765,-0.515008,0.498593,93.0486,5.70203,94.8141,2
405,-0.0018873,0.0142845,0.000894846,0.52759,-0.459755,-0.513295,0.496792,92.9936,5.65915,94.7982,2
405.5,-0.00186709,0.0142952,0.0011821,0.529091,-0.46189,-0.511539,0.495023,92.9391,5.6095,94.7737,2
406,-0.00184529,0.0143063,0.0014714,0.530554,-0.464054,-0.50974,0.493286,92.8853,5.55302,94.7406,2
406.5,-0.00182187,0.0143176,0.00176203,0.531978,-0.466248,-0.507896,0.491583,92.8323,5.48969,94.6988,2
407,-0.00179682,0.0143292,0.0020533,0.533364,-0.46847,-0.506007,0.489914,92.7803,5.41949,94.6483,2
407.5,-0.00177012,0.0143411,0.00234448,0.534711,-0.470721,-0.504072,0.488279,92.7295,5.34247,94.5891,2
408,-0.00174177,0.0143532,0.00263486,0.53602,-0.473001,-0.502092,0.486679,92.6801,5.25868,94.5212,2
408.5,-0.00171174,0.0143655,0.00292371,0.537291,-0.475308,-0.500066,0.485113,92.6321,5.16823,94.4446,2
409,-0.00168004,0.014378,0.0032103,0.538526,-0.477643,-0.497993,0.483581,92.5859,5.07124,94.3595,2
409.5,-0.00164665,0.0143906,0.00349392,0.539723,-0.480003,-0.495873,0.482084,92.5414,4.96788,94.2658,2
410,-0.00161159,0.0144033,0.00377384,0.540885,-0.48239,-0.493707,0.480621,92.499,4.85838,94.1637,2
410.5,-0.00157483,0.014416,0.00404936,0.542011,-0.484801,-0.491495,0.479192,92.4588,4.74298,94.0534,2
411,-0.0015364,0.0144287,0.00431976,0.543102,-0.487235,-0.489236,0.477797,92.4208,4.62201,93.935,2
411.5,-0.00149629,0.0144414,0.00458435,0.54416,-0.489692,-0.486931,0.476434,92.3854,4.49581,93.8086,2
412,-0.00145452,0.014454,0.00484245,0.545185,-0.49217,-0.48458,0.475104,92.3526,4.36482,93.6745,2
412.5,-0.00141109,0.0144664,0.0050934,0.546178,-0.494668,-0.482183,0.473806,92.3225,4.22953,93.5329,2
413,-0.00136603,0.0144787,0.00533655,0.54714,-0.497185,-0.479741,0.472539,92.2953,4.09049,93.384,2
413.5,-0.00131934,0.0144907,0.00557127,0.548072,-0.499719,-0.477255,0.471302,92.2711,3.94838,93.2281,2
414,-0.00127106,0.0145025,0.00579695,0.548976,-0.502268,-0.474726,0.470094,92.2501,3.80394,93.0655,2
414.5,-0.0012212,0.0145139,0.00601301,0.549852,-0.504831,-0.472153,0.468914,92.2323,3.65804,92.8964,2
415,-0.00116979,0.0145249,0.00621889,0.550702,-0.507406,-0.469539,0.467761,92.2179,3.5117,92.7213,2
415.5,-0.00111687,0.0145355,0.00641404,0.551527,-0.509991,-0.466883,0.466634,92.207,3.36609,92.5404,2
416,-0.00106246,0.0145456,0.00659797,0.552328,-0.512586,-0.464188,0.465531,92.1995,3.22255,92.354,2
416.5,-0.0010066,0.0145551,0.00677019,0.553108,-0.515187,-0.461454,0.464451,92.1957,3.08263,92.1626,2
417,-0.000949335,0.0145641,0.00693026,0.553867,-0.517793,-0.458682,0.463393,92.1956,2.94814,91.9665,2
417.5,-0.000890706,0.0145725,0.00707777,0.554606,-0.520402,-0.455875,0.462355,92.1992,2.82111,91.7662,2
418,-0.000830757,0.0145802,0.00721232,0.555329,-0.523012,-0.453033,0.461335,92.2065,2.70383,91.5619,2
418.5,-0.000769536,0.0145871,0.00733358,0.556035,-0.525622,-0.450158,0.460332,92.2177,2.5988,91.3542,2
419,-0.000707094,0.0145934,0.00744121,0.556727,-0.528228,-0.447251,0.459344,92.2326,2.50869,91.1435,2
419.5,-0.000643485,0.0145988,0.00753495,0.557406,-0.53083,-0.444315,0.458369,92.2514,2.43618,90.9302,2
420,-0.000578765,0.0146034,0.00761455,0.558074,-0.533425,-0.441351,0.457407,92.274,2.3838,90.7147,2
420.5,-0.000512992,0.0146072,0.0076798,0.558733,-0.536011,-0.43836,0.456454,92.3004,2.35368,90.4975,2
421,-0.000446227,0.0146101,0.00773052,0.559384,-0.538587,-0.435345,0.455509,92.3306,2.3473,90.2791,2
421.5,-0.000378532,0.0146121,0.00776659,0.560028,-0.54115,-0.432308,0.454571,92.3646,2.36532,90.0599,2
422,-0.000309973,0.0146132,0.0077879,0.560669,-0.543698,-0.429251,0.453636,92.4022,2.40748,89.8403,2
422.5,-0.000240616,0.0146134,0.00779439,0.561307,-0.54623,-0.426176,0.452704,92.4434,2.47267,89.6209,2
423,-0.000170529,0.0146126,0.00778605,0.561944,-0.548743,-0.423084,0.451773,92.4882,2.5591,89.402,2
423.5,-9.97829e-05,0.0146109,0.00776289,0.562582,-0.551236,-0.419979,0.45084,92.5364,2.66452,89.1842,2
424,-2.84475e-05,0.0146082,0.00772495,0.563223,-0.553708,-0.416862,0.449904,92.588,2.78645,88.9679,2
424.5,4.34044e-05,0.0146046,0.00767234,0.563868,-0.556155,-0.413735,0.448963,92.6428,2.92237,88.7536,2
425,0.000115699,0.0146,0.00760517,0.564518,-0.558577,-0.410602,0.448015,92.7008,3.06989,88.5416,2
425.5,0.000188364,0.0145944,0.0075236,0.565177,-0.560972,-0.407463,0.447057,92.7617,3.22676,88.3325,2
426,0.000261322,0.014588,0.00742785,0.565844,-0.563338,-0.404321,0.446089,92.8255,3.39099,88.1267,2
426.5,0.0003345,0.0145806,0.00731813,0.566522,-0.565674,-0.401179,0.445108,92.8921,3.56076,87.9245,2
427,0.000407822,0.0145723,0.00719473,0.567213,-0.567978,-0.398038,0.444112,92.9611,3.73449,87.7265,2
427.5,0.000481213,0.0145631,0.00705794,0.567917,-0.57025,-0.394902,0.4431,93.0326,3.91079,87.5329,2
428,0.000554596,0.0145531,0.0069081,0.568637,-0.572487,-0.391771,0.44207,93.1062,4.08843,87.3443,2
428.5,0.000627898,0.0145423,0.00674558,0.569374,-0.574688,-0.388649,0.44102,93.1819,4.2663,87.161,2
429,0.000701044,0.0145307,0.00657078,0.570129,-0.576853,-0.385538,0.439948,93.2594,4.44346,86.9833,2
429.5,0.000773959,0.0145184,0.00638414,0.570903,-0.57898,-0.382439,0.438854,93.3386,4.61905,86.8116,2
430,0.000846571,0.0145053,0.00618611,0.571698,-0.581068,-0.379355,0.437734,93.4192,4.79229,86.6462,2
430.5,0.000918807,0.0144916,0.00597719,0.572515,-0.583117,-0.376287,0.436588,93.5011,4.96252,86.4874,2
431,0.000990596,0.0144773,0.00575789,0.573356,-0.585125,-0.373239,0.435414,93.584,5.12911,86.3356,2
431.5,0.00106187,0.0144624,0.00552875,0.57422,-0.587091,-0.370211,0.43421,93.6677,5.2915,86.1911,2
432,0.00113256,0.014447,0.00529034,0.57511,-0.589016,-0.367205,0.432976,93.7521,5.44921,86.054,2
432.5,0.00120259,0.0144312,0.00504326,0.576026,-0.590898,-0.364224,0.43171,93.8368,5.60179,85.9246,2
433,0.00127191,0.0144149,0.00478809,0.57697,-0.592737,-0.361268,0.430411,93.9218,5.74882,85.8032,2
433.5,0.00134045,0.0143983,0.00452549,0.577941,-0.594533,-0.35834,0.429078,94.0067,5.88994,85.6899,2
434,0.00140815,0.0143814,0.00425609,0.57894,-0.596285,-0.35544,0.427708,94.0914,6.02484,85.585,2
434.5,0.00147494,0.0143642,0.00398056,0.579969,-0.597993,-0.352571,0.426303,94.1756,6.15321,85.4885,2
435,0.00154078,0.0143469,0.00369958,0.581027,-0.599657,-0.349734,0.424859,94.2592,6.27481,85.4007,2
435.5,0.0016056,0.0143294,0.00341382,0.582115,-0.601276,-0.346929,0.423378,94.342,6.38941,85.3216,2
436,0.00166935,0.0143119,0.003124,0.583234,-0.602851,-0.344159,0.421857,94.4236,6.49682,85.2513,2
436.5,0.00173199,0.0142944,0.00283081,0.584384,-0.604382,-0.341423,0.420296,94.5041,6.59688,85.19,2
437,0.00179345,0.0142769,0.00253497,0.585564,-0.605868,-0.338722,0.418695,94.583,6.68946,85.1376,2
437.5,0.00185371,0.0142595,0.00223719,0.586776,-0.607311,-0.336058,0.417053,94.6604,6.77445,85.0942,2
438,0.0019127,0.0142422,0.00193818,0.588018,-0.608709,-0.333431,0.415369,94.7359,6.85178,85.0597,2
438.5,0.00197039,0.0142252,0.00163867,0.589291,-0.610065,-0.330842,0.413643,94.8095,6.9214,85.0343,2
439,0.00202674,0.0142084,0.00133936,0.590595,-0.611377,-0.32829,0.411875,94.8809,6.98329,85.0178,2
439.5,0.00208172,0.0141919,0.00104097,0.591929,-0.612647,-0.325777,0.410065,94.95,7.03745,85.0102,2
440,0.00213529,0.0141758,0.000744177,0.593293,-0.613874,-0.323302,0.408212,95.0167,7.08391,85.0114,2
440.5,0.00218741,0.01416,0.000449685,0.594687,-0.615061,-0.320865,0.406317,95.0808,7.12272,85.0212,2
441,0.00223806,0.0141447,0.000158166,0.596109,-0.616206,-0.318467,0.40438,95.1422,7.15397,85.0397,2
441.5,0.00228721,0.0141299,-0.000129717,0.597561,-0.617311,-0.316106,0.4024,95.2007,7.17775,85.0667,2
442,0.00233483,0.0141156,-0.000413318,0.599039,-0.618376,-0.313783,0.400378,95.2564,7.1942,85.1019,2
442.5,0.0023809,0.0141018,-0.000692009,0.600545,-0.619403,-0.311497,0.398314,95.309,7.20346,85.1453,2
443,0.00242541,0.0140885,-0.000965183,0.602077,-0.620392,-0.309248,0.39621,95.3585,7.2057,85.1966,2
443.5,0.00246832,0.0140759,-0.00123225,0.603634,-0.621344,-0.307035,0.394064,95.4049,7.20112,85.2556,2
444,0.00250963,0.0140639,-0.00149266,0.605216,-0.62226,-0.304857,0.391879,95.448,7.18993,85.3222,2
444.5,0.00254933,0.0140525,-0.00174586,0.60682,-0.62314,-0.302714,0.389654,95.4878,7.17236,85.3961,2
445,0.00258739,0.0140418,-0.00199136,0.608447,-0.623986,-0.300603,0.38739,95.5243,7.14867,85.477,2
445.5,0.0026238,0.0140317,-0.00222866,0.610095,-0.624799,-0.298526,0.385089,95.5575,7.11914,85.5647,2
446,0.00265857,0.0140223,-0.00245731,0.611762,-0.625579,-0.296479,0.382751,95.5873,7.08404,85.6589,2
446.5,0.00269168,0.0140136,-0.00267691,0.613449,-0.626328,-0.294462,0.380376,95.6138,7.04368,85.7594,2
447,0.00272313,0.0140056,-0.00288705,0.615152,-0.627046,-0.292475,0.377967,95.6369,6.9984,85.8658,2
447.5,0.0027529,0.0139983,-0.00308738,0.616872,-0.627736,-0.290514,0.375524,95.6567,6.94852,85.9779,2
448,0.00278102,0.0139916,-0.00327758,0.618606,-0.628397,-0.288579,0.373049,95.6733,6.8944,86.0953,2
448.5,0.00280746,0.0139856,-0.00345737,0.620354,-0.629031,-0.286669,0.370542,95.6866,6.8364,86.2178,2
449,0.00283223,0.0139803,-0.00362648,0.622114,-0.629639,-0.284782,0.368005,95.6967,6.77491,86.3451,2
449.5,0.00285534,0.0139756,-0.00378469,0.623885,-0.630223,-0.282916,0.36544,95.7037,6.71029,86.4768,2
450,0.00287679,0.0139716,-0.00393184,0.625664,-0.630782,-0.28107,0.362847,95.7077,6.64296,86.6126,2
450.5,0.00289659,0.0139682,-0.00406775,0.627452,-0.631319,-0.279241,0.360228,95.7087,6.57332,86.7521,2
451,0.00291473,0.0139653,-0.00419233,0.629247,-0.631834,-0.27743,0.357585,95.7069,6.50177,86.8952,2
451.5,0.00293123,0.0139631,-0.00430549,0.631046,-0.632329,-0.275632,0.35492,95.7023,6.42873,87.0413,2
452,0.00294609,0.0139614,-0.00440719,0.632849,-0.632804,-0.273848,0.352233,95.6951,6.35462,87.1903,2
452.5,0.00295933,0.0139602,-0.00449741,0.634655,-0.633262,-0.272075,0.349526,95.6854,6.27986,87.3418,2
453,0.00297095,0.0139596,-0.00457617,0.636461,-0.633701,-0.270312,0.346801,95.6733,6.20487,87.4955,2
453.5,0.00298097,0.0139593,-0.00464353,0.638268,-0.634125,-0.268556,0.34406,95.659,6.13006,87.6511,2
454,0.0029894,0.0139596,-0.00469957,0.640072,-0.634534,-0.266807,0.341304,95.6426,6.05585,87.8083,2
454.5,0.00299625,0.0139602,-0.00474441,0.641874,-0.634929,-0.265061,0.338534,95.6241,5.98264,87.9667,2
455,0.00300153,0.0139612,-0.00477818,0.643672,-0.635311,-0.263319,0.335753,95.6039,5.91082,88.1261,2
455.5,0.00300526,0.0139626,-0.00480105,0.645464,-0.635681,-0.261577,0.332962,95.582,5.84078,88.2862,2
456,0.00300745,0.0139642,-0.00481322,0.64725,-0.636039,-0.259835,0.330162,95.5586,5.77289,88.4467,2
456.5,0.00300811,0.0139661,-0.00481492,0.649028,-0.636388,-0.258091,0.327356,95.5339,5.70749,88.6073,2
457,0.00300727,0.0139682,-0.00480638,0.650797,-0.636728,-0.256343,0.324545,95.508,5.64493,88.7678,2
457.5,0.00300493,0.0139705,-0.00478787,0.652556,-0.637059,-0.25459,0.32173,95.481,5.58551,88.928,2
458,0.00300112,0.013973,-0.00475968,0.654304,-0.637384,-0.252829,0.318913,95.4532,5.5295,89.0875,2
458.5,0.00299585,0.0139755,-0.00472212,0.656041,-0.637701,-0.251061,0.316095,95.4247,5.47718,89.2461,2
459,0.00298914,0.0139782,-0.0046755,0.657764,-0.638014,-0.249283,0.313278,95.3957,5.42877,89.4036,2
459.5,0.00298101,0.0139808,-0.00462016,0.659473,-0.638321,-0.247495,0.310464,95.3663,5.38446,89.5598,2
460,0.00297146,0.0139835,-0.00455646,0.661168,-0.638624,-0.245694,0.307653,95.3367,5.34441,89.7145,2
460.5,0.00296053,0.0139861,-0.00448476,0.662847,-0.638924,-0.24388,0.304848,95.3071,5.30877,89.8675,2
461,0.00294823,0.0139886,-0.00440543,0.66451,-0.639222,-0.242051,0.302049,95.2776,5.27761,90.0186,2
461.5,0.00293458,0.013991,-0.00431886,0.666155,-0.639517,-0.240207,0.299258,95.2483,5.251,90.1676,2
462,0.0029196,0.0139932,-0.00422544,0.667783,-0.639811,-0.238346,0.296476,95.2195,5.22897,90.3144,2
462.5,0.0029033,0.0139952,-0.00412557,0.669393,-0.640105,-0.236468,0.293705,95.1912,5.2115,90.4588,2
463,0.00288571,0.013997,-0.00401964,0.670983,-0.640398,-0.234571,0.290944,95.1636,5.19857,90.6007,2
463.5,0.00286684,0.0139985,-0.00390807,0.672553,-0.640692,-0.232655,0.288196,95.1368,5.19009,90.7399,2
464,0.00284673,0.0139997,-0.00379126,0.674104,-0.640987,-0.230719,0.285462,95.111,5.18597,90.8764,2
464.5,0.00282538,0.0140005,-0.00366962,0.675633,-0.641283,-0.228763,0.282742,95.0863,5.1861,91.01,2
465,0.00280282,0.014001,-0.00354355,0.677142,-0.641581,-0.226785,0.280037,95.0628,5.19031,91.1406,2
465.5,0.00277906,0.014001,-0.00341347,0.678629,-0.641882,-0.224786,0.277348,95.0406,5.19847,91.2681,2
466,0.00275414,0.0140006,-0.00327976,0.680094,-0.642185,-0.222764,0.274677,95.0198,5.21037,91.3925,2
466.5,0.00272807,0.0139997,-0.00314284,0.681536,-0.642491,-0.220719,0.272023,95.0006,5.22584,91.5138,2
467,0.00270088,0.0139982,-0.00300308,0.682956,-0.642801,-0.218652,0.269388,94.983,5.24467,91.6317,2
467.5,0.00267258,0.0139962,-0.00286087,0.684353,-0.643114,-0.216561,0.266771,94.9671,5.26666,91.7464,2
468,0.00264321,0.0139936,-0.0027166,0.685727,-0.643431,-0.214447,0.264174,94.9531,5.29159,91.8577,2
468.5,0.00261277,0.0139904,-0.00257063,0.687077,-0.643752,-0.212309,0.261598,94.9408,5.31927,91.9656,2
469,0.00258131,0.0139865,-0.00242333,0.688404,-0.644078,-0.210147,0.259042,94.9305,5.34948,92.0701,2
469.5,0.00254883,0.0139819,-0.00227504,0.689707,-0.644408,-0.207962,0.256506,94.9222,5.38202,92.1713,2
470,0.00251537,0.0139766,-0.00212611,0.690986,-0.644742,-0.205753,0.253992,94.916,5.41669,92.269,2
470.5,0.00248095,0.0139706,-0.00197686,0.69224,-0.645082,-0.20352,0.2515,94.9118,5.45331,92.3632,2
471,0.0024456,0.0139638,-0.00182763,0.693471,-0.645426,-0.201264,0.24903,94.9098,5.49168,92.4541,2
471.5,0.00240934,0.0139562,-0.00167872,0.694678,-0.645775,-0.198984,0.246581,94.91,5.53165,92.5415,2
472,0.00237219,0.0139477,-0.00153041,0.69586,-0.64613,-0.196682,0.244155,94.9123,5.57304,92.6256,2
472.5,0.00233419,0.0139384,-0.00138301,0.697018,-0.646489,-0.194357,0.241751,94.9169,5.6157,92.7064,2
473,0.00229537,0.0139282,-0.00123679,0.698152,-0.646853,-0.192009,0.239369,94.9236,5.6595,92.7838,2
473.5,0.00225574,0.013917,-0.00109199,0.699261,-0.647223,-0.189639,0.237009,94.9327,5.7043,92.8579,2
474,0.00221534,0.013905,-0.000948868,0.700346,-0.647597,-0.187248,0.234672,94.9439,5.74998,92.9287,2
474.5,0.00217419,0.0138919,-0.000807661,0.701407,-0.647977,-0.184836,0.232357,94.9574,5.79644,92.9964,2
475,0.00213233,0.0138779,-0.000668586,0.702444,-0.648361,-0.182404,0.230064,94.973,5.84357,93.0609,2
475.5,0.00208978,0.0138628,-0.000531853,0.703456,-0.64875,-0.179951,0.227793,94.9909,5.89129,93.1223,2
476,0.00204657,0.0138467,-0.000397655,0.704445,-0.649144,-0.177479,0.225543,95.011,5.93951,93.1806,2
476.5,0.00200274,0.0138296,-0.000266176,0.70541,-0.649543,-0.174989,0.223316,95.0332,5.98817,93.2359,2
477,0.00195831,0.0138113,-0.000137583,0.70635,-0.649946,-0.17248,0.221109,95.0575,6.0372,93.2883,2
477.5,0.00191332,0.0137919,-1.20355e-05,0.707267,-0.650354,-0.169955,0.218924,95.0839,6.08654,93.3379,2
478,0.00186779,0.0137714,0.000110324,0.708161,-0.650766,-0.167412,0.216759,95.1123,6.13615,93.3846,2
478.5,0.00182176,0.0137498,0.000229363,0.709031,-0.651183,-0.164854,0.214615,95.1428,6.18598,93.4285,2
479,0.00177526,0.0137269,0.000344963,0.709878,-0.651603,-0.162281,0.212491,95.1752,6.23599,93.4698,2
479.5,0.00172831,0.0137029,0.000457013,0.710701,-0.652027,-0.159693,0.210387,95.2094,6.28615,93.5084,2
480,0.00168096,0.0136776,0.000565419,0.711502,-0.652455,-0.157092,0.208303,95.2455,6.33642,93.5446,2
480.5,0.00163324,0.0136512,0.000670095,0.712279,-0.652887,-0.154478,0.206237,95.2834,6.38679,93.5782,2
481,0.00158517,0.0136234,0.000770966,0.713034,-0.653322,-0.151853,0.20419,95.323,6.43724,93.6094,2
481.5,0.0015368,0.0135944,0.000867969,0.713767,-0.65376,-0.149217,0.202161,95.3643,6.48773,93.6383,2
482,0.00148814,0.0135641,0.00096105,0.714477,-0.654201,-0.146571,0.20015,95.4071,6.53825,93.6649,2
482.5,0.00143925,0.0135326,0.00105017,0.715165,-0.654646,-0.143915,0.198157,95.4515,6.58879,93.6893,2
483,0.00139014,0.0134997,0.00113528,0.715831,-0.655093,-0.141252,0.196181,95.4973,6.63933,93.7115,2
483.5,0.00134085,0.0134655,0.00121637,0.716476,-0.655542,-0.138581,0.194221,95.5444,6.68985,93.7317,2
484,0.00129142,0.01343,0.00129343,0.717099,-0.655994,-0.135904,0.192277,95.5929,6.74034,93.7499,2
484.5,0.00124187,0.0133931,0.00136643,0.717701,-0.656449,-0.133221,0.190349,95.6426,6.79079,93.7662,2
485,0.00119225,0.0133549,0.00143538,0.718282,-0.656905,-0.130534,0.188437,95.6934,6.84118,93.7805,2
485.5,0.00114257,0.0133154,0.0015003,0.718841,-0.657363,-0.127843,0.186539,95.7452,6.89149,93.7931,2
486,0.00109288,0.0132745,0.00156119,0.719381,-0.657823,-0.12515,0.184656,95.7981,6.94171,93.8039,2
486.5,0.00104321,0.0132322,0.00161808,0.7199,-0.658284,-0.122455,0.182787,95.8519,6.99182,93.8131,2
487,0.000993577,0.0131885,0.00167099,0.720399,-0.658747,-0.119759,0.180932,95.9064,7.04181,93.8206,2
487.5,0.000944027,0.0131435,0.00171997,0.720877,-0.659211,-0.117062,0.179089,95.9618,7.09165,93.8265,2
488,0.000894586,0.0130972,0.00176504,0.721337,-0.659676,-0.114367,0.17726,96.0178,7.14133,93.831,2
488.5,0.000845285,0.0130494,0.00180626,0.721776,-0.660142,-0.111674,0.175443,96.0744,7.19082,93.8339,2
489,0.000796154,0.0130003,0.00184368,0.722197,-0.660609,-0.108984,0.173638,96.1315,7.24011,93.8355,2
489.5,0.000747222,0.0129499,0.00187734,0.722599,-0.661076,-0.106297,0.171844,96.189,7.28916,93.8357,2
490,0.000698518,0.0128981,0.00190732,0.722982,-0.661544,-0.103615,0.170062,96.2469,7.33796,93.8347,2
490.5,0.000650071,0.0128449,0.00193367,0.723347,-0.662012,-0.100938,0.168291,96.305,7.38647,93.8324,2
491,0.000601908,0.0127904,0.00195645,0.723693,-0.66248,-0.0982669,0.16653,96.3634,7.43468,93.8289,2
491.5,0.000554058,0.0127346,0.00197575,0.724022,-0.662948,-0.0956033,0.16478,96.4219,7.48255,93.8242,2
492,0.000506547,0.0126775,0.00199162,0.724333,-0.663416,-0.0929475,0.163039,96.4804,7.53005,93.8184,2
492.5,0.000459401,0.012619,0.00200415,0.724627,-0.663884,-0.0903004,0.161308,96.5389,7.57715,93.8116,2
493,0.000412645,0.0125593,0.00201341,0.724903,-0.664351,-0.0876628,0.159586,96.5974,7.62383,93.8037,2
493.5,0.000366304,0.0124983,0.00201947,0.725163,-0.664818,-0.0850354,0.157874,96.6557,7.67004,93.7949,2
494,0.000320403,0.012436,0.00202243,0.725406,-0.665285,-0.0824191,0.156169,96.7137,7.71576,93.7851,2
494.5,0.000274965,0.0123725,0.00202235,0.725633,-0.665751,-0.0798145,0.154474,96.7715,7.76096,93.7744,2
495,0.000230013,0.0123078,0.00201933,0.725844,-0.666216,-0.0772224,0.152786,96.8289,7.8056,93.7628,2
495.5,0.000185568,0.0122419,0.00201344,0.726039,-0.66668,-0.0746435,0.151106,96.8858,7.84964,93.7504,2
496,0.000141652,0.0121748,0.00200478,0.726219,-0.667143,-0.0720786,0.149434,96.9423,7.89306,93.7372,2
496.5,9.82855e-05,0.0121066,0.00199342,0.726384,-0.667605,-0.0695282,0.147769,96.9983,7.93581,93.7232,2
497,5.5488e-05,0.0120372,0.00197944,0.726534,-0.668066,-0.066993,0.146112,97.0537,7.97787,93.7084,2
497.5,1.32786e-05,0.0119667,0.00196294,0.726669,-0.668526,-0.0644737,0.144461,97.1084,8.0192,93.6929,2
498,-2.83244e-05,0.0118952,0.00194399,0.72679,-0.668984,-0.0619709,0.142817,97.1623,8.05977,93.6768,2
498.5,-6.93036e-05,0.0118226,0.00192269,0.726897,-0.669441,-0.0594852,0.14118,97.2156,8.09954,93.6599,2
499,-0.000109642,0.011749,0.00189911,0.72699,-0.669896,-0.0570172,0.139549,97.268,8.13847,93.6425,2
499.5,-0.000149325,0.0116744,0.00187333,0.727069,-0.67035,-0.0545674,0.137924,97.3195,8.17654,93.6244,2
500,-0.000188335,0.0115988,0.00184545,0.727136,-0.670803,-0.0521363,0.136306,97.3702,8.21372,93.6057,2
500.5,-0.00022666,0.0115223,0.00181553,0.727189,-0.671253,-0.0497246,0.134693,97.4199,8.24996,93.5864,2
501,-0.000264285,0.0114449,0.00178366,0.72723,-0.671702,-0.0473326,0.133086,97.4685,8.28525,93.5666,2
501.5,-0.000301197,0.0113666,0.00174992,0.727259,-0.672149,-0.0449609,0.131485,97.5162,8.31954,93.5463,2
502,-0.000337385,0.0112875,0.00171439,0.727276,-0.672595,-0.04261,0.129889,97.5628,8.35281,93.5254,2
502.5,-0.000372837,0.0112075,0.00167715,0.72728,-0.673038,-0.0402802,0.128299,97.6082,8.38503,93.504,2
503,-0.000407542,0.0111269,0.00163826,0.727274,-0.673479,-0.0379721,0.126714,97.6525,8.41617,93.4822,2
503.5,-0.00044149,0.0110454,0.00159781,0.727256,-0.673919,-0.035686,0.125134,97.6956,8.4462,93.4599,2
504,-0.000474673,0.0109633,0.00155587,0.727227,-0.674356,-0.0334222,0.123559,97.7375,8.4751,93.4372,2
504.5,-0.000507082,0.0108805,0.00151252,0.727188,-0.674792,-0.0311813,0.121989,97.7781,8.50284,93.414,2
505,-0.00053871,0.010797,0.00146782,0.727139,-0.675225,-0.0289634,0.120424,97.8174,8.5294,93.3904,2
505.5,-0.000569548,0.0107129,0.00142184,0.727079,-0.675656,-0.026769,0.118864,97.8554,8.55474,93.3664,2
506,-0.000599592,0.0106283,0.00137466,0.72701,-0.676085,-0.0245984,0.117309,97.8921,8.57886,93.342,2
506.5,-0.000628836,0.0105431,0.00132634,0.726931,-0.676512,-0.0224519,0.115758,97.9274,8.60172,93.3172,2
507,-0.000657275,0.0104574,0.00127696,0.726842,-0.676936,-0.0203296,0.114212,97.9613,8.62331,93.2921,2
507.5,-0.000684905,0.0103713,0.00122657,0.726745,-0.677358,-0.018232,0.112671,97.9938,8.64361,93.2666,2
508,-0.000711723,0.0102847,0.00117526,0.72664,-0.677778,-0.0161592,0.111134,98.0249,8.6626,93.2408,2
508.5,-0.000737725,0.0101976,0.00112307,0.726526,-0.678196,-0.0141115,0.109601,98.0545,8.68026,93.2147,2
509,-0.000762911,0.0101102,0.00107008,0.726403,-0.678611,-0.012089,0.108073,98.0827,8.69658,93.1882,2
509.5,-0.000787279,0.0100225,0.00101636,0.726273,-0.679023,-0.010092,0.10655,98.1094,8.71154,93.1614,2
510,-0.000810828,0.00993441,0.000961961,0.726135,-0.679434,-0.00812069,0.10503,98.1345,8.72513,93.1343,2
510.5,-0.000833559,0.00984604,0.000906955,0.72599,-0.679842,-0.00617513,0.103516,98.1582,8.73734,93.1069,2
511,-0.000855473,0.0097574,0.000851404,0.725838,-0.680247,-0.00425551,0.102005,98.1803,8.74815,93.0793,2
511.5,-0.00087657,0.00966852,0.000795372,0.725679,-0.68065,-0.00236196,0.100499,98.2009,8.75755,93.0514,2
512,-0.000896854,0.00957943,0.000738924,0.725513,-0.68105,-0.000494576,0.0989975,98.22,8.76554,93.0232,2
512.5,-0.000916326,0.00949014,0.000682123,0.725342,-0.681448,0.00134654,0.0975001,98.2375,8.77212,92.9947,2
513,-0.000934992,0.00940069,0.000625034,0.725164,-0.681843,0.0031613,0.096007,98.2535,8.77727,92.9661,2
513.5,-0.000952854,0.0093111,0.000567721,0.72498,-0.682236,0.00494965,0.0945184,98.2679,8.78098,92.9371,2
514,-0.000969919,0.00922138,0.000510249,0.72479,-0.682626,0.00671153,0.0930341,98.2807,8.78327,92.908,2
514.5,-0.00098619,0.00913156,0.000452682,0.724595,-0.683014,0.00844692,0.0915543,98.292,8.78412,92.8786,2
515,-0.00100168,0.00904167,0.000395087,0.724396,-0.683399,0.0101558,0.0900789,98.3017,8.78354,92.849,2
515.5,-0.00101638,0.0089517,0.000337528,0.724191,-0.683781,0.0118381,0.088608,98.3099,8.78153,92.8192,2
516,-0.00103032,0.00886169,0.000280073,0.723981,-0.684161,0.013494,0.0871416,98.3165,8.77809,92.7892,2
516.5,-0.00104348,0.00877165,0.000222787,0.723767,-0.684537,0.0151233,0.0856799,98.3216,8.77323,92.759,2
517,-0.0010559,0.00868159,0.000165738,0.723549,-0.684912,0.0167262,0.0842228,98.3251,8.76695,92.7286,2
517.5,-0.00106757,0.00859152,0.000108993,0.723326,-0.685283,0.0183027,0.0827704,98.3272,8.75926,92.698,2
518,-0.0010785,0.00850146,5.26199e-05,0.7231,-0.685652,0.0198529,0.0813229,98.3276,8.75017,92.6673,2
518.5,-0.0010887,0.00841143,-3.31294e-06,0.722871,-0.686018,0.0213767,0.0798804,98.3266,8.73969,92.6364,2
519,-0.00109819,0.00832141,-5.87375e-05,0.722637,-0.686381,0.0228745,0.0784428,98.3241,8.72783,92.6053,2
519.5,-0.00110698,0.00823144,-0.000113585,0.722401,-0.686741,0.0243462,0.0770104,98.3201,8.71462,92.5741,2
520,-0.00111507,0.0081415,-0.000167788,0.722161,-0.687099,0.0257919,0.0755832,98.3147,8.70006,92.5427,2
520.5,-0.00112249,0.00805162,-0.000221277,0.721919,-0.687454,0.0272118,0.0741615,98.3078,8.68418,92.5112,2
521,-0.00112924,0.00796178,-0.000273984,0.721674,-0.687806,0.0286061,0.0727452,98.2995,8.66699,92.4796,2
521.5,-0.00113534,0.00787201,-0.000325841,0.721426,-0.688155,0.0299748,0.0713347,98.2898,8.64852,92.4478,2
522,-0.00114079,0.00778229,-0.000376782,0.721176,-0.688501,0.0313182,0.06993,98.2787,8.62879,92.4159,2
522.5,-0.00114562,0.00769263,-0.000426739,0.720924,-0.688844,0.0326364,0.0685314,98.2663,8.60782,92.3838,2
523,-0.00114984,0.00760304,-0.000475648,0.72067,-0.689185,0.0339297,0.0671389,98.2526,8.58564,92.3517,2
523.5,-0.00115347,0.0075135,-0.000523443,0.720414,-0.689522,0.0351982,0.0657529,98.2376,8.56229,92.3194,2
524,-0.00115651,0.00742403,-0.000570062,0.720156,-0.689857,0.0364422,0.0643734,98.2213,8.53779,92.2871,2
524.5,-0.00115899,0.00733461,-0.000615443,0.719897,-0.690189,0.0376618,0.0630009,98.2039,8.51218,92.2547,2
525,-0.00116092,0.00724525,-0.000659527,0.719637,-0.690517,0.0388573,0.0616353,98.1852,8.48548,92.2221,2
525.5,-0.00116231,0.00715594,-0.000702255,0.719375,-0.690843,0.040029,0.0602771,98.1654,8.45774,92.1895,2
526,-0.00116318,0.00706668,-0.000743573,0.719112,-0.691166,0.0411771,0.0589264,98.1445,8.42898,92.1568,2
526.5,-0.00116356,0.00697746,-0.000783428,0.718848,-0.691486,0.0423018,0.0575836,98.1225,8.39926,92.1241,2
527,-0.00116344,0.00688828,-0.000821769,0.718583,-0.691802,0.0434035,0.0562488,98.0995,8.36861,92.0913,2
527.5,-0.00116286,0.00679913,-0.00085855,0.718318,-0.692116,0.0444824,0.0549224,98.0755,8.33708,92.0584,2
528,-0.00116182,0.00671002,-0.000893727,0.718052,-0.692427,0.0455388,0.0536046,98.0505,8.30469,92.0255,2
528.5,-0.00116034,0.00662092,-0.000927259,0.717785,-0.692734,0.046573,0.0522958,98.0247,8.27151,91.9925,2
529,-0.00115844,0.00653184,-0.000959111,0.717518,-0.693039,0.0475852,0.0509962,97.998,8.23757,91.9595,2
529.5,-0.00115614,0.00644277,-0.000989249,0.717251,-0.69334,0.0485759,0.0497061,97.9705,8.20293,91.9264,2
530,-0.00115345,0.0063537,-0.00101764,0.716983,-0.693639,0.0495453,0.048426,97.9422,8.16762,91.8934,2
530.5,-0.00115038,0.00626463,-0.00104427,0.716716,-0.693934,0.0504936,0.047156,97.9132,8.13171,91.8603,2
531,-0.00114695,0.00617555,-0.00106912,0.716449,-0.694227,0.0514213,0.0458965,97.8836,8.09522,91.8272,2
531.5,-0.00114318,0.00608646,-0.00109216,0.716182,-0.694516,0.0523287,0.0446479,97.8534,8.05823,91.7942,2
532,-0.00113909,0.00599734,-0.00111339,0.715915,-0.694802,0.053216,0.0434105,97.8226,8.02077,91.7611,2
532.5,-0.00113467,0.00590821,-0.00113281,0.715648,-0.695085,0.0540835,0.0421846,97.7912,7.98289,91.728,2
533,-0.00112996,0.00581904,-0.00115041,0.715383,-0.695364,0.0549317,0.0409705,97.7594,7.94466,91.695,2
533.5,-0.00112497,0.00572984,-0.00116619,0.715117,-0.695641,0.0557608,0.0397687,97.7273,7.90611,91.662,2
534,-0.0011197,0.0056406,-0.00118017,0.714852,-0.695915,0.0565711,0.0385793,97.6947,7.8673,91.6291,2
534.5,-0.00111417,0.00555132,-0.00119237,0.714588,-0.696185,0.057363,0.0374029,97.6618,7.82827,91.5961,2
535,-0.0011084,0.005462,-0.00120279,0.714325,-0.696453,0.0581367,0.0362396,97.6287,7.78909,91.5633,2
535.5,-0.00110239,0.00537263,-0.00121148,0.714063,-0.696717,0.0588926,0.0350899,97.5953,7.74979,91.5305,2
536,-0.00109616,0.00528322,-0.00121844,0.713802,-0.696978,0.0596309,0.033954,97.5618,7.71043,91.4978,2
536.5,-0.00108972,0.00519375,-0.00122373,0.713542,-0.697236,0.0603521,0.0328323,97.5282,7.67105,91.4651,2
537,-0.00108308,0.00510425,-0.00122739,0.713283,-0.697491,0.0610562,0.0317251,97.4945,7.6317,91.4326,2
537.5,-0.00107625,0.00501469,-0.00122944,0.713025,-0.697742,0.0617438,0.0306327,97.4607,7.59243,91.4001,2
538,-0.00106924,0.0049251,-0.00122995,0.712769,-0.697991,0.0624149,0.0295554,97.427,7.55327,91.3678,2
538.5,-0.00106205,0.00483546,-0.00122897,0.712514,-0.698236,0.06307,0.0284935,97.3933,7.51428,91.3356,2
539,-0.0010547,0.00474579,-0.00122656,0.712261,-0.698479,0.0637091,0.0274472,97.3597,7.4755,91.3035,2
539.5,-0.00104719,0.00465608,-0.00122277,0.712009,-0.698718,0.0643327,0.0264169,97.3262,7.43696,91.2715,2
540,-0.00103953,0.00456635,-0.00121767,0.711758,-0.698955,0.064941,0.0254027,97.293,7.3987,91.2397,2
540.5,-0.00103173,0.0044766,-0.00121133,0.71151,-0.699188,0.0655341,0.024405,97.2599,7.36076,91.208,2
541,-0.00102378,0.00438684,-0.00120383,0.711263,-0.699418,0.0661123,0.0234239,97.227,7.32318,91.1765,2
541.5,-0.0010157,0.00429707,-0.00119523,0.711018,-0.699645,0.0666758,0.0224597,97.1945,7.28597,91.1451,2
542,-0.00100749,0.00420731,-0.00118562,0.710775,-0.699869,0.0672248,0.0215126,97.1622,7.24919,91.1139,2
542.5,-0.000999148,0.00411757,-0.00117508,0.710534,-0.70009,0.0677595,0.0205827,97.1302,7.21284,91.0829,2
543,-0.000990681,0.00402785,-0.00116368,0.710295,-0.700309,0.0682801,0.0196702,97.0986,7.17696,91.0521,2
543.5,-0.000982089,0.00393817,-0.00115151,0.710058,-0.700524,0.0687867,0.0187753,97.0674,7.14157,91.0215,2
544,-0.000973373,0.00384854,-0.00113865,0.709823,-0.700736,0.0692795,0.017898,97.0365,7.10669,90.9911,2
544.5,-0.000964533,0.00375898,-0.00112519,0.709591,-0.700945,0.0697585,0.0170386,97.0061,7.07233,90.9609,2
545,-0.000955569,0.0036695,-0.00111122,0.709361,-0.701152,0.0702241,0.0161971,96.9761,7.03852,90.931,2
545.5,-0.000946477,0.00358011,-0.00109683,0.709133,-0.701355,0.0706761,0.0153736,96.9465,7.00526,90.9013,2
546,-0.000937257,0.00349083,-0.00108209,0.708908,-0.701556,0.0711148,0.0145681,96.9173,6.97257,90.8718,2
546.5,-0.000927905,0.00340168,-0.00106709,0.708685,-0.701753,0.0715403,0.0137808,96.8886,6.94045,90.8425,2
547,-0.000918418,0.00331267,-0.00105192,0.708465,-0.701948,0.0719525,0.0130115,96.8604,6.90891,90.8135,2
547.5,-0.00090879,0.00322382,-0.00103666,0.708247,-0.70214,0.0723516,0.0122604,96.8326,6.87794,90.7848,2
548,-0.000899016,0.00313515,-0.0010214,0.708032,-0.70233,0.0727376,0.0115274,96.8053,6.84755,90.7563,2
548.5,-0.000889091,0.00304668,-0.0010062,0.70782,-0.702516,0.0731106,0.0108124,96.7784,6.81774,90.7281,2
549,-0.000879008,0.00295842,-0.000991145,0.70761,-0.7027,0.0734706,0.0101155,96.752,6.78851,90.7002,2
549.5,-0.000868758,0.00287039,-0.00097631,0.707404,-0.702881,0.0738176,0.00943663,96.726,6.75983,90.6726,2
550,-0.000858335,0.00278262,-0.000961763,0.7072,-0.703059,0.0741516,0.00877562,96.7004,6.73171,90.6453,2
550.5,-0.000847728,0.00269512,-0.000947568,0.707,-0.703235,0.0744726,0.0081324,96.6753,6.70413,90.6182,2
551,-0.000836929,0.00260792,-0.000933787,0.706802,-0.703407,0.0747806,0.00750687,96.6506,6.67708,90.5915,2
551.5,-0.000825926,0.00252102,-0.000920475,0.706608,-0.703577,0.0750757,0.00689891,96.6263,6.65055,90.5651,2
552,-0.00081471,0.00243446,-0.000907684,0.706417,-0.703745,0.0753577,0.00630837,96.6023,6.6245,90.539,2
552.5,-0.000803268,0.00234825,-0.000895458,0.706229,-0.703909,0.0756266,0.00573511,96.5788,6.59894,90.5132,2
553,-0.000791589,0.00226241,-0.000883837,0.706044,-0.704071,0.0758825,0.00517895,96.5556,6.57383,90.4878,2
553.5,-0.00077966,0.00217696,-0.000872853,0.705863,-0.704231,0.0761252,0.00463974,96.5327,6.54916,90.4627,2
554,-0.000767467,0.00209192,-0.000862531,0.705685,-0.704387,0.0763548,0.00411728,96.5101,6.5249,90.4379,2
554.5,-0.000754997,0.00200732,-0.000852891,0.705511,-0.704541,0.0765711,0.00361138,96.4877,6.50103,90.4135,2
555,-0.000742235,0.00192315,-0.000843943,0.70534,-0.704692,0.0767742,0.00312184,96.4657,6.47752,90.3895,2
555.5,-0.000729167,0.00183946,-0.000835688,0.705173,-0.704841,0.0769641,0.00264846,96.4439,6.45435,90.3658,2
556,-0.000715776,0.00175625,-0.000828122,0.70501,-0.704987,0.0771406,0.00219103,96.4223,6.4315,90.3425,2
556.5,-0.000702048,0.00167354,-0.000821228,0.70485,-0.70513,0.0773038,0.00174934,96.4009,6.40894,90.3196,2
557,-0.000687966,0.00159136,-0.000814982,0.704694,-0.70527,0.0774536,0.00132318,96.3797,6.38664,90.2971,2
557.5,-0.000673514,0.00150971,-0.000809351,0.704542,-0.705407,0.0775901,0.000912343,96.3586,6.36459,90.275,2
558,-0.000658674,0.00142861,-0.000804289,0.704394,-0.705542,0.0777131,0.000516612,96.3377,6.34275,90.2533,2
558.5,-0.00064343,0.00134808,-0.000799742,0.70425,-0.705674,0.0778227,0.00013579,96.3168,6.32111,90.232,2
559,-0.000627763,0.00126813,-0.000795643,0.704111,-0.705802,0.0779189,-0.000230323,96.2961,6.29965,90.2112,2
559.5,-0.000611657,0.00118879,-0.000791917,0.703975,-0.705928,0.0780018,-0.000581912,96.2754,6.27835,90.1908,2
560,-0.000595093,0.00111006,-0.000788473,0.703844,-0.706051,0.0780713,-0.000919157,96.2548,6.25719,90.1709,2
560.5,-0.000578052,0.00103195,-0.000785212,0.703717,-0.706171,0.0781276,-0.00124222,96.2343,6.23616,90.1514,2
561,-0.000560517,0.000954478,-0.000782021,0.703594,-0.706288,0.0781707,-0.00155126,96.2138,6.21524,90.1324,2
561.5,-0.000542469,0.000877658,-0.000778774,0.703476,-0.706401,0.0782007,-0.00184639,96.1934,6.19443,90.1139,2
562,-0.000523889,0.0008015,-0.000775333,0.703363,-0.706511,0.0782178,-0.00212774,96.173,6.17372,90.096,2
562.5,-0.000504759,0.000726014,-0.000771547,0.703254,-0.706618,0.0782221,-0.0023954,96.1526,6.15312,90.0785,2
563,-0.00048506,0.000651209,-0.000767252,0.70315,-0.706721,0.0782137,-0.00264943,96.1323,6.13262,90.0616,2
563.5,-0.000464774,0.000577094,-0.000762268,0.703051,-0.706821,0.0781929,-0.00288988,96.1121,6.11223,90.0453,2
564,-0.000443881,0.000503678,-0.000756404,0.702957,-0.706917,0.07816,-0.00311675,96.0919,6.09197,90.0296,2
564.5,-0.000422363,0.000430968,-0.000749454,0.702869,-0.70701,0.0781152,-0.00333002,96.0718,6.07185,90.0145,2
565,-0.000400202,0.000358969,-0.000741199,0.702785,-0.707098,0.0780588,-0.00352963,96.0519,6.0519,90,2
565.5,-0.00037738,0.000287689,-0.000731403,0.702706,-0.707183,0.0779912,-0.00371551,96.0321,6.03215,89.9861,2
566,-0.000353878,0.000217131,-0.00071982,0.702633,-0.707263,0.0779128,-0.0038875,96.0126,6.01263,89.973,2
566.5,-0.000329679,0.0001473,-0.000706185,0.702566,-0.707339,0.077824,-0.00404544,95.9933,5.99339,89.9605,2
567,-0.000304764,7.81994e-05,-0.000690222,0.702504,-0.70741,0.0777253,-0.00418911,95.9743,5.97448,89.9488,2
567.5,-0.000279118,9.83137e-06,-0.000671641,0.702448,-0.707477,0.0776173,-0.00431824,95.9556,5.95596,89.9378,2
568,-0.000252722,-5.78026e-05,-0.000650135,0.702398,-0.707539,0.0775005,-0.00443251,95.9374,5.93789,89.9276,2
568.5,-0.00022556,-0.000124702,-0.000625386,0.702353,-0.707596,0.0773757,-0.00453155,95.9198,5.92035,89.9183,2
569,-0.000197616,-0.000190866,-0.000597061,0.702315,-0.707648,0.0772434,-0.00461494,95.9027,5.90343,89.9098,2
569.5,-0.000168874,-0.000256297,-0.000564812,0.702283,-0.707695,0.0771045,-0.00468219,95.8864,5.88722,89.9022,2
570,-0.000139318,-0.000320996,-0.000528281,0.702257,-0.707735,0.0769597,-0.00473275,95.8709,5.87182,89.8955,2
570.5,-0.000108933,-0.000384967,-0.000487095,0.702238,-0.70777,0.0768101,-0.00476603,95.8563,5.85735,89.8898,2
571,-7.77062e-05,-0.000448213,-0.000440869,0.702226,-0.707799,0.0766564,-0.00478133,95.8428,5.84395,89.8851,2
571.5,-4.5622e-05,-0.000510738,-0.000389207,0.70222,-0.707822,0.0764998,-0.00477793,95.8305,5.83173,89.8814,2
572,-1.26677e-05,-0.00057255,-0.0003317,0.702221,-0.707838,0.0763414,-0.004755,95.8196,5.82086,89.8789,2
572.5,2.11698e-05,-0.000633654,-0.00026793,0.70223,-0.707847,0.0761822,-0.00471168,95.8102,5.81149,89.8774,2
573,5.59024e-05,-0.000694058,-0.00019747,0.702245,-0.707849,0.0760235,-0.00464698,95.8025,5.80381,89.8771,2
573.5,9.15417e-05,-0.000753772,-0.000119882,0.702268,-0.707844,0.0758666,-0.00455989,95.7967,5.79799,89.8781,2
574,0.000128099,-0.000812806,-3.47222e-05,0.702298,-0.707831,0.075713,-0.00444929,95.793,5.79423,89.8803,2
574.5,0.000165583,-0.000871171,5.84615e-05,0.702336,-0.70781,0.075564,-0.00431398,95.7916,5.79276,89.8838,2
575,0.000204005,-0.000928879,0.000160126,0.702382,-0.707781,0.0754212,-0.00415268,95.7927,5.79379,89.8887,2
575.5,0.000243373,-0.000985945,0.000270733,0.702436,-0.707743,0.0752862,-0.00396405,95.7966,5.79757,89.8951,2
576,0.000283694,-0.00104238,0.000390746,0.702498,-0.707696,0.0751607,-0.00374664,95.8035,5.80436,89.9029,2
576.5,0.000324976,-0.00109821,0.00052063,0.702568,-0.70764,0.0750465,-0.00349892,95.8138,5.81443,89.9122,2
577,0.000367225,-0.00115345,0.000660852,0.702646,-0.707574,0.0749454,-0.00321929,95.8276,5.82807,89.9231,2
577.5,0.000410445,-0.00120811,0.000811872,0.702733,-0.707498,0.0748594,-0.00290605,95.8452,5.84557,89.9356,2
578,0.000454643,-0.00126222,0.000974151,0.702829,-0.707411,0.0747904,-0.00255741,95.867,5.86726,89.9499,2
578.5,0.000499819,-0.0013158,0.00114814,0.702934,-0.707314,0.0747406,-0.00217152,95.8934,5.89347,89.9659,2
579,0.000545978,-0.00136887,0.00133428,0.703047,-0.707205,0.0747122,-0.00174642,95.9245,5.92453,89.9837,2
579.5,0.00059312,-0.00142147,0.00153301,0.70317,-0.707085,0.0747072,-0.00128009,95.9608,5.96083,90.0033,2
580,0.000641244,-0.00147362,0.00174474,0.703302,-0.706953,0.0747281,-0.000770398,96.0027,6.00272,90.0249,2
580.5,0.000690351,-0.00152535,0.00196987,0.703443,-0.706807,0.0747773,-0.000215164,96.0504,6.05061,90.0485,2
581,0.000740436,-0.0015767,0.00220878,0.703593,-0.706649,0.074857,0.000387885,96.1044,6.10489,90.0741,2
581.5,0.000791497,-0.00162769,0.00246184,0.703753,-0.706477,0.07497,0.00104109,96.1651,6.16599,90.1019,2
582,0.000843528,-0.00167836,0.00272938,0.703923,-0.706291,0.0751186,0.00174687,96.2329,6.23432,90.1318,2
582.5,0.000896522,-0.00172876,0.00301168,0.704102,-0.70609,0.0753055,0.0025077,96.3082,6.31033,90.1639,2
583,0.00095047,-0.00177893,0.00330903,0.70429,-0.705875,0.0755333,0.00332612,96.3914,6.39447,90.1982,2
583.5,0.00100536,-0.0018289,0.00362165,0.704488,-0.705643,0.0758048,0.00420472,96.4829,6.48719,90.235,2
584,0.00106119,-0.00187873,0.00394971,0.704696,-0.705395,0.0761226,0.00514616,96.5832,6.58896,90.274,2
584.5,0.00111793,-0.00192846,0.00429336,0.704914,-0.70513,0.0764895,0.0061531,96.6927,6.70024,90.3156,2
585,0.00117557,-0.00197815,0.00465268,0.70514,-0.704847,0.0769081,0.00722829,96.8119,6.82152,90.3596,2
585.5,0.0012341,-0.00202784,0.0050277,0.705377,-0.704546,0.0773813,0.00837445,96.9413,6.95325,90.4061,2
586,0.00129349,-0.0020776,0.00541836,0.705622,-0.704227,0.0779118,0.00959435,97.0812,7.09593,90.4552,2
586.5,0.00135371,-0.00212749,0.00582458,0.705876,-0.703887,0.0785023,0.0108907,97.2321,7.25001,90.507,2
587,0.00141475,-0.00217756,0.00624615,0.70614,-0.703527,0.0791554,0.0122664,97.3944,7.41597,90.5614,2
587.5,0.00147657,-0.00222788,0.00668282,0.706411,-0.703146,0.0798738,0.013724,97.5687,7.59426,90.6185,2
588,0.00153913,-0.00227851,0.00713423,0.706691,-0.702743,0.08066,0.0152664,97.7554,7.78534,90.6783,2
588.5,0.00160241,-0.00232952,0.00759993,0.706979,-0.702318,0.0815166,0.016896,97.9548,7.98964,90.7408,2
589,0.00166637,-0.00238098,0.00807935,0.707275,-0.701868,0.0824458,0.0186156,98.1673,8.20758,90.8061,2
589.5,0.00173095,-0.00243297,0.00857184,0.707577,-0.701394,0.08345,0.0204276,98.3935,8.43957,90.8742,2
590,0.00179611,-0.00248555,0.00907661,0.707885,-0.700895,0.0845314,0.0223343,98.6336,8.68598,90.9451,2
590.5,0.0018618,-0.0025388,0.00959274,0.7082,-0.700369,0.0856917,0.0243381,98.888,8.94719,91.0188,2
591,0.00192797,-0.00259279,0.0101192,0.70852,-0.699817,0.0869329,0.0264411,99.1571,9.2235,91.0953,2
591.5,0.00199455,-0.0026476,0.0106548,0.708844,-0.699236,0.0882564,0.0286451,99.4411,9.51523,91.1745,2
592,0.00206147,-0.0027033,0.0111981,0.709172,-0.698625,0.0896637,0.0309519,99.7403,9.82262,91.2565,2
592.5,0.00212867,-0.00275997,0.0117477,0.709503,-0.697985,0.0911558,0.0333631,100.055,10.1459,91.3413,2
593,0.00219607,-0.00281767,0.0123019,0.709836,-0.697313,0.0927336,0.0358798,100.385,10.4852,91.4287,2
593.5,0.00226359,-0.00287648,0.0128587,0.71017,-0.69661,0.0943973,0.0385029,100.731,10.8408,91.5188,2
594,0.00233112,-0.00293647,0.0134162,0.710505,-0.695873,0.0961472,0.0412332,101.093,11.2126,91.6115,2
594.5,0.00239857,-0.0029977,0.013972,0.710838,-0.695102,0.0979831,0.0440708,101.471,11.6006,91.7067,2
595,0.0024658,-0.00306023,0.0145235,0.71117,-0.694296,0.0999041,0.0470156,101.865,12.0049,91.8043,2
595.5,0.00253263,-0.00312411,0.0150681,0.711498,-0.693454,0.101909,0.050067,102.274,12.4252,91.9043,2
596,0.00259879,-0.00318938,0.0156028,0.711823,-0.692575,0.103997,0.053224,102.699,12.8614,92.0066,2
596.5,0.00266386,-0.00325609,0.0161242,0.712142,-0.691659,0.106164,0.0564848,103.139,13.3132,92.111,2
597,0.00272722,-0.00332426,0.0166288,0.712456,-0.690704,0.108409,0.0598472,103.594,13.7802,92.2174,2
597.5,0.00278798,-0.0033939,0.0171128,0.712761,-0.689712,0.110729,0.0633086,104.063,14.2619,92.3256,2
598,0.00284516,-0.00346499,0.0175719,0.713058,-0.688681,0.113117,0.0668653,104.546,14.7576,92.4355,2
598.5,0.00289804,-0.00353749,0.0180017,0.713345,-0.687612,0.115572,0.0705131,105.043,15.2668,92.5468,2
599,0.00294708,-0.00361136,0.0183974,0.71362,-0.686505,0.118085,0.0742471,105.551,15.7884,92.6593,2
599.5,0.00299488,-0.00368651,0.0187536,0.713883,-0.685362,0.120652,0.0780612,106.071,16.3215,92.7726,2
600,0.00304715,-0.0037629,0.0190649,0.714133,-0.684181,0.123264,0.0819485,106.602,16.865,92.8867,3
600.5,0.00310098,-0.0038405,0.0193336,0.714371,-0.682965,0.125914,0.0859009,107.141,17.4177,93.0014,3
601,0.00315487,-0.0039193,0.0195623,0.714597,-0.681711,0.128594,0.0899108,107.688,17.9782,93.1168,3
601.5,0.00320808,-0.00399922,0.0197534,0.714812,-0.680422,0.131297,0.0939709,108.241,18.5455,93.2327,3
602,0.00326024,-0.0040802,0.019909,0.715016,-0.679097,0.134016,0.0980746,108.8,19.1184,93.3489,3
602.5,0.00331118,-0.00416218,0.0200314,0.715208,-0.677739,0.136745,0.102216,109.364,19.696,93.4653,3
603,0.0033608,-0.00424509,0.0201226,0.71539,-0.676346,0.139478,0.106388,109.931,20.2774,93.5819,3
603.5,0.00340908,-0.00432886,0.0201845,0.715562,-0.674922,0.142208,0.110586,110.501,20.8616,93.6983,3
604,0.00345601,-0.00441342,0.0202191,0.715723,-0.673465,0.144932,0.114804,111.073,21.4477,93.8147,3
604.5,0.00350161,-0.00449869,0.0202282,0.715875,-0.671978,0.147644,0.119038,111.645,22.0351,93.9307,3
605,0.00354588,-0.00458462,0.0202134,0.716017,-0.670462,0.150339,0.123283,112.218,22.623,94.0464,3
605.5,0.00358884,-0.00467114,0.0201765,0.716151,-0.668917,0.153013,0.127535,112.791,23.2107,94.1616,3
606,0.00363052,-0.00475819,0.0201189,0.716276,-0.667344,0.155663,0.131789,113.363,23.7976,94.2763,3
606.5,0.00367093,-0.0048457,0.0200422,0.716395,-0.665745,0.158285,0.136043,113.934,24.3831,94.3903,3
607,0.0037101,-0.00493362,0.0199478,0.716506,-0.664121,0.160876,0.140292,114.502,24.9666,94.5037,3
607.5,0.00374804,-0.00502188,0.0198371,0.716611,-0.662472,0.163432,0.144533,115.068,25.5477,94.6163,3
608,0.00378478,-0.00511044,0.0197113,0.71671,-0.6608,0.165951,0.148763,115.63,26.1258,94.7281,3
608.5,0.00382034,-0.00519923,0.0195716,0.716805,-0.659105,0.16843,0.15298,116.189,26.7007,94.839,3
609,0.00385474,-0.00528821,0.0194192,0.716895,-0.657388,0.170867,0.157181,116.745,27.2717,94.949,3
609.5,0.00388799,-0.00537732,0.0192553,0.716982,-0.655652,0.17326,0.161364,117.296,27.8387,95.0581,3
610,0.00392013,-0.00546653,0.0190808,0.717066,-0.653895,0.175607,0.165526,117.843,28.4013,95.1661,3
610.5,0.00395118,-0.00555578,0.0188967,0.717148,-0.65212,0.177906,0.169666,118.384,28.9592,95.2732,3
611,0.00398114,-0.00564502,0.018704,0.717229,-0.650328,0.180156,0.173782,118.921,29.512,95.3792,3
611.5,0.00401005,-0.00573423,0.0185036,0.717309,-0.648518,0.182356,0.177872,119.452,30.0597,95.4842,3
612,0.00403792,-0.00582335,0.0182963,0.717389,-0.646692,0.184503,0.181935,119.978,30.6019,95.5882,3
612.5,0.00406477,-0.00591236,0.0180829,0.71747,-0.644852,0.186598,0.185969,120.498,31.1385,95.691,3
613,0.00409062,-0.00600121,0.0178641,0.717552,-0.642997,0.18864,0.189974,121.012,31.6692,95.7928,3
613.5,0.00411548,-0.00608987,0.0176408,0.717635,-0.641128,0.190627,0.193948,121.52,32.194,95.8934,3
614,0.00413939,-0.00617831,0.0174134,0.717722,-0.639246,0.192559,0.197891,122.022,32.7127,95.993,3
614.5,0.00416235,-0.00626649,0.0171828,0.717811,-0.637352,0.194436,0.201801,122.518,33.2253,96.0915,3
615,0.00418438,-0.0063544,0.0169494,0.717904,-0.635447,0.196257,0.205678,123.007,33.7315,96.1889,3
615.5,0.0042055,-0.00644199,0.0167139,0.718001,-0.633531,0.198022,0.209522,123.489,34.2314,96.2852,3
616,0.00422572,-0.00652925,0.0164767,0.718103,-0.631605,0.199731,0.213332,123.965,34.7249,96.3805,3
616.5,0.00424507,-0.00661616,0.0162384,0.71821,-0.629668,0.201384,0.217108,124.435,35.212,96.4747,3
617,0.00426355,-0.00670268,0.0159994,0.718323,-0.627723,0.202981,0.220849,124.898,35.6925,96.5678,3
617.5,0.00428119,-0.00678879,0.0157602,0.718442,-0.625769,0.204521,0.224556,125.354,36.1666,96.6599,3
618,0.00429799,-0.00687448,0.0155212,0.718567,-0.623807,0.206006,0.228227,125.804,36.6341,96.7509,3
618.5,0.00431397,-0.00695973,0.0152827,0.718699,-0.621838,0.207435,0.231864,126.247,37.0952,96.841,3
619,0.00432915,-0.00704451,0.0150452,0.718838,-0.619861,0.208808,0.235466,126.683,37.5498,96.93,3
619.5,0.00434353,-0.00712881,0.0148089,0.718984,-0.617877,0.210127,0.239033,127.113,37.9979,97.0181,3
620,0.00435714,-0.00721262,0.0145742,0.719138,-0.615887,0.21139,0.242566,127.536,38.4397,97.1052,3
620.5,0.00436997,-0.00729592,0.0143415,0.7193,-0.61389,0.2126,0.246064,127.953,38.8751,97.1913,3
621,0.00438206,-0.00737869,0.0141108,0.71947,-0.611888,0.213756,0.249528,128.363,39.3042,97.2765,3
621.5,0.0043934,-0.00746092,0.0138826,0.719648,-0.60988,0.214859,0.252959,128.767,39.7271,97.3607,3
622,0.004404,-0.0075426,0.013657,0.719835,-0.607867,0.215909,0.256356,129.165,40.1438,97.444,3
622.5,0.00441389,-0.00762372,0.0134342,0.72003,-0.605849,0.216908,0.25972,129.557,40.5544,97.5265,3
623,0.00442306,-0.00770427,0.0132146,0.720234,-0.603826,0.217855,0.263051,129.942,40.9591,97.608,3
623.5,0.00443154,-0.00778423,0.0129982,0.720446,-0.601799,0.218752,0.266351,130.321,41.3578,97.6887,3
624,0.00443932,-0.0078636,0.0127852,0.720668,-0.599767,0.219599,0.269619,130.695,41.7507,97.7685,3
624.5,0.00444642,-0.00794236,0.0125757,0.720898,-0.59773,0.220397,0.272855,131.062,42.1379,97.8475,3
625,0.00445285,-0.00802052,0.01237,0.721137,-0.59569,0.221146,0.276062,131.424,42.5195,97.9256,3
625.5,0.00445861,-0.00809805,0.0121682,0.721384,-0.593645,0.221848,0.279238,131.78,42.8955,98.0029,3
626,0.00446372,-0.00817496,0.0119704,0.72164,-0.591597,0.222503,0.282385,132.131,43.2662,98.0793,3
626.5,0.00446818,-0.00825124,0.0117766,0.721905,-0.589544,0.223112,0.285503,132.476,43.6316,98.155,3
627,0.004472,-0.00832687,0.011587,0.722178,-0.587488,0.223676,0.288593,132.816,43.9918,98.2298,3
627.5,0.00447518,-0.00840186,0.0114017,0.722459,-0.585428,0.224196,0.291656,133.151,44.347,98.3038,3
628,0.00447774,-0.00847619,0.0112207,0.722749,-0.583364,0.224671,0.294692,133.48,44.6973,98.377,3
628.5,0.00447969,-0.00854987,0.0110442,0.723046,-0.581296,0.225105,0.297702,133.805,45.0427,98.4494,3
629,0.00448102,-0.00862288,0.0108721,0.723352,-0.579224,0.225496,0.300687,134.125,45.3835,98.521,3
629.5,0.00448174,-0.00869523,0.0107046,0.723665,-0.577149,0.225846,0.303647,134.441,45.7197,98.5918,3
630,0.00448186,-0.0087669,0.0105416,0.723985,-0.57507,0.226157,0.306583,134.752,46.0514,98.6618,3
630.5,0.00448139,-0.0088379,0.0103833,0.724312,-0.572987,0.226427,0.309496,135.058,46.3789,98.731,3
631,0.00448034,-0.00890821,0.0102296,0.724646,-0.5709,0.22666,0.312387,135.36,46.7022,98.7993,3
631.5,0.0044787,-0.00897784,0.0100807,0.724987,-0.56881,0.226854,0.315256,135.658,47.0214,98.8668,3
632,0.00447649,-0.00904678,0.00993638,0.725334,-0.566715,0.227012,0.318103,135.953,47.3367,98.9335,3
632.5,0.0044737,-0.00911503,0.00979681,0.725687,-0.564617,0.227134,0.320931,136.243,47.6482,98.9993,3
633,0.00447036,-0.00918258,0.00966198,0.726046,-0.562514,0.227221,0.323739,136.529,47.956,99.0643,3
633.5,0.00446645,-0.00924944,0.00953187,0.726409,-0.560407,0.227273,0.326528,136.812,48.2603,99.1284,3
634,0.00446198,-0.00931559,0.0094065,0.726778,-0.558296,0.227292,0.329299,137.092,48.5612,99.1916,3
634.5,0.00445697,-0.00938104,0.00928587,0.727151,-0.55618,0.227278,0.332053,137.368,48.8588,99.2539,3
635,0.00445141,-0.00944578,0.00916995,0.727529,-0.55406,0.227233,0.33479,137.641,49.1532,99.3152,3
635.5,0.00444531,-0.00950981,0.00905876,0.72791,-0.551936,0.227156,0.337511,137.911,49.4445,99.3756,3
636,0.00443868,-0.00957312,0.00895226,0.728295,-0.549807,0.227049,0.340217,138.178,49.733,99.435,3
636.5,0.00443152,-0.00963572,0.00885044,0.728683,-0.547673,0.226913,0.342909,138.443,50.0187,99.4935,3
637,0.00442383,-0.00969761,0.00875329,0.729073,-0.545534,0.226748,0.345587,138.704,50.3016,99.5509,3
637.5,0.00441562,-0.00975877,0.00866078,0.729465,-0.543391,0.226555,0.348253,138.964,50.5821,99.6073,3
638,0.00440689,-0.00981921,0.00857289,0.72986,-0.541242,0.226335,0.350906,139.22,50.8601,99.6625,3
638.5,0.00439765,-0.00987893,0.00848959,0.730255,-0.539088,0.226089,0.353547,139.475,51.1357,99.7167,3
639,0.00438791,-0.00993792,0.00841085,0.730651,-0.536929,0.225817,0.356178,139.727,51.4092,99.7697,3
639.5,0.00437766,-0.00999619,0.00833664,0.731048,-0.534765,0.22552,0.358798,139.978,51.6806,99.8216,3
640,0.00436691,-0.0100537,0.00826692,0.731445,-0.532595,0.225199,0.361409,140.227,51.9499,99.8723,3
640.5,0.00435567,-0.0101105,0.00820167,0.731841,-0.530419,0.224854,0.364012,140.474,52.2175,99.9217,3
641,0.00434394,-0.0101666,0.00814084,0.732236,-0.528238,0.224487,0.366606,140.719,52.4832,99.9698,3
641.5,0.00433172,-0.0102219,0.00808439,0.73263,-0.526051,0.224098,0.369193,140.963,52.7473,100.017,3
642,0.00431903,-0.0102765,0.0080323,0.733022,-0.523858,0.223687,0.371773,141.205,53.0099,100.062,3
642.5,0.00430586,-0.0103304,0.00798451,0.733411,-0.521659,0.223256,0.374347,141.447,53.2709,100.106,3
643,0.00429222,-0.0103835,0.00794099,0.733798,-0.519454,0.222805,0.376916,141.687,53.5307,100.149,3
643.5,0.00427811,-0.0104359,0.00790169,0.734181,-0.517243,0.222334,0.37948,141.926,53.7892,100.19,3
644,0.00426354,-0.0104876,0.00786657,0.73456,-0.515026,0.221845,0.382039,142.164,54.0465,100.229,3
644.5,0.00424851,-0.0105384,0.00783558,0.734935,-0.512802,0.221338,0.384596,142.402,54.3028,100.267,3
645,0.00423303,-0.0105886,0.00780868,0.735305,-0.510571,0.220814,0.387149,142.639,54.5582,100.304,3
645.5,0.00421711,-0.010638,0.00778583,0.73567,-0.508334,0.220272,0.3897,142.875,54.8126,100.338,3
646,0.00420074,-0.0106867,0.00776697,0.736029,-0.50609,0.219715,0.392249,143.111,55.0663,100.371,3
646.5,0.00418393,-0.0107346,0.00775206,0.736381,-0.50384,0.219142,0.394797,143.347,55.3192,100.402,3
647,0.00416669,-0.0107818,0.00774104,0.736727,-0.501582,0.218553,0.397345,143.583,55.5716,100.432,3
647.5,0.00414902,-0.0108282,0.00773387,0.737065,-0.499318,0.217951,0.399893,143.818,55.8234,100.459,3
648,0.00413092,-0.0108739,0.0077305,0.737395,-0.497046,0.217335,0.402441,144.054,56.0747,100.485,3
648.5,0.00411241,-0.0109188,0.00773088,0.737717,-0.494768,0.216705,0.40499,144.289,56.3257,100.508,3
649,0.00409349,-0.0109629,0.00773495,0.73803,-0.492482,0.216062,0.407541,144.525,56.5764,100.53,3
649.5,0.00407415,-0.0110064,0.00774266,0.738334,-0.490189,0.215408,0.410095,144.761,56.8269,100.549,3
650,0.00405441,-0.011049,0.00775395,0.738627,-0.487889,0.214741,0.412651,144.998,57.0771,100.566,3
650.5,0.00403427,-0.0110909,0.00776879,0.73891,-0.485581,0.214064,0.41521,145.235,57.3273,100.581,3
651,0.00401374,-0.0111321,0.0077871,0.739183,-0.483266,0.213376,0.417773,145.473,57.5775,100.594,3
651.5,0.00399282,-0.0111725,0.00780883,0.739444,-0.480943,0.212677,0.42034,145.711,57.8277,100.604,3
652,0.00397152,-0.0112121,0.00783394,0.739692,-0.478612,0.211969,0.422912,145.95,58.0781,100.612,3
652.5,0.00394983,-0.011251,0.00786235,0.739929,-0.476274,0.211251,0.425489,146.19,58.3285,100.617,3
653,0.00392778,-0.0112892,0.00789401,0.740152,-0.473929,0.210525,0.428072,146.431,58.5792,100.62,3
653.5,0.00390535,-0.0113265,0.00792887,0.740362,-0.471575,0.209791,0.430661,146.674,58.8302,100.62,3
654,0.00388256,-0.0113632,0.00796686,0.740558,-0.469214,0.209048,0.433256,146.917,59.0815,100.618,3
654.5,0.00385942,-0.011399,0.00800792,0.74074,-0.466845,0.208298,0.435858,147.161,59.3332,100.613,3
655,0.00383592,-0.0114341,0.00805199,0.740906,-0.464468,0.207541,0.438468,147.407,59.5853,100.605,3
655.5,0.00381207,-0.0114685,0.00809901,0.741058,-0.462083,0.206777,0.441085,147.654,59.8379,100.594,3
656,0.00378789,-0.0115021,0.00814892,0.741193,-0.459691,0.206007,0.44371,147.903,60.091,100.58,3
656.5,0.00376336,-0.0115349,0.00820165,0.741312,-0.45729,0.205231,0.446344,148.153,60.3446,100.564,3
657,0.00373851,-0.011567,0.00825713,0.741414,-0.454882,0.204449,0.448986,148.405,60.5988,100.544,3
657.5,0.00371333,-0.0115983,0.00831531,0.741498,-0.452466,0.203663,0.451638,148.658,60.8537,100.521,3
658,0.00368782,-0.0116289,0.00837611,0.741565,-0.450041,0.202871,0.454299,148.913,61.1093,100.495,3
658.5,0.00366201,-0.0116587,0.00843946,0.741613,-0.447609,0.202075,0.45697,149.17,61.3655,100.466,3
659,0.00363588,-0.0116877,0.0085053,0.741643,-0.445169,0.201275,0.459652,149.429,61.6225,100.433,3
659.5,0.00360945,-0.011716,0.00857355,0.741653,-0.44272,0.200471,0.462343,149.689,61.8802,100.397,3
660,0.00358272,-0.0117436,0.00864415,0.741643,-0.440264,0.199663,0.465045,149.952,62.1387,100.358,3
660.5,0.0035557,-0.0117703,0.00871701,0.741614,-0.4378,0.198852,0.467759,150.216,62.398,100.315,3
661,0.00352838,-0.0117964,0.00879208,0.741563,-0.435328,0.198039,0.470483,150.483,62.6581,100.269,3
661.5,0.00350079,-0.0118216,0.00886927,0.741492,-0.432848,0.197222,0.473219,150.752,62.9191,100.219,3
662,0.00347292,-0.0118461,0.00894851,0.741399,-0.43036,0.196403,0.475966,151.022,63.1809,100.166,3
662.5,0.00344478,-0.0118699,0.00902972,0.741284,-0.427864,0.195582,0.478725,151.295,63.4437,100.108,3
663,0.00341637,-0.0118929,0.00911282,0.741147,-0.425361,0.194759,0.481496,151.571,63.7073,100.047,3
663.5,0.0033877,-0.0119151,0.00919774,0.740987,-0.422849,0.193934,0.484279,151.848,63.9717,99.9823,3
664,0.00335878,-0.0119366,0.00928439,0.740804,-0.42033,0.193108,0.487075,152.128,64.2371,99.9135,3
664.5,0.00332961,-0.0119573,0.0093727,0.740597,-0.417803,0.192281,0.489883,152.41,64.5034,99.8408,3
665,0.00330019,-0.0119773,0.00946258,0.740366,-0.415268,0.191452,0.492704,152.694,64.7706,99.764,3
665.5,0.00327054,-0.0119965,0.00955395,0.74011,-0.412726,0.190623,0.495537,152.981,65.0388,99.6832,3
666,0.00324065,-0.0120149,0.00964673,0.73983,-0.410176,0.189793,0.498383,153.27,65.3078,99.5983,3
666.5,0.00321054,-0.0120326,0.00974083,0.739525,-0.407619,0.188962,0.501241,153.561,65.5777,99.5093,3
667,0.00318021,-0.0120495,0.00983616,0.739194,-0.405054,0.188131,0.504113,153.855,65.8486,99.4161,3
667.5,0.00314967,-0.0120657,0.00993264,0.738838,-0.402482,0.187299,0.506997,154.151,66.1203,99.3186,3
668,0.00311891,-0.0120811,0.0100302,0.738455,-0.399903,0.186468,0.509894,154.45,66.3929,99.2168,3
668.5,0.00308795,-0.0120958,0.0101287,0.738045,-0.397316,0.185636,0.512804,154.75,66.6664,99.1107,3
669,0.0030568,-0.0121097,0.0102281,0.737609,-0.394723,0.184805,0.515727,155.054,66.9407,99.0003,3
669.5,0.00302545,-0.0121228,0.0103283,0.737145,-0.392122,0.183974,0.518663,155.359,67.2158,98.8854,3
670,0.00299392,-0.0121352,0.0104292,0.736654,-0.389514,0.183143,0.521611,155.667,67.4918,98.7661,3
670.5,0.0029622,-0.0121468,0.0105307,0.736135,-0.3869,0.182313,0.524572,155.977,67.7686,98.6423,3
671,0.00293032,-0.0121577,0.0106328,0.735588,-0.384278,0.181483,0.527545,156.29,68.0461,98.514,3
671.5,0.00289827,-0.0121678,0.0107352,0.735013,-0.381651,0.180654,0.530531,156.605,68.3244,98.3812,3
672,0.00286605,-0.0121772,0.0108381,0.734409,-0.379016,0.179825,0.53353,156.922,68.6034,98.2438,3
672.5,0.00283368,-0.0121858,0.0109411,0.733776,-0.376375,0.178997,0.53654,157.241,68.8831,98.1019,3
673,0.00280116,-0.0121936,0.0110443,0.733114,-0.373728,0.178169,0.539562,157.562,69.1634,97.9553,3
673.5,0.0027685,-0.0122007,0.0111476,0.732423,-0.371075,0.177343,0.542596,157.886,69.4444,97.8041,3
674,0.0027357,-0.012207,0.0112509,0.731702,-0.368415,0.176517,0.545642,158.211,69.726,97.6483,3
674.5,0.00270277,-0.0122126,0.011354,0.730951,-0.36575,0.175692,0.548698,158.538,70.0081,97.4878,3
675,0.00266972,-0.0122174,0.0114569,0.730171,-0.363079,0.174867,0.551766,158.867,70.2908,97.3226,3
675.5,0.00263655,-0.0122214,0.0115595,0.72936,-0.360402,0.174044,0.554845,159.198,70.5739,97.1528,3
676,0.00260327,-0.0122247,0.0116616,0.72852,-0.35772,0.173221,0.557934,159.531,70.8574,96.9782,3
676.5,0.00256988,-0.0122273,0.0117633,0.727648,-0.355032,0.172399,0.561033,159.865,71.1414,96.799,3
677,0.0025364,-0.012229,0.0118644,0.726747,-0.35234,0.171578,0.564142,160.201,71.4257,96.6152,3
677.5,0.00250282,-0.01223,0.0119648,0.725815,-0.349642,0.170757,0.567261,160.538,71.7102,96.4266,3
678,0.00246916,-0.0122303,0.0120645,0.724852,-0.346939,0.169937,0.570389,160.876,71.9951,96.2334,3
678.5,0.00243542,-0.0122297,0.0121632,0.723859,-0.344232,0.169118,0.573526,161.215,72.2801,96.0355,3
679,0.0024016,-0.0122285,0.0122611,0.722835,-0.34152,0.168299,0.576671,161.555,72.5653,95.833,3
679.5,0.00236773,-0.0122264,0.0123578,0.72178,-0.338804,0.167481,0.579824,161.897,72.8505,95.6258,3
680,0.00233379,-0.0122236,0.0124535,0.720694,-0.336084,0.166663,0.582985,162.238,73.1358,95.414,3
680.5,0.0022998,-0.0122201,0.0125479,0.719577,-0.33336,0.165845,0.586153,162.58,73.4211,95.1977,3
681,0.00226577,-0.0122157,0.012641,0.71843,-0.330632,0.165028,0.589327,162.922,73.7063,94.9767,3
681.5,0.0022317,-0.0122106,0.0127327,0.717252,-0.327901,0.164211,0.592508,163.265,73.9914,94.7513,3
682,0.0021976,-0.0122048,0.0128229,0.716043,-0.325166,0.163394,0.595695,163.607,74.2763,94.5213,3
682.5,0.00216347,-0.0121982,0.0129116,0.714803,-0.322428,0.162578,0.598887,163.948,74.5609,94.2869,3
683,0.00212933,-0.0121908,0.0129986,0.713533,-0.319687,0.161761,0.602083,164.289,74.8452,94.048,3
683.5,0.00209517,-0.0121826,0.0130839,0.712232,-0.316943,0.160944,0.605284,164.628,75.1292,93.8047,3
684,0.00206102,-0.0121737,0.0131674,0.710902,-0.314197,0.160127,0.608489,164.966,75.4127,93.5571,3
684.5,0.00202687,-0.012164,0.013249,0.709541,-0.311449,0.159309,0.611696,165.303,75.6956,93.3052,3
685,0.00199272,-0.0121536,0.0133286,0.708149,-0.308698,0.158492,0.614907,165.637,75.9781,93.049,3
685.5,0.0019586,-0.0121424,0.0134062,0.706729,-0.305946,0.157673,0.618119,165.969,76.2598,92.7887,3
686,0.0019245,-0.0121305,0.0134817,0.705278,-0.303192,0.156854,0.621333,166.297,76.5409,92.5242,3
686.5,0.00189044,-0.0121177,0.013555,0.703798,-0.300436,0.156035,0.624547,166.623,76.8212,92.2556,3
687,0.00185641,-0.0121042,0.0136261,0.702289,-0.29768,0.155214,0.627762,166.944,77.1007,91.983,3
687.5,0.00182243,-0.01209,0.0136948,0.700751,-0.294922,0.154393,0.630977,167.261,77.3792,91.7064,3
688,0.0017885,-0.012075,0.0137612,0.699184,-0.292164,0.153571,0.63419,167.572,77.6568,91.426,3
688.5,0.00175464,-0.0120592,0.0138251,0.697589,-0.289406,0.152747,0.637402,167.878,77.9333,91.1417,3
689,0.00172084,-0.0120427,0.0138865,0.695967,-0.286647,0.151922,0.640612,168.177,78.2087,90.8537,3
689.5,0.00168712,-0.0120254,0.0139454,0.694316,-0.283889,0.151096,0.643819,168.469,78.4829,90.562,3
690,0.00165348,-0.0120074,0.0140016,0.692638,-0.28113,0.150268,0.647022,168.753,78.7559,90.2667,3
690.5,0.00161992,-0.0119885,0.0140552,0.690933,-0.278373,0.149439,0.650222,169.027,79.0275,89.9679,3
691,0.00158647,-0.011969,0.0141061,0.689201,-0.275616,0.148608,0.653416,169.292,79.2978,89.6657,3
691.5,0.00155311,-0.0119487,0.0141541,0.687444,-0.272861,0.147775,0.656605,169.547,79.5666,89.3601,3
692,0.00151987,-0.0119276,0.0141994,0.68566,-0.270107,0.146941,0.659789,169.789,79.8339,89.0513,3
692.5,0.00148674,-0.0119058,0.0142418,0.683851,-0.267354,0.146104,0.662965,170.018,80.0995,88.7393,3
693,0.00145374,-0.0118832,0.0142812,0.682018,-0.264604,0.145265,0.666134,170.233,80.3635,88.4242,3
693.5,0.00142087,-0.0118599,0.0143178,0.68016,-0.261855,0.144424,0.669295,170.433,80.6258,88.1061,3
694,0.00138813,-0.0118358,0.0143514,0.678278,-0.259109,0.143581,0.672447,170.617,80.8863,87.7852,3
694.5,0.00135554,-0.011811,0.0143819,0.676373,-0.256366,0.142736,0.675591,170.783,81.1449,87.4614,3
695,0.00132309,-0.0117854,0.0144094,0.674445,-0.253626,0.141888,0.678724,170.93,81.4015,87.1349,3
695.5,0.00129081,-0.0117591,0.0144339,0.672494,-0.25089,0.141037,0.681846,171.058,81.6562,86.8058,3
696,0.00125869,-0.011732,0.0144552,0.670522,-0.248157,0.140184,0.684957,171.165,81.9088,86.4743,3
696.5,0.00122673,-0.0117043,0.0144734,0.668529,-0.245427,0.139328,0.688057,171.25,82.1593,86.1403,3
697,0.00119495,-0.0116757,0.0144885,0.666515,-0.242702,0.13847,0.691144,171.313,82.4076,85.804,3
697.5,0.00116336,-0.0116465,0.0145005,0.664481,-0.239982,0.137608,0.694217,171.354,82.6537,85.4656,3
698,0.00113195,-0.0116165,0.0145092,0.662428,-0.237266,0.136744,0.697277,171.371,82.8974,85.1251,3
698.5,0.00110073,-0.0115858,0.0145148,0.660356,-0.234555,0.135877,0.700323,171.365,83.1388,84.7825,3
699,0.00106971,-0.0115543,0.0145172,0.658265,-0.231849,0.135006,0.703354,171.336,83.3778,84.4381,3
699.5,0.0010389,-0.0115221,0.0145165,0.656157,-0.229149,0.134133,0.706369,171.284,83.6143,84.092,3
700,0.0010083,-0.0114893,0.0145125,0.654033,-0.226454,0.133257,0.709367,171.209,83.8483,83.7442,3
700.5,0.000977911,-0.0114556,0.0145053,0.651892,-0.223766,0.132377,0.71235,171.112,84.0797,83.3949,3
701,0.000947745,-0.0114213,0.014495,0.649736,-0.221084,0.131494,0.715314,170.994,84.3084,83.0441,3
701.5,0.000917805,-0.0113863,0.0144814,0.647564,-0.218409,0.130608,0.718261,170.856,84.5345,82.692,3
702,0.000888095,-0.0113506,0.0144647,0.645379,-0.215741,0.129719,0.72119,170.699,84.7579,82.3387,3
702.5,0.00085862,-0.0113141,0.0144448,0.64318,-0.213079,0.128827,0.724099,170.524,84.9784,81.9842,3
703,0.000829385,-0.011277,0.0144218,0.640969,-0.210426,0.127931,0.726989,170.331,85.1962,81.6288,3
703.5,0.000800395,-0.0112391,0.0143956,0.638745,-0.20778,0.127032,0.729859,170.123,85.4111,81.2725,3
704,0.000771653,-0.0112006,0.0143663,0.636511,-0.205142,0.12613,0.732709,169.9,85.6231,80.9155,3
704.5,0.000743163,-0.0111614,0.014334,0.634265,-0.202512,0.125224,0.735537,169.663,85.8321,80.5578,3
705,0.00071493,-0.0111215,0.0142985,0.63201,-0.199891,0.124315,0.738345,169.414,86.0382,80.1995,3
705.5,0.000686956,-0.0110809,0.01426,0.629745,-0.197279,0.123403,0.74113,169.154,86.2413,79.8408,3
706,0.000659246,-0.0110396,0.0142185,0.627473,-0.194676,0.122488,0.743892,168.883,86.4413,79.4817,3
706.5,0.000631803,-0.0109977,0.014174,0.625192,-0.192082,0.12157,0.746632,168.603,86.6382,79.1224,3
707,0.00060463,-0.0109551,0.0141266,0.622905,-0.189498,0.120648,0.749349,168.314,86.8321,78.763,3
707.5,0.00057773,-0.0109118,0.0140763,0.620611,-0.186924,0.119724,0.752042,168.017,87.0228,78.4036,3
708,0.000551104,-0.0108679,0.0140231,0.618312,-0.184359,0.118796,0.754711,167.714,87.2103,78.0443,3
708.5,0.000524757,-0.0108233,0.013967,0.616008,-0.181805,0.117865,0.757356,167.404,87.3947,77.6852,3
709,0.00049869,-0.0107781,0.0139082,0.613701,-0.179262,0.116931,0.759976,167.089,87.5759,77.3264,3
709.5,0.000472905,-0.0107322,0.0138466,0.61139,-0.176729,0.115995,0.762571,166.769,87.7538,76.968,3
710,0.000447404,-0.0106857,0.0137823,0.609076,-0.174208,0.115055,0.765141,166.445,87.9286,76.6101,3
710.5,0.000422189,-0.0106386,0.0137153,0.606761,-0.171698,0.114113,0.767684,166.117,88.1001,76.2528,3
711,0.000397261,-0.0105908,0.0136458,0.604445,-0.169199,0.113168,0.770202,165.786,88.2683,75.8962,3
711.5,0.000372621,-0.0105424,0.0135737,0.602128,-0.166712,0.11222,0.772694,165.452,88.4333,75.5404,3
712,0.000348271,-0.0104933,0.0134991,0.599812,-0.164237,0.11127,0.775159,165.116,88.595,75.1855,3
712.5,0.00032421,-0.0104437,0.0134221,0.597496,-0.161774,0.110317,0.777597,164.778,88.7534,74.8316,3
713,0.00030044,-0.0103934,0.0133427,0.595183,-0.159324,0.109362,0.780008,164.439,88.9086,74.4788,3
713.5,0.000276962,-0.0103426,0.0132609,0.592872,-0.156886,0.108404,0.782393,164.098,89.0604,74.1272,3
714,0.000253774,-0.0102911,0.0131769,0.590564,-0.154462,0.107445,0.784749,163.756,89.209,73.7768,3
714.5,0.000230877,-0.0102391,0.0130907,0.58826,-0.15205,0.106483,0.787078,163.415,89.3543,73.4278,3
715,0.000208271,-0.0101864,0.0130023,0.58596,-0.149651,0.105519,0.78938,163.072,89.4964,73.0802,3
715.5,0.000185955,-0.0101332,0.0129119,0.583666,-0.147266,0.104554,0.791653,162.73,89.6351,72.7342,3
716,0.000163928,-0.0100794,0.0128194,0.581377,-0.144895,0.103586,0.793899,162.388,89.7706,72.3897,3
716.5,0.00014219,-0.010025,0.012725,0.579095,-0.142538,0.102617,0.796116,162.047,89.9029,72.047,3
717,0.000120739,-0.00997003,0.0126287,0.57682,-0.140194,0.101647,0.798306,161.706,90.0319,71.706,3
717.5,9.95747e-05,-0.00991451,0.0125305,0.574553,-0.137865,0.100675,0.800467,161.366,90.1577,71.3668,3
718,7.86943e-05,-0.00985842,0.0124306,0.572293,-0.13555,0.0997021,0.802599,161.027,90.2803,71.0296,3
718.5,5.80965e-05,-0.00980179,0.0123291,0.570043,-0.13325,0.0987279,0.804704,160.69,90.3998,70.6944,3
719,3.77795e-05,-0.0097446,0.0122258,0.567802,-0.130964,0.0977526,0.80678,160.354,90.516,70.3612,3
719.5,1.77409e-05,-0.00968687,0.0121211,0.565571,-0.128694,0.0967766,0.808827,160.019,90.6291,70.0301,3
720,-2.02143e-06,-0.0096286,0.0120148,0.563351,-0.126438,0.0957997,0.810846,159.687,90.7391,69.7012,3
720.5,-2.15101e-05,-0.00956979,0.0119072,0.561142,-0.124198,0.0948224,0.812836,159.356,90.846,69.3746,3
721,-4.07279e-05,-0.00951046,0.0117982,0.558944,-0.121973,0.0938445,0.814799,159.027,90.9498,69.0503,3
721.5,-5.96777e-05,-0.0094506,0.0116879,0.556759,-0.119764,0.0928664,0.816732,158.7,91.0505,68.7283,3
722,-7.83625e-05,-0.00939023,0.0115764,0.554586,-0.117571,0.091888,0.818638,158.375,91.1483,68.4088,3
722.5,-9.67856e-05,-0.00932933,0.0114638,0.552427,-0.115393,0.0909097,0.820515,158.053,91.243,68.0918,3
723,-0.00011495,-0.00926793,0.0113501,0.550281,-0.113231,0.0899315,0.822364,157.733,91.3348,67.7773,3
723.5,-0.00013286,-0.00920603,0.0112353,0.548149,-0.111086,0.0889536,0.824185,157.416,91.4237,67.4654,3
724,-0.00015052,-0.00914363,0.0111197,0.546031,-0.108956,0.0879761,0.825977,157.101,91.5097,67.1562,3
724.5,-0.000167932,-0.00908073,0.0110032,0.543928,-0.106844,0.0869991,0.827742,156.788,91.5928,66.8496,3
725,-0.000185101,-0.00901734,0.0108859,0.541841,-0.104747,0.0860229,0.82948,156.479,91.673,66.5457,3
725.5,-0.000202031,-0.00895347,0.0107679,0.539769,-0.102668,0.0850476,0.831189,156.172,91.7505,66.2447,3
726,-0.000218726,-0.00888911,0.0106492,0.537714,-0.100605,0.0840733,0.832871,155.868,91.8252,65.9464,3
726.5,-0.000235192,-0.00882429,0.0105299,0.535674,-0.0985591,0.0831001,0.834526,155.567,91.8973,65.6509,3
727,-0.000251432,-0.00875899,0.01041,0.533652,-0.0965302,0.0821283,0.836153,155.269,91.9666,65.3584,3
727.5,-0.000267451,-0.00869322,0.0102897,0.531647,-0.0945185,0.0811579,0.837754,154.975,92.0333,65.0687,3
728,-0.000283254,-0.008627,0.010169,0.529659,-0.092524,0.0801892,0.839328,154.683,92.0974,64.782,3
728.5,-0.000298846,-0.00856032,0.0100479,0.527688,-0.090547,0.0792222,0.840875,154.394,92.1589,64.4983,3
729,-0.000314232,-0.00849318,0.00992659,0.525736,-0.0885874,0.0782571,0.842395,154.108,92.2179,64.2176,3
729.5,-0.000329418,-0.0084256,0.00980502,0.523802,-0.0866453,0.077294,0.84389,153.826,92.2744,63.9398,3
730,-0.000344407,-0.00835757,0.00968329,0.521886,-0.084721,0.0763332,0.845358,153.546,92.3285,63.6652,3
730.5,-0.000359206,-0.00828911,0.00956146,0.519989,-0.0828144,0.0753747,0.846801,153.27,92.3801,63.3935,3
731,-0.000373821,-0.00822021,0.00943958,0.518111,-0.0809258,0.0744187,0.848218,152.998,92.4295,63.125,3
731.5,-0.000388255,-0.00815089,0.0093177,0.516252,-0.079055,0.0734653,0.84961,152.728,92.4765,62.8596,3
732,-0.000402516,-0.00808114,0.00919589,0.514413,-0.0772024,0.0725146,0.850976,152.462,92.5212,62.5973,3
732.5,-0.000416609,-0.00801096,0.0090742,0.512593,-0.0753679,0.0715669,0.852318,152.199,92.5637,62.3381,3
733,-0.000430539,-0.00794037,0.00895267,0.510792,-0.0735516,0.0706222,0.853636,151.939,92.604,62.082,3
733.5,-0.000444312,-0.00786937,0.00883136,0.509012,-0.0717536,0.0696806,0.854929,151.683,92.6421,61.8291,3
734,-0.000457934,-0.00779796,0.00871032,0.507251,-0.0699741,0.0687424,0.856198,151.43,92.6781,61.5793,3
734.5,-0.000471411,-0.00772615,0.00858959,0.505511,-0.068213,0.0678076,0.857443,151.181,92.7121,61.3327,3
735,-0.000484749,-0.00765393,0.00846923,0.50379,-0.0664705,0.0668763,0.858665,150.934,92.744,61.0893,3
735.5,-0.000497953,-0.00758132,0.00834928,0.50209,-0.0647467,0.0659487,0.859863,150.692,92.774,60.849,3
736,-0.000511029,-0.00750832,0.00822977,0.50041,-0.0630416,0.0650249,0.861039,150.452,92.802,60.6119,3
736.5,-0.000523984,-0.00743494,0.00811076,0.498751,-0.0613552,0.0641051,0.862191,150.216,92.8281,60.3779,3
737,-0.000536823,-0.00736116,0.00799228,0.497111,-0.0596878,0.0631893,0.863322,149.983,92.8524,60.1471,3
737.5,-0.000549553,-0.00728701,0.00787437,0.495493,-0.0580392,0.0622776,0.86443,149.754,92.8748,59.9195,3
738,-0.000562178,-0.00721249,0.00775707,0.493895,-0.0564097,0.0613702,0.865517,149.527,92.8954,59.695,3
738.5,-0.000574707,-0.00713759,0.00764041,0.492317,-0.0547993,0.0604672,0.866582,149.305,92.9143,59.4737,3
739,-0.000587143,-0.00706233,0.00752443,0.490761,-0.053208,0.0595687,0.867626,149.085,92.9315,59.2555,3
739.5,-0.000599494,-0.0069867,0.00740916,0.489224,-0.051636,0.0586747,0.868649,148.869,92.947,59.0404,3
740,-0.000611765,-0.00691072,0.00729463,0.487708,-0.0500832,0.0577855,0.869651,148.656,92.9609,58.8284,3
740.5,-0.000623963,-0.00683438,0.00718087,0.486213,-0.0485498,0.056901,0.870633,148.446,92.9732,58.6196,3
741,-0.000636093,-0.00675769,0.00706791,0.484738,-0.0470358,0.0560215,0.871595,148.24,92.9839,58.4138,3
741.5,-0.000648161,-0.00668065,0.00695577,0.483284,-0.0455412,0.0551469,0.872537,148.037,92.9932,58.2111,3
742,-0.000660173,-0.00660327,0.00684447,0.48185,-0.0440662,0.0542774,0.87346,147.837,93.0009,58.0115,3
742.5,-0.000672135,-0.00652555,0.00673405,0.480436,-0.0426109,0.053413,0.874364,147.64,93.0072,57.8149,3
743,-0.000684053,-0.0064475,0.00662451,0.479043,-0.0411751,0.0525539,0.875249,147.447,93.0121,57.6214,3
743.5,-0.000695933,-0.00636911,0.00651588,0.47767,-0.0397591,0.0517001,0.876115,147.256,93.0156,57.4308,3
744,-0.00070778,-0.0062904,0.00640818,0.476317,-0.0383629,0.0508517,0.876963,147.069,93.0177,57.2433,3
744.5,-0.0007196,-0.00621136,0.00630142,0.474984,-0.0369865,0.0500088,0.877794,146.885,93.0185,57.0587,3
745,-0.000731399,-0.00613201,0.00619562,0.473671,-0.03563,0.0491715,0.878606,146.704,93.0181,56.8771,3
745.5,-0.000743183,-0.00605234,0.00609078,0.472378,-0.0342935,0.0483398,0.879401,146.526,93.0164,56.6985,3
746,-0.000754958,-0.00597235,0.00598692,0.471104,-0.0329769,0.0475137,0.880179,146.351,93.0134,56.5227,3
746.5,-0.000766728,-0.00589207,0.00588406,0.469851,-0.0316805,0.0466935,0.880941,146.179,93.0093,56.3499,3
747,-0.000778499,-0.00581147,0.00578219,0.468616,-0.0304041,0.045879,0.881686,146.01,93.004,56.1799,3
747.5,-0.000790277,-0.00573058,0.00568132,0.467402,-0.029148,0.0450704,0.882414,145.844,92.9976,56.0127,3
748,-0.000802068,-0.00564939,0.00558146,0.466206,-0.0279121,0.0442678,0.883127,145.681,92.9901,55.8484,3
748.5,-0.000813876,-0.00556792,0.00548261,0.46503,-0.0266965,0.0434711,0.883824,145.521,92.9814,55.6869,3
749,-0.000825707,-0.00548615,0.00538478,0.463873,-0.0255012,0.0426805,0.884506,145.363,92.9718,55.5282,3
749.5,-0.000837566,-0.0054041,0.00528796,0.462734,-0.0243263,0.0418959,0.885172,145.209,92.961,55.3722,3
750,-0.000849458,-0.00532178,0.00519215,0.461615,-0.0231719,0.0411175,0.885824,145.057,92.9493,55.2189,3
750.5,-0.000861389,-0.00523917,0.00509735,0.460514,-0.022038,0.0403452,0.886461,144.908,92.9366,55.0684,3
751,-0.000873364,-0.0051563,0.00500356,0.459432,-0.0209246,0.0395792,0.887084,144.762,92.923,54.9205,3
751.5,-0.000885387,-0.00507316,0.00491077,0.458368,-0.0198318,0.0388194,0.887693,144.619,92.9084,54.7753,3
752,-0.000897463,-0.00498976,0.00481897,0.457322,-0.0187598,0.0380658,0.888288,144.478,92.8929,54.6327,3
752.5,-0.000909598,-0.0049061,0.00472816,0.456294,-0.0177084,0.0373186,0.88887,144.34,92.8764,54.4928,3
753,-0.000921797,-0.00482218,0.00463833,0.455285,-0.0166778,0.0365777,0.889438,144.205,92.8591,54.3554,3
753.5,-0.000934064,-0.00473802,0.00454946,0.454293,-0.015668,0.0358431,0.889993,144.072,92.841,54.2206,3
754,-0.000946403,-0.00465361,0.00446155,0.453319,-0.0146791,0.035115,0.890535,143.942,92.822,54.0883,3
754.5,-0.00095882,-0.00456896,0.00437458,0.452362,-0.0137111,0.0343932,0.891065,143.815,92.8022,53.9585,3
755,-0.000971319,-0.00448407,0.00428854,0.451423,-0.0127641,0.0336778,0.891583,143.69,92.7816,53.8312,3
755.5,-0.000983905,-0.00439895,0.00420342,0.450502,-0.0118382,0.0329689,0.892088,143.567,92.7602,53.7064,3
756,-0.000996582,-0.0043136,0.00411919,0.449597,-0.0109332,0.0322665,0.892582,143.447,92.738,53.584,3
756.5,-0.00100936,-0.00422803,0.00403584,0.448709,-0.0100495,0.0315705,0.893063,143.33,92.7151,53.4641,3
757,-0.00102223,-0.00414224,0.00395335,0.447839,-0.00918685,0.0308809,0.893534,143.215,92.6915,53.3465,3
757.5,-0.00103521,-0.00405624,0.0038717,0.446985,-0.00834546,0.0301979,0.893993,143.102,92.6671,53.2313,3
758,-0.00104829,-0.00397003,0.00379087,0.446147,-0.00752534,0.0295213,0.894441,142.992,92.642,53.1185,3
758.5,-0.00106149,-0.00388361,0.00371085,0.445326,-0.00672654,0.0288512,0.894878,142.884,92.6162,53.008,3
759,-0.00107481,-0.00379699,0.0036316,0.444522,-0.00594911,0.0281875,0.895305,142.778,92.5897,52.8998,3
759.5,-0.00108825,-0.00371017,0.00355311,0.443734,-0.00519309,0.0275304,0.895721,142.675,92.5626,52.7939,3
760,-0.00110181,-0.00362317,0.00347534,0.442962,-0.00445854,0.0268797,0.896126,142.574,92.5347,52.6902,3
760.5,-0.00111551,-0.00353597,0.00339829,0.442206,-0.00374549,0.0262355,0.896522,142.475,92.5063,52.5888,3
761,-0.00112934,-0.0034486,0.00332191,0.441466,-0.003054,0.0255977,0.896907,142.379,92.4772,52.4897,3
761.5,-0.0011433,-0.00336105,0.00324619,0.440742,-0.00238412,0.0249664,0.897283,142.285,92.4474,52.3927,3
762,-0.00115741,-0.00327333,0.0031711,0.440034,-0.00173588,0.0243415,0.897649,142.193,92.417,52.298,3
762.5,-0.00117167,-0.00318544,0.00309661,0.439342,-0.00110933,0.023723,0.898006,142.103,92.386,52.2054,3
763,-0.00118607,-0.00309739,0.00302269,0.438665,-0.000504516,0.0231109,0.898353,142.015,92.3544,52.115,3
763.5,-0.00120063,-0.00300919,0.00294932,0.438003,7.85146e-05,0.0225053,0.898692,141.93,92.3222,52.0268,3
764,-0.00121535,-0.00292083,0.00287646,0.437357,0.000639721,0.0219059,0.899021,141.847,92.2894,51.9407,3
764.5,-0.00123023,-0.00283233,0.00280408,0.436727,0.00117906,0.0213129,0.899341,141.765,92.256,51.8567,3
765,-0.00124528,-0.00274369,0.00273216,0.436112,0.00169649,0.0207263,0.899652,141.686,92.2221,51.7748,3
765.5,-0.00126049,-0.00265492,0.00266066,0.435512,0.00219197,0.0201459,0.899955,141.609,92.1875,51.695,3
766,-0.00127588,-0.00256601,0.00258955,0.434927,0.00266545,0.0195717,0.900249,141.534,92.1524,51.6173,3
766.5,-0.00129145,-0.00247699,0.0025188,0.434357,0.00311691,0.0190039,0.900535,141.461,92.1167,51.5417,3
767,-0.0013072,-0.00238784,0.00244839,0.433803,0.00354629,0.0184422,0.900812,141.391,92.0804,51.4681,3
767.5,-0.00132314,-0.00229858,0.00237827,0.433263,0.00395355,0.0178866,0.901081,141.322,92.0436,51.3966,3
768,-0.00133927,-0.00220922,0.00230841,0.432739,0.00433867,0.0173372,0.901342,141.255,92.0063,51.3272,3
768.5,-0.00135559,-0.00211975,0.00223879,0.43223,0.0047016,0.0167939,0.901595,141.191,91.9683,51.2598,3
769,-0.00137211,-0.00203019,0.00216936,0.431736,0.00504231,0.0162567,0.90184,141.128,91.9298,51.1944,3
769.5,-0.00138883,-0.00194055,0.0021001,0.431256,0.00536075,0.0157255,0.902077,141.067,91.8908,51.131,3
770,-0.00140576,-0.00185082,0.00203098,0.430792,0.0056569,0.0152002,0.902305,141.009,91.8512,51.0697,3
770.5,-0.0014229,-0.00176101,0.00196195,0.430343,0.00593072,0.0146809,0.902527,140.952,91.8111,51.0104,3
771,-0.00144025,-0.00167113,0.00189299,0.429909,0.00618218,0.0141675,0.90274,140.897,91.7704,50.9531,3
771.5,-0.00145782,-0.00158119,0.00182407,0.429489,0.00641124,0.0136599,0.902946,140.845,91.7292,50.8979,3
772,-0.00147562,-0.0014912,0.00175514,0.429085,0.00661787,0.0131581,0.903144,140.794,91.6874,50.8446,3
772.5,-0.00149364,-0.00140115,0.00168618,0.428696,0.00680204,0.0126621,0.903334,140.745,91.6451,50.7934,3
773,-0.0015119,-0.00131106,0.00161716,0.428322,0.00696372,0.0121717,0.903517,140.698,91.6022,50.7442,3
773.5,-0.00153039,-0.00122094,0.00154803,0.427963,0.00710289,0.011687,0.903693,140.654,91.5588,50.697,3
774,-0.00154912,-0.00113078,0.00147878,0.42762,0.00721951,0.0112079,0.90386,140.611,91.5148,50.6518,3
774.5,-0.0015681,-0.0010406,0.00140936,0.427292,0.00731356,0.0107343,0.904021,140.57,91.4703,50.6087,3
775,-0.00158733,-0.000950403,0.00133975,0.426979,0.00738501,0.0102661,0.904173,140.531,91.4252,50.5676,3
775.5,-0.00160681,-0.000860198,0.0012699,0.426681,0.00743384,0.00980342,0.904318,140.495,91.3795,50.5285,3
776,-0.00162655,-0.000769993,0.0011998,0.426399,0.00746003,0.00934603,0.904456,140.46,91.3333,50.4915,3
776.5,-0.00164656,-0.000679794,0.00112941,0.426133,0.00746355,0.00889393,0.904586,140.427,91.2865,50.4565,3
777,-0.00166684,-0.000589608,0.00105869,0.425882,0.00744438,0.00844703,0.904709,140.396,91.2391,50.4236,3
777.5,-0.00168739,-0.000499444,0.000987625,0.425647,0.0074025,0.00800529,0.904824,140.368,91.1912,50.3927,3
778,-0.00170822,-0.000409309,0.000916175,0.425427,0.0073379,0.00756861,0.904931,140.341,91.1426,50.3639,3
778.5,-0.00172934,-0.000319211,0.000844313,0.425224,0.00725055,0.00713694,0.905031,140.316,91.0935,50.3372,3
779,-0.00175074,-0.000229159,0.000772011,0.425036,0.00714044,0.0067102,0.905123,140.293,91.0438,50.3126,3
779.5,-0.00177244,-0.00013916,0.000699239,0.424865,0.00700755,0.00628832,0.905208,140.273,90.9935,50.2902,3
780,-0.00179445,-4.92231e-05,0.000625971,0.42471,0.00685188,0.0058712,0.905284,140.254,90.9426,50.2698,3
780.5,-0.00181676,4.06438e-05,0.00055218,0.424572,0.00667341,0.00545878,0.905353,140.237,90.891,50.2516,3
781,-0.00183938,0.000130432,0.000477838,0.42445,0.00647213,0.00505097,0.905414,140.223,90.8389,50.2355,3
781.5,-0.00186232,0.000220132,0.00040292,0.424344,0.00624803,0.00464769,0.905467,140.211,90.7861,50.2215,3
782,-0.00188559,0.000309736,0.000327402,0.424256,0.0060011,0.00424884,0.905513,140.2,90.7326,50.2098,3
782.5,-0.00190919,0.000399234,0.000251259,0.424184,0.00573133,0.00385435,0.90555,140.192,90.6786,50.2003,3
783,-0.00193312,0.000488618,0.000174468,0.424129,0.00543873,0.00346411,0.905579,140.186,90.6238,50.1929,3
783.5,-0.0019574,0.000577878,9.7007e-05,0.424092,0.00512329,0.00307803,0.905599,140.182,90.5684,50.1878,3
784,-0.00198202,0.000667004,1.88542e-05,0.424072,0.004785,0.00269602,0.905612,140.18,90.5123,50.185,3
784.5,-0.002007,0.000755987,-6.00108e-05,0.42407,0.00442387,0.00231798,0.905616,140.181,90.4555,50.1844,3
785,-0.00203235,0.000844817,-0.000139607,0.424085,0.0040399,0.0019438,0.905611,140.183,90.398,50.1861,3
785.5,-0.00205806,0.000933484,-0.000219954,0.424118,0.00363309,0.00157338,0.905598,140.188,90.3398,50.1901,3
786,-0.00208416,0.00102198,-0.000301067,0.424169,0.00320345,0.00120661,0.905576,140.195,90.2809,50.1964,3
786.5,-0.00211063,0.00111029,-0.000382965,0.424239,0.00275098,0.000843382,0.905546,140.204,90.2213,50.2051,3
787,-0.0021375,0.00119841,-0.00046566,0.424327,0.00227569,0.000483584,0.905506,140.216,90.1608,50.2161,3
787.5,-0.00216476,0.00128632,-0.000549168,0.424433,0.00177759,0.000127099,0.905458,140.229,90.0996,50.2296,3
788,-0.00219243,0.00137402,-0.000633502,0.424558,0.0012567,-0.000226193,0.9054,140.245,90.0377,50.2454,3
788.5,-0.00222051,0.00146149,-0.000718671,0.424702,0.000713022,-0.000576412,0.905333,140.264,89.9749,50.2637,3
789,-0.00224902,0.00154873,-0.000804687,0.424865,0.000146578,-0.000923685,0.905256,140.284,89.9113,50.2844,3
789.5,-0.00227795,0.00163571,-0.000891558,0.425048,-0.000442617,-0.00126814,0.90517,140.307,89.8469,50.3076,3
790,-0.00230732,0.00172244,-0.000979292,0.42525,-0.00105454,-0.00160991,0.905074,140.332,89.7816,50.3333,3
790.5,-0.00233713,0.0018089,-0.00106789,0.425471,-0.00168918,-0.00194912,0.904968,140.36,89.7155,50.3616,3
791,-0.0023674,0.00189507,-0.00115737,0.425713,-0.0023465,-0.00228592,0.904852,140.39,89.6485,50.3923,3
791.5,-0.00239812,0.00198095,-0.00124772,0.425974,-0.00302649,-0.00262044,0.904727,140.423,89.5806,50.4257,3
792,-0.00242932,0.00206652,-0.00133894,0.426256,-0.00372911,-0.00295284,0.90459,140.457,89.5118,50.4616,3
792.5,-0.002461,0.00215178,-0.00143105,0.426558,-0.00445434,-0.00328326,0.904444,140.495,89.442,50.5002,3
793,-0.00249316,0.0022367,-0.00152402,0.42688,-0.00520214,-0.00361184,0.904286,140.534,89.3712,50.5414,3
793.5,-0.00252582,0.00232127,-0.00161787,0.427223,-0.00597248,-0.00393875,0.904118,140.576,89.2995,50.5852,3
794,-0.00255898,0.00240549,-0.00171258,0.427587,-0.00676534,-0.00426415,0.903939,140.621,89.2268,50.6318,3
794.5,-0.00259265,0.00248934,-0.00180815,0.427972,-0.00758066,-0.0045882,0.903748,140.668,89.153,50.681,3
795,-0.00262685,0.00257281,-0.00190458,0.428378,-0.00841841,-0.00491105,0.903547,140.718,89.0782,50.733,3
795.5,-0.00266157,0.00265588,-0.00200183,0.428806,-0.00927855,-0.00523289,0.903334,140.77,89.0023,50.7877,3
796,-0.00269684,0.00273854,-0.00209992,0.429255,-0.010161,-0.00555389,0.903109,140.825,88.9254,50.8452,3
796.5,-0.00273266,0.00282078,-0.00219882,0.429726,-0.0110658,-0.00587423,0.902872,140.882,88.8473,50.9054,3
797,-0.00276904,0.00290258,-0.00229851,0.430219,-0.0119929,-0.00619407,0.902624,140.941,88.768,50.9685,3
797.5,-0.00280598,0.00298393,-0.00239898,0.430733,-0.0129421,-0.00651362,0.902363,141.004,88.6876,51.0344,3
798,-0.0028435,0.00306482,-0.0025002,0.43127,-0.0139135,-0.00683307,0.90209,141.069,88.6059,51.1032,3
798.5,-0.00288161,0.00314523,-0.00260216,0.431829,-0.014907,-0.00715259,0.901804,141.136,88.523,51.1749,3
799,-0.00292032,0.00322514,-0.00270483,0.43241,-0.0159225,-0.00747239,0.901506,141.206,88.4389,51.2494,3
799.5,-0.00295963,0.00330455,-0.00280818,0.433014,-0.01696,-0.00779268,0.901194,141.278,88.3535,51.3268,3
800,-0.00299956,0.00338343,-0.00291218,0.43364,-0.0180194,-0.00811365,0.90087,141.353,88.2667,51.4072,3
800.5,-0.00304012,0.00346178,-0.0030168,0.434289,-0.0191007,-0.00843552,0.900532,141.431,88.1786,51.4905,3
801,-0.00308131,0.00353957,-0.00312201,0.43496,-0.0202037,-0.0087585,0.90018,141.511,88.0892,51.5767,3
801.5,-0.00312315,0.0036168,-0.00322778,0.435654,-0.0213285,-0.0090828,0.899815,141.594,87.9983,51.6659,3
802,-0.00316564,0.00369345,-0.00333406,0.436372,-0.0224749,-0.00940864,0.899437,141.679,87.906,51.7581,3
802.5,-0.0032088,0.00376951,-0.00344081,0.437112,-0.0236429,-0.00973626,0.899044,141.767,87.8122,51.8533,3
803,-0.00325263,0.00384495,-0.00354799,0.437875,-0.0248324,-0.0100659,0.898637,141.858,87.7168,51.9515,3
803.5,-0.00329714,0.00391976,-0.00365556,0.438661,-0.0260433,-0.0103977,0.898215,141.951,87.62,52.0527,3
804,-0.00334235,0.00399394,-0.00376347,0.43947,-0.0272755,-0.010732,0.897779,142.046,87.5216,52.1569,3
804.5,-0.00338826,0.00406746,-0.00387167,0.440302,-0.028529,-0.011069,0.897328,142.144,87.4215,52.2641,3
805,-0.00343488,0.0041403,-0.00398011,0.441157,-0.0298037,-0.011409,0.896862,142.245,87.3198,52.3743,3
805.5,-0.00348223,0.00421246,-0.00408872,0.442035,-0.0310994,-0.0117522,0.896381,142.348,87.2165,52.4876,3
806,-0.0035303,0.00428392,-0.00419746,0.442936,-0.0324162,-0.0120988,0.895885,142.453,87.1114,52.6038,3
806.5,-0.00357912,0.00435466,-0.00430626,0.44386,-0.0337539,-0.0124491,0.895374,142.561,87.0045,52.7231,3
807,-0.00362869,0.00442467,-0.00441507,0.444806,-0.0351123,-0.0128034,0.894847,142.671,86.8959,52.8455,3
807.5,-0.00367901,0.00449393,-0.00452381,0.445776,-0.0364915,-0.0131618,0.894304,142.784,86.7854,52.9708,3
808,-0.00373011,0.00456243,-0.00463242,0.446768,-0.0378913,-0.0135248,0.893745,142.898,86.6731,53.0992,3
808.5,-0.00378198,0.00463015,-0.00474083,0.447782,-0.0393116,-0.0138925,0.89317,143.016,86.5589,53.2305,3
809,-0.00383463,0.00469708,-0.00484896,0.448819,-0.0407523,-0.0142653,0.892579,143.135,86.4427,53.3649,3
809.5,-0.00388808,0.0047632,-0.00495675,0.449877,-0.0422133,-0.0146433,0.891972,143.256,86.3246,53.5022,3
810,-0.00394233,0.0048285,-0.0050641,0.450958,-0.0436945,-0.0150269,0.891348,143.38,86.2044,53.6425,3
810.5,-0.00399739,0.00489297,-0.00517095,0.452061,-0.0451958,-0.0154163,0.890708,143.506,86.0822,53.7857,3
811,-0.00405327,0.00495659,-0.0052772,0.453185,-0.0467171,-0.0158118,0.890051,143.633,85.9579,53.9319,3
811.5,-0.00410998,0.00501935,-0.00538278,0.454331,-0.0482583,-0.0162138,0.889377,143.763,85.8315,54.081,3
812,-0.00416752,0.00508123,-0.00548759,0.455497,-0.0498192,-0.0166224,0.888687,143.894,85.7028,54.2329,3
812.5,-0.0042259,0.00514222,-0.00559154,0.456685,-0.0513998,-0.017038,0.887979,144.028,85.572,54.3877,3
813,-0.00428513,0.00520231,-0.00569454,0.457892,-0.0529998,-0.0174608,0.887255,144.163,85.439,54.5453,3
813.5,-0.00434521,0.00526148,-0.00579649,0.45912,-0.0546193,-0.0178912,0.886513,144.299,85.3036,54.7057,3
814,-0.00440615,0.00531973,-0.00589729,0.460368,-0.0562581,-0.0183294,0.885754,144.438,85.166,54.8688,3
814.5,-0.00446797,0.00537704,-0.00599685,0.461635,-0.057916,-0.0187757,0.884978,144.577,85.026,55.0346,3
815,-0.00453065,0.0054334,-0.00609505,0.462921,-0.059593,-0.0192305,0.884185,144.718,84.8835,55.2032,3
815.5,-0.00459422,0.00548881,-0.0061918,0.464226,-0.0612889,-0.0196939,0.883374,144.861,84.7387,55.3743,3
816,-0.00465867,0.00554324,-0.00628698,0.465549,-0.0630036,-0.0201663,0.882547,145.004,84.5914,55.548,3
816.5,-0.00472401,0.00559669,-0.00638047,0.466889,-0.064737,-0.020648,0.881701,145.149,84.4416,55.7242,3
817,-0.00479025,0.00564916,-0.00647218,0.468246,-0.0664889,-0.0211392,0.880839,145.294,84.2892,55.9029,3
817.5,-0.00485739,0.00570063,-0.00656198,0.46962,-0.0682592,-0.0216403,0.87996,145.441,84.1343,56.084,3
818,-0.00492543,0.00575109,-0.00664974,0.471011,-0.0700479,-0.0221515,0.879063,145.588,83.9768,56.2675,3
818.5,-0.00499439,0.00580055,-0.00673536,0.472416,-0.0718547,-0.0226731,0.878149,145.735,83.8166,56.4532,3
819,-0.00506425,0.00584899,-0.00681871,0.473836,-0.0736796,-0.0232054,0.877218,145.883,83.6538,56.6411,3
819.5,-0.00513503,0.00589641,-0.00689967,0.475271,-0.0755224,-0.0237487,0.876271,146.031,83.4882,56.8312,3
820,-0.00520673,0.0059428,-0.0069781,0.476719,-0.077383,-0.0243032,0.875306,146.18,83.3199,57.0233,3
820.5,-0.00527935,0.00598817,-0.00705387,0.478179,-0.0792613,-0.0248692,0.874325,146.328,83.1489,57.2175,3
821,-0.00535289,0.0060325,-0.00712686,0.479652,-0.0811572,-0.025447,0.873327,146.476,82.975,57.4135,3
821.5,-0.00542736,0.0060758,-0.00719694,0.481136,-0.0830705,-0.0260368,0.872313,146.624,82.7984,57.6113,3
822,-0.00550275,0.00611807,-0.00726396,0.482631,-0.0850012,-0.026639,0.871282,146.771,82.6189,57.8109,3
822.5,-0.00557908,0.00615931,-0.00732779,0.484135,-0.0869491,-0.0272537,0.870236,146.917,82.4365,58.012,3
823,-0.00565633,0.00619952,-0.0073883,0.485648,-0.0889141,-0.0278811,0.869174,147.063,82.2513,58.2147,3
823.5,-0.00573451,0.0062387,-0.00744533,0.487169,-0.0908961,-0.0285216,0.868096,147.207,82.0631,58.4189,3
824,-0.00581362,0.00627686,-0.00749876,0.488697,-0.092895,-0.0291754,0.867003,147.35,81.872,58.6243,3
824.5,-0.00589365,0.00631401,-0.00754843,0.490231,-0.0949107,-0.0298427,0.865895,147.492,81.6779,58.8309,3
825,-0.00597462,0.00635015,-0.00759421,0.491771,-0.0969431,-0.0305236,0.864773,147.631,81.4809,59.0386,3
825.5,-0.00605651,0.00638529,-0.00763594,0.493314,-0.0989921,-0.0312185,0.863636,147.769,81.2808,59.2473,3
826,-0.00613933,0.00641944,-0.00767348,0.49486,-0.101058,-0.0319275,0.862485,147.905,81.0778,59.4568,3
826.5,-0.00622308,0.00645262,-0.00770668,0.496409,-0.10314,-0.0326509,0.861321,148.038,80.8718,59.6671,3
827,-0.00630774,0.00648483,-0.00773539,0.497959,-0.105238,-0.0333887,0.860144,148.169,80.6627,59.8779,3
827.5,-0.00639332,0.0065161,-0.00775947,0.499508,-0.107353,-0.0341411,0.858954,148.296,80.4506,60.0891,3
828,-0.00647982,0.00654643,-0.00777876,0.501056,-0.109484,-0.0349084,0.857752,148.421,80.2354,60.3007,3
828.5,-0.00656723,0.00657585,-0.00779311,0.502601,-0.111631,-0.0356906,0.856538,148.542,80.0172,60.5124,3
829,-0.00665555,0.00660438,-0.00780236,0.504143,-0.113794,-0.036488,0.855312,148.66,79.796,60.7241,3
829.5,-0.00674477,0.00663204,-0.00780638,0.50568,-0.115973,-0.0373005,0.854076,148.774,79.5717,60.9356,3
830,-0.0068349,0.00665886,-0.007805,0.507211,-0.118169,-0.0381284,0.85283,148.884,79.3443,61.1468,3
830.5,-0.00692592,0.00668485,-0.00779808,0.508734,-0.12038,-0.0389717,0.851575,148.989,79.1139,61.3576,3
831,-0.00701782,0.00671006,-0.00778545,0.510249,-0.122608,-0.0398304,0.85031,149.09,78.8804,61.5677,3
831.5,-0.00711062,0.0067345,-0.00776698,0.511753,-0.124851,-0.0407048,0.849037,149.186,78.6439,61.777,3
832,-0.00720429,0.00675822,-0.0077425,0.513246,-0.127111,-0.0415947,0.847757,149.276,78.4044,61.9853,3
832.5,-0.00729883,0.00678125,-0.00771187,0.514725,-0.129386,-0.0425002,0.84647,149.362,78.1619,62.1924,3
833,-0.00739424,0.00680362,-0.00767494,0.516191,-0.131678,-0.0434214,0.845176,149.441,77.9164,62.3982,3
833.5,-0.0074905,0.00682537,-0.00763156,0.51764,-0.133986,-0.0443582,0.843877,149.515,77.6679,62.6024,3
834,-0.00758762,0.00684655,-0.00758157,0.519072,-0.13631,-0.0453106,0.842574,149.583,77.4164,62.8049,3
834.5,-0.00768558,0.0068672,-0.00752484,0.520486,-0.13865,-0.0462785,0.841266,149.644,77.162,63.0054,3
835,-0.00778438,0.00688736,-0.00746122,0.521879,-0.141006,-0.047262,0.839956,149.698,76.9046,63.2038,3
835.5,-0.007884,0.00690709,-0.00739056,0.52325,-0.143379,-0.0482608,0.838643,149.746,76.6444,63.3999,3
836,-0.00798444,0.00692643,-0.00731272,0.524597,-0.145769,-0.0492749,0.83733,149.787,76.3813,63.5933,3
836.5,-0.00808568,0.00694544,-0.00722756,0.52592,-0.148175,-0.0503041,0.836016,149.82,76.1154,63.784,3
837,-0.00818773,0.00696418,-0.00713494,0.527215,-0.150598,-0.0513483,0.834702,149.845,75.8467,63.9717,3
837.5,-0.00829056,0.0069827,-0.00703473,0.528483,-0.153038,-0.0524074,0.83339,149.863,75.5753,64.1562,3
838,-0.00839417,0.00700107,-0.0069268,0.52972,-0.155495,-0.053481,0.83208,149.872,75.3011,64.3372,3
838.5,-0.00849855,0.00701935,-0.00681101,0.530925,-0.15797,-0.054569,0.830774,149.873,75.0243,64.5146,3
839,-0.00860368,0.00703761,-0.00668723,0.532097,-0.160462,-0.0556711,0.829473,149.866,74.7448,64.6881,3
839.5,-0.00870955,0.00705591,-0.00655535,0.533234,-0.162972,-0.056787,0.828177,149.85,74.4628,64.8573,3
840,-0.00881616,0.00707434,-0.00641523,0.534334,-0.1655,-0.0579164,0.826887,149.825,74.1783,65.0223,3
840.5,-0.00892349,0.00709295,-0.00626677,0.535395,-0.168046,-0.059059,0.825606,149.792,73.8913,65.1825,3
841,-0.00903152,0.00711184,-0.00610985,0.536415,-0.170611,-0.0602144,0.824333,149.749,73.6018,65.3379,3
841.5,-0.00914024,0.00713109,-0.00594437,0.537393,-0.173195,-0.0613822,0.82307,149.696,73.3101,65.4882,3
842,-0.00924963,0.00715076,-0.00577021,0.538327,-0.175799,-0.062562,0.821818,149.634,73.0161,65.633,3
842.5,-0.00935969,0.00717096,-0.00558727,0.539215,-0.178421,-0.0637532,0.820578,149.563,72.7199,65.7723,3
843,-0.0094704,0.00719177,-0.00539547,0.540055,-0.181064,-0.0649555,0.819351,149.482,72.4215,65.9056,3
843.5,-0.00958173,0.00721329,-0.00519471,0.540846,-0.183727,-0.0661683,0.818139,149.391,72.1211,66.0327,3
844,-0.00969368,0.00723559,-0.0049849,0.541585,-0.186411,-0.067391,0.816943,149.29,71.8187,66.1534,3
844.5,-0.00980622,0.00725879,-0.00476597,0.54227,-0.189117,-0.0686231,0.815763,149.179,71.5145,66.2674,3
845,-0.00991933,0.00728299,-0.00453785,0.5429,-0.191844,-0.0698639,0.814601,149.058,71.2084,66.3745,3
845.5,-0.010033,0.00730827,-0.00430047,0.543473,-0.194593,-0.0711127,0.813458,148.927,70.9007,66.4743,3
846,-0.0101472,0.00733476,-0.00405376,0.543986,-0.197365,-0.072369,0.812336,148.785,70.5914,66.5665,3
846.5,-0.0102619,0.00736255,-0.00379768,0.544438,-0.20016,-0.0736318,0.811234,148.634,70.2806,66.651,3
847,-0.0103771,0.00739176,-0.00353218,0.544828,-0.202979,-0.0749005,0.810156,148.472,69.9684,66.7275,3
847.5,-0.0104928,0.00742249,-0.00325721,0.545152,-0.205822,-0.0761743,0.809101,148.3,69.6549,66.7955,3
848,-0.0106089,0.00745487,-0.00297275,0.545409,-0.20869,-0.0774523,0.808071,148.117,69.3403,66.855,3
848.5,-0.0107255,0.00748901,-0.00267878,0.545598,-0.211584,-0.0787337,0.807067,147.925,69.0247,66.9055,3
849,-0.0108424,0.00752502,-0.00237528,0.545715,-0.214504,-0.0800175,0.806089,147.722,68.7081,66.9469,3
849.5,-0.0109597,0.00756304,-0.00206224,0.54576,-0.217451,-0.0813028,0.80514,147.508,68.3909,66.9788,3
850,-0.0110773,0.00760318,-0.00173966,0.54573,-0.220426,-0.0825885,0.804221,147.285,68.073,67.0009,3
850.5,-0.0111952,0.00764556,-0.00140757,0.545623,-0.223428,-0.0838738,0.803331,147.051,67.7547,67.0131,3
851,-0.0113134,0.00769033,-0.00106597,0.545438,-0.22646,-0.0851573,0.802472,146.807,67.4362,67.0149,3
851.5,-0.0114318,0.00773759,-0.0007149,0.545171,-0.229521,-0.0864382,0.801646,146.552,67.1175,67.0061,3
852,-0.0115504,0.0077875,-0.000354404,0.544823,-0.232613,-0.0877152,0.800853,146.288,66.7989,66.9865,3
852.5,-0.0116691,0.00784017,1.54686e-05,0.544389,-0.235737,-0.0889871,0.800094,146.014,66.4805,66.9557,3
853,-0.011788,0.00789574,0.000394654,0.54387,-0.238892,-0.0902527,0.799369,145.729,66.1626,66.9135,3
853.5,-0.0119069,0.00795435,0.000783078,0.543261,-0.24208,-0.0915107,0.79868,145.435,65.8453,66.8596,3
854,-0.0120258,0.00801613,0.00118065,0.542563,-0.245302,-0.0927599,0.798028,145.13,65.529,66.7938,3
854.5,-0.0121447,0.00808121,0.00158729,0.541772,-0.248558,-0.0939988,0.797412,144.816,65.2137,66.7157,3
855,-0.0122635,0.00814975,0.00200286,0.540887,-0.251849,-0.095226,0.796834,144.492,64.8998,66.6251,3
855.5,-0.0123822,0.00822186,0.00242726,0.539907,-0.255177,-0.0964402,0.796294,144.158,64.5874,66.5218,3
856,-0.0125007,0.0082977,0.00286035,0.538828,-0.258542,-0.0976399,0.795793,143.814,64.277,66.4055,3
856.5,-0.012619,0.0083774,0.00330197,0.53765,-0.261944,-0.0988235,0.795331,143.46,63.9686,66.2758,3
857,-0.0127369,0.00846109,0.00375198,0.53637,-0.265386,-0.0999896,0.794909,143.097,63.6627,66.1327,3
857.5,-0.0128545,0.00854892,0.00421018,0.534986,-0.268867,-0.101136,0.794526,142.725,63.3595,65.9758,3
858,-0.0129716,0.00864102,0.00467639,0.533498,-0.272389,-0.102263,0.794183,142.343,63.0593,65.8049,3
858.5,-0.0130882,0.00873753,0.00515041,0.531903,-0.275952,-0.103366,0.79388,141.951,62.7625,65.6198,3
859,-0.0132041,0.00883857,0.00563202,0.530199,-0.279557,-0.104446,0.793617,141.55,62.4695,65.4202,3
859.5,-0.0133195,0.00894429,0.00612098,0.528384,-0.283205,-0.105499,0.793394,141.14,62.1805,65.2058,3
860,-0.013434,0.00905482,0.00661704,0.526458,-0.286898,-0.106525,0.793211,140.72,61.896,64.9766,3
860.5,-0.0135477,0.00917028,0.00711994,0.524419,-0.290635,-0.107522,0.793067,140.291,61.6164,64.7323,3
861,-0.0136605,0.00929079,0.0076294,0.522264,-0.294417,-0.108487,0.792962,139.853,61.342,64.4727,3
861.5,-0.0137723,0.00941649,0.00814511,0.519993,-0.298247,-0.10942,0.792896,139.405,61.0734,64.1975,3
862,-0.0138829,0.00954749,0.00866678,0.517603,-0.302123,-0.110317,0.792867,138.949,60.8109,63.9067,3
862.5,-0.0139923,0.0096839,0.00919406,0.515094,-0.306048,-0.111178,0.792876,138.483,60.555,63.6,3
863,-0.0141004,0.00982585,0.00972662,0.512465,-0.310021,-0.111999,0.792921,138.008,60.3063,63.2773,3
863.5,-0.0142071,0.00997343,0.0102641,0.509712,-0.314044,-0.11278,0.793001,137.525,60.0652,62.9384,3
864,-0.0143121,0.0101267,0.0108061,0.506837,-0.318117,-0.113519,0.793115,137.032,59.8322,62.5832,3
864.5,-0.0144156,0.0102859,0.0113522,0.503837,-0.322241,-0.114213,0.793262,136.531,59.6079,62.2116,3
865,-0.0145172,0.010451,0.0119021,0.500711,-0.326416,-0.11486,0.793441,136.02,59.3929,61.8234,3
865.5,-0.0146169,0.010622,0.0124552,0.497458,-0.330643,-0.115458,0.79365,135.501,59.1876,61.4184,3
866,-0.0147145,0.0107992,0.0130112,0.494078,-0.334923,-0.116006,0.793887,134.973,58.9927,60.9968,3
866.5,-0.01481,0.0109825,0.0135695,0.490569,-0.339256,-0.116501,0.79415,134.437,58.8088,60.5582,3
867,-0.0149031,0.011172,0.0141297,0.486931,-0.343642,-0.116942,0.794439,133.892,58.6365,60.1028,3
867.5,-0.0149937,0.0113678,0.0146914,0.483163,-0.348082,-0.117326,0.79475,133.339,58.4764,59.6303,3
868,-0.0150818,0.0115699,0.0152539,0.479264,-0.352577,-0.117651,0.795081,132.777,58.3291,59.1409,3
868.5,-0.0151671,0.0117784,0.0158167,0.475234,-0.357126,-0.117916,0.795431,132.207,58.1954,58.6344,3
869,-0.0152495,0.0119932,0.0163793,0.471073,-0.361729,-0.118118,0.795796,131.629,58.0758,58.1109,3
869.5,-0.0153288,0.0122144,0.0169411,0.46678,-0.366387,-0.118256,0.796174,131.043,57.9709,57.5703,3
870,-0.0154049,0.012442,0.0175016,0.462355,-0.3711,-0.118328,0.796562,130.449,57.8816,57.0127,3
870.5,-0.0154776,0.012676,0.0180601,0.457799,-0.375868,-0.118331,0.796958,129.847,57.8083,56.4382,3
871,-0.0155467,0.0129163,0.0186159,0.453111,-0.380691,-0.118264,0.797357,129.238,57.7518,55.8467,3
871.5,-0.0156122,0.013163,0.0191686,0.448291,-0.385568,-0.118126,0.797758,128.621,57.7127,55.2385,3
872,-0.0156737,0.0134159,0.0197174,0.443341,-0.390499,-0.117914,0.798157,127.997,57.6916,54.6135,3
872.5,-0.0157312,0.0136751,0.0202616,0.438261,-0.395485,-0.117626,0.798551,127.366,57.6892,53.9719,3
873,-0.0157845,0.0139404,0.0208006,0.433051,-0.400524,-0.117262,0.798935,126.729,57.706,53.3138,3
873.5,-0.0158334,0.0142117,0.0213336,0.427713,-0.405616,-0.11682,0.799306,126.085,57.7426,52.6394,3
874,-0.0158777,0.014489,0.02186,0.422248,-0.41076,-0.116297,0.799661,125.434,57.7996,51.9489,3
874.5,-0.0159173,0.0147722,0.0223791,0.416656,-0.415956,-0.115694,0.799996,124.778,57.8776,51.2425,3
875,-0.015952,0.015061,0.02289,0.41094,-0.421203,-0.115008,0.800306,124.116,57.9769,50.5204,3
875.5,-0.0159816,0.0153554,0.023392,0.405101,-0.4265,-0.114238,0.800588,123.449,58.0981,49.7829,3
876,-0.016006,0.0156552,0.0238844,0.39914,-0.431846,-0.113384,0.800837,122.777,58.2416,49.0301,3
876.5,-0.0160249,0.0159602,0.0243663,0.393061,-0.43724,-0.112444,0.80105,122.1,58.4078,48.2625,3
877,-0.0160383,0.0162702,0.0248371,0.386865,-0.44268,-0.111417,0.801221,121.418,58.5969,47.4803,3
877.5,-0.016046,0.0165849,0.0252957,0.380555,-0.448166,-0.110304,0.801348,120.733,58.8094,46.6839,3
878,-0.0160478,0.0169043,0.0257416,0.374133,-0.453696,-0.109102,0.801424,120.045,59.0453,45.8737,3
878.5,-0.0160436,0.0172279,0.0261737,0.367603,-0.459269,-0.107813,0.801447,119.354,59.3049,45.05,3
879,-0.0160332,0.0175556,0.0265912,0.360967,-0.464883,-0.106435,0.801411,118.66,59.5883,44.2132,3
879.5,-0.0160164,0.017887,0.0269934,0.354229,-0.470536,-0.104968,0.801311,117.964,59.8955,43.3639,3
880,-0.0159933,0.0182219,0.0273793,0.347392,-0.476226,-0.103413,0.801145,117.266,60.2265,42.5024,3
880.5,-0.0159635,0.0185599,0.0277481,0.340461,-0.481953,-0.10177,0.800906,116.568,60.5813,41.6293,3
881,-0.0159271,0.0189008,0.0280988,0.33344,-0.487713,-0.100039,0.800591,115.869,60.9596,40.7452,3
881.5,-0.0158839,0.0192441,0.0284305,0.326332,-0.493504,-0.0982207,0.800196,115.171,61.3613,39.8504,3
882,-0.0158338,0.0195895,0.0287424,0.319144,-0.499326,-0.0963163,0.799715,114.473,61.7861,38.9458,3
882.5,-0.0157767,0.0199366,0.0290336,0.311878,-0.505175,-0.0943267,0.799145,113.776,62.2336,38.0318,3
883,-0.0157126,0.020285,0.029303,0.304541,-0.511049,-0.0922532,0.798482,113.082,62.7035,37.1091,3
883.5,-0.0156413,0.0206344,0.0295497,0.297138,-0.516946,-0.0900973,0.797721,112.39,63.1952,36.1784,3
884,-0.0155629,0.0209842,0.0297729,0.289674,-0.522863,-0.0878607,0.796859,111.702,63.7081,35.2403,3
884.5,-0.0154773,0.0213341,0.0299715,0.282156,-0.528798,-0.0855454,0.795891,111.018,64.2417,34.2957,3
885,-0.0153844,0.0216836,0.0301445,0.274589,-0.534749,-0.0831537,0.794814,110.338,64.7952,33.3453,3
885.5,-0.0152843,0.0220323,0.030291,0.266979,-0.540713,-0.0806881,0.793625,109.664,65.3679,32.3898,3
886,-0.0151769,0.0223797,0.03041,0.259335,-0.546688,-0.0781514,0.79232,108.996,65.9589,31.4302,3
886.5,-0.0150623,0.0227253,0.0305004,0.251661,-0.55267,-0.0755466,0.790895,108.335,66.5674,30.4673,3
887,-0.0149405,0.0230686,0.0305613,0.243966,-0.558658,-0.072877,0.789348,107.681,67.1924,29.5019,3
887.5,-0.0148116,0.0234092,0.0305915,0.236256,-0.564649,-0.0701463,0.787677,107.036,67.8329,28.535,3
888,-0.0146757,0.0237465,0.0305901,0.228539,-0.570639,-0.0673584,0.785877,106.399,68.4879,27.5676,3
888.5,-0.0145327,0.0240801,0.030556,0.220824,-0.576628,-0.0645175,0.783948,105.773,69.1561,26.6007,3
889,-0.0143829,0.0244094,0.030488,0.213117,-0.582611,-0.0616282,0.781887,105.157,69.8364,25.6353,3
889.5,-0.0142264,0.024734,0.0303852,0.205428,-0.588586,-0.0586953,0.779693,104.551,70.5276,24.6725,3
890,-0.0140632,0.0250534,0.0302462,0.197764,-0.594552,-0.055724,0.777363,103.958,71.2284,23.7134,3
890.5,-0.0138936,0.025367,0.0300701,0.190134,-0.600505,-0.0527198,0.774896,103.377,71.9373,22.7591,3
891,-0.0137178,0.0256744,0.0298555,0.182547,-0.606443,-0.0496885,0.772292,102.808,72.6531,21.8109,3
891.5,-0.013536,0.025975,0.0296014,0.175013,-0.612363,-0.0466364,0.76955,102.254,73.3742,20.87,3
892,-0.0133483,0.0262684,0.0293064,0.167539,-0.618264,-0.04357,0.766669,101.714,74.0991,19.9376,3
892.5,-0.0131551,0.0265542,0.0289693,0.160136,-0.624144,-0.0404963,0.76365,101.188,74.8263,19.0151,3
893,-0.0129566,0.0268317,0.0285887,0.152814,-0.629999,-0.0374224,0.760492,100.677,75.5542,18.1038,3
893.5,-0.0127531,0.0271007,0.0281634,0.145581,-0.635829,-0.0343561,0.757197,100.182,76.2811,17.2052,3
894,-0.0125449,0.0273606,0.0276919,0.138448,-0.641632,-0.0313055,0.753765,99.703,77.0054,16.3206,3
894.5,-0.0123323,0.027611,0.0271726,0.131425,-0.647405,-0.028279,0.750197,99.2401,77.7253,15.4516,3
895,-0.0121157,0.0278515,0.0266042,0.124521,-0.653147,-0.0252855,0.746495,98.7938,78.4389,14.5998,3
895.5,-0.0118955,0.0280818,0.025985,0.117748,-0.658856,-0.0223343,0.742661,98.3641,79.1446,13.7666,3
896,-0.0116721,0.0283013,0.0253132,0.111115,-0.664532,-0.0194352,0.738697,97.9512,79.8403,12.9537,3
896.5,-0.0114459,0.0285098,0.0245871,0.104634,-0.670173,-0.0165984,0.734605,97.5552,80.5241,12.1629,3
897,-0.0112173,0.028707,0.0238049,0.0983142,-0.675777,-0.0138346,0.730389,97.176,81.1942,11.3957,3
897.5,-0.0109868,0.0288925,0.0229643,0.0921673,-0.681345,-0.011155,0.726051,96.8134,81.8483,10.654,3
898,-0.0107549,0.029066,0.0220631,0.0862041,-0.686874,-0.00857151,0.721595,96.4672,82.4846,9.93944,3
898.5,-0.0105221,0.0292272,0.0210987,0.0804358,-0.692366,-0.00609636,0.717024,96.137,83.1007,9.25375,3
899,-0.0102889,0.029376,0.0200667,0.0748737,-0.697818,-0.00374261,0.712341,95.8226,83.6946,8.59867,3
899.5,-0.0100559,0.029512,0.0189557,0.0695297,-0.70323,-0.00152426,0.707552,95.5232,84.2638,7.97587,3
900,-0.00982379,0.029635,0.0177118,0.0644173,-0.708603,0.000542496,0.70266,95.2382,84.8059,7.38706,4
900.5,-0.00959388,0.0297445,0.016439,0.0595592,-0.713936,0.00243162,0.697669,94.9667,85.3166,6.83472,4
901,-0.00936683,0.0298405,0.0151534,0.0549594,-0.719229,0.00413512,0.692584,94.7079,85.7948,6.31889,4
901.5,-0.0091431,0.0299235,0.01386,0.0506187,-0.724481,0.00564778,0.68741,94.4607,86.2398,5.83899,4
902,-0.00892311,0.0299938,0.0125653,0.0465368,-0.729693,0.00696526,0.682154,94.224,86.6513,5.39412,4
902.5,-0.00870724,0.0300517,0.011278,0.0427124,-0.734864,0.0080844,0.67682,93.9967,87.0289,4.98296,4
903,-0.00849576,0.0300978,0.010008,0.0391424,-0.739994,0.00900362,0.671413,93.7778,87.3726,4.60376,4
903.5,-0.00828887,0.0301324,0.00876572,0.0358219,-0.745081,0.00972324,0.66594,93.5661,87.6829,4.25439,4
904,-0.00808666,0.0301563,0.00756127,0.0327442,-0.750126,0.0102456,0.660404,93.3606,87.9603,3.93237,4
904.5,-0.00788917,0.0301699,0.0064042,0.0299011,-0.755127,0.010575,0.65481,93.1603,88.2058,3.635,4
905,-0.00769632,0.0301739,0.00530323,0.0272828,-0.760084,0.0107177,0.649163,92.9644,88.4208,3.35944,4
905.5,-0.00750798,0.030169,0.00426618,0.024878,-0.764996,0.0106818,0.643466,92.7719,88.6066,3.10287,4
906,-0.00732395,0.0301558,0.00329985,0.0226746,-0.76986,0.0104773,0.637723,92.5822,88.7652,2.86259,4
906.5,-0.00714397,0.030135,0.00240996,0.0206593,-0.774678,0.0101153,0.631938,92.3947,88.8985,2.63615,4
907,-0.00696775,0.0301073,0.00160114,0.0188182,-0.779446,0.00960878,0.626113,92.2089,89.0086,2.42144,4
907.5,-0.00679494,0.0300732,0.000876931,0.017137,-0.784164,0.00897151,0.620252,92.0246,89.0977,2.21672,4
908,-0.00662518,0.0300335,0.000239781,0.015601,-0.788831,0.00821837,0.614358,91.8415,89.1683,2.02073,4
908.5,-0.00645809,0.0299887,-0.000308938,0.0141955,-0.793445,0.00736502,0.608431,91.6596,89.2228,1.83267,4
909,-0.00629325,0.0299395,-0.000768895,0.0129059,-0.798007,0.00642765,0.602476,91.4789,89.2636,1.65223,4
909.5,-0.00613028,0.0298863,-0.00114077,0.0117177,-0.802514,0.00542281,0.596493,91.2997,89.2931,1.47961,4
910,-0.00596878,0.0298297,-0.00142619,0.0106171,-0.806967,0.0043672,0.590485,91.1223,89.3137,1.31556,4
910.5,-0.00580835,0.0297702,-0.00162769,0.00959065,-0.811365,0.00327744,0.584453,90.9471,89.3278,1.16143,4
911,-0.00564862,0.0297082,-0.00174865,0.00862566,-0.815706,0.00216992,0.578398,90.7746,89.3375,1.01924,4
911.5,-0.00548924,0.0296442,-0.00179321,0.00771027,-0.819992,0.00106057,0.572323,90.6053,89.3451,0.891861,4
912,-0.00532989,0.0295783,-0.0017662,0.00683351,-0.824221,-3.52979e-05,0.566228,90.4401,89.3523,0.783079,4
912.5,-0.00517026,0.0295111,-0.00167306,0.00598537,-0.828393,-0.00110315,0.560114,90.2794,89.361,0.697429,4
913,-0.0050101,0.0294426,-0.00151974,0.00515689,-0.83251,-0.0021294,0.553983,90.1242,89.3728,0.639336,4
913.5,-0.00484916,0.0293732,-0.00131264,0.00434018,-0.836569,-0.00310154,0.547835,89.9751,89.3892,0.611289,4
914,-0.00468727,0.029303,-0.00105849,0.00352847,-0.840573,-0.00400822,0.541671,89.8329,89.4113,0.611925,4
914.5,-0.00452426,0.0292322,-0.000764283,0.00271609,-0.844521,-0.00483941,0.535493,89.6983,89.4402,0.63593,4
915,-0.00436003,0.0291607,-0.000437159,0.00189852,-0.848414,-0.00558645,0.529301,89.572,89.4766,0.676121,4
915.5,-0.0041945,0.0290887,-8.4337e-05,0.00107228,-0.852251,-0.0062421,0.523095,89.4547,89.5211,0.725774,4
916,-0.00402764,0.0290162,0.000286977,0.000235008,-0.856033,-0.00680062,0.516877,89.3468,89.5741,0.779765,4
916.5,-0.00385945,0.0289431,0.000669674,-0.000614673,-0.85976,-0.00725776,0.510647,89.249,89.6359,0.834662,4
917,-0.00368998,0.0288695,0.00105682,-0.00147716,-0.863432,-0.00761076,0.504405,89.1616,89.7062,0.888413,4
917.5,-0.00351931,0.0287952,0.00144171,-0.00235195,-0.86705,-0.00785841,0.498153,89.0849,89.7851,0.939984,4
918,-0.00334758,0.0287201,0.00181799,-0.00323769,-0.870614,-0.00800091,0.491891,89.0192,89.872,0.989072,4
918.5,-0.00317492,0.0286441,0.00217963,-0.00413231,-0.874124,-0.00803991,0.485619,88.9647,89.9665,1.03589,4
919,-0.00300153,0.0285671,0.00252106,-0.00503304,-0.87758,-0.00797843,0.479338,88.9211,90.0679,1.08099,4
919.5,-0.00282763,0.028489,0.0028372,-0.00593654,-0.880981,-0.00782075,0.473049,88.8886,90.1754,1.12516,4
920,-0.00265346,0.0284096,0.00312345,-0.00683896,-0.884329,-0.00757236,0.466753,88.8668,90.288,1.16926,4
920.5,-0.00247929,0.0283287,0.00337582,-0.00773609,-0.887623,-0.00723983,0.460449,88.8553,90.4049,1.21416,4
921,-0.00230541,0.0282463,0.00359089,-0.00862336,-0.890862,-0.00683072,0.45414,88.8538,90.5248,1.26064,4
921.5,-0.00213215,0.0281621,0.00376583,-0.00949602,-0.894047,-0.00635346,0.447826,88.8617,90.6468,1.30929,4
922,-0.00195981,0.0280761,0.00389848,-0.0103492,-0.897179,-0.00581717,0.441508,88.8783,90.7697,1.36047,4
922.5,-0.00178875,0.0279882,0.0039873,-0.011178,-0.900255,-0.00523159,0.435187,88.9028,90.8923,1.41428,4
923,-0.0016193,0.0278981,0.00403142,-0.0119774,-0.903278,-0.0046069,0.428864,88.9345,91.0134,1.47058,4
923.5,-0.00145183,0.0278059,0.00403059,-0.0127429,-0.906246,-0.00395358,0.422539,88.9724,91.132,1.52894,4
924,-0.00128667,0.0277114,0.0039852,-0.0134698,-0.90916,-0.00328226,0.416215,89.0156,91.2469,1.58874,4
924.5,-0.0011242,0.0276145,0.00389627,-0.0141538,-0.912021,-0.0026036,0.409892,89.063,91.357,1.64918,4
925,-0.000964746,0.0275153,0.00376539,-0.0147911,-0.914827,-0.0019281,0.403571,89.1138,91.4616,1.70933,4
925.5,-0.000808652,0.0274137,0.00359472,-0.015378,-0.917579,-0.00126598,0.397254,89.1668,91.5595,1.76822,4
926,-0.000656243,0.0273097,0.00338692,-0.0159114,-0.920277,-0.000627058,0.390943,89.221,91.6501,1.82481,4
926.5,-0.00050783,0.0272032,0.00314515,-0.0163888,-0.922923,-2.06027e-05,0.384637,89.2754,91.7326,1.8781,4
927,-0.000363707,0.0270942,0.00287295,-0.0168078,-0.925515,0.000544777,0.378338,89.3291,91.8065,1.92714,4
927.5,-0.000224147,0.0269828,0.00257423,-0.017167,-0.928054,0.00106124,0.372049,89.381,91.8712,1.97105,4
928,-8.94023e-05,0.026869,0.00225318,-0.0174652,-0.930541,0.00152181,0.365769,89.4302,91.9265,2.00905,4
928.5,4.03e-05,0.0267528,0.00191423,-0.0177019,-0.932975,0.00192044,0.3595,89.4761,91.972,2.04049,4
929,0.000164757,0.0266342,0.00156192,-0.017877,-0.935358,0.0022521,0.353244,89.5177,92.0077,2.06485,4
929.5,0.00028379,0.0265133,0.0012009,-0.017991,-0.937689,0.0025128,0.347001,89.5546,92.0335,2.08174,4
930,0.000397251,0.0263901,0.000835792,-0.0180449,-0.939969,0.00269963,0.340773,89.5861,92.0495,2.09092,4
930.5,0.000505015,0.0262647,0.000471154,-0.0180401,-0.942198,0.00281076,0.33456,89.6119,92.056,2.0923,4
931,0.000606984,0.0261369,0.000111399,-0.0179787,-0.944376,0.00284546,0.328364,89.6314,92.0531,2.08596,4
931.5,0.000703089,0.026007,-0.000239262,-0.0178627,-0.946504,0.00280406,0.322185,89.6446,92.0414,2.0721,4
932,0.000793282,0.0258748,-0.000576885,-0.0176949,-0.948582,0.00268788,0.316025,89.6514,92.0212,2.05106,4
932.5,0.000877542,0.0257404,-0.000897839,-0.0174782,-0.95061,0.00249923,0.309884,89.6516,91.9931,2.02334,4
933,0.000955872,0.0256039,-0.00119885,-0.0172159,-0.952589,0.00224132,0.303764,89.6454,91.9577,1.98954,4
933.5,0.00102829,0.0254651,-0.00147703,-0.0169112,-0.954519,0.00191817,0.297665,89.633,91.9155,1.9504,4
934,0.00109485,0.0253241,-0.00172992,-0.0165678,-0.956399,0.00153453,0.291588,89.6146,91.8674,1.90674,4
934.5,0.00115559,0.025181,-0.00195548,-0.0161893,-0.958231,0.00109581,0.285534,89.5906,91.8138,1.85948,4
935,0.00121061,0.0250356,-0.0021521,-0.0157794,-0.960015,0.000607919,0.279504,89.5615,91.7556,1.80961,4
935.5,0.00126,0.024888,-0.00231863,-0.015342,-0.96175,7.72363e-05,0.273498,89.5277,91.6935,1.75815,4
936,0.00130385,0.0247381,-0.00245434,-0.0148807,-0.963438,-0.000489547,0.267518,89.4898,91.6281,1.70619,4
936.5,0.00134228,0.024586,-0.00255891,-0.0143992,-0.965078,-0.00108551,0.261564,89.4484,91.5601,1.65477,4
937,0.00137542,0.0244315,-0.00263244,-0.0139011,-0.966672,-0.00170359,0.255637,89.4041,91.4901,1.60492,4
937.5,0.0014034,0.0242747,-0.00267537,-0.0133898,-0.968218,-0.00233673,0.249737,89.3575,91.4189,1.5576,4
938,0.00142637,0.0241156,-0.00268851,-0.0128686,-0.969719,-0.00297789,0.243867,89.3095,91.3469,1.51365,4
938.5,0.00144447,0.0239542,-0.00267298,-0.0123408,-0.971174,-0.00362022,0.238026,89.2605,91.2747,1.47378,4
939,0.00145784,0.0237905,-0.00263018,-0.0118091,-0.972583,-0.00425708,0.232215,89.2113,91.2029,1.4385,4
939.5,0.00146666,0.0236244,-0.00256177,-0.0112764,-0.973949,-0.00488211,0.226436,89.1625,91.1319,1.40812,4
940,0.00147106,0.0234559,-0.00246959,-0.0107453,-0.97527,-0.00548934,0.220689,89.1148,91.0621,1.38272,4
940.5,0.00147123,0.0232852,-0.00235568,-0.010218,-0.976547,-0.00607321,0.214974,89.0686,90.9939,1.36213,4
941,0.00146731,0.0231122,-0.00222221,-0.00969666,-0.977782,-0.00662862,0.209294,89.0247,90.9275,1.346,4
941.5,0.00145948,0.022937,-0.00207146,-0.00918325,-0.978975,-0.00715096,0.203649,88.9834,90.8634,1.33377,4
942,0.00144789,0.0227597,-0.00190574,-0.00867944,-0.980126,-0.00763617,0.198039,88.9453,90.8016,1.32476,4
942.5,0.00143272,0.0225802,-0.00172743,-0.00818673,-0.981236,-0.0080807,0.192466,88.9108,90.7423,1.31818,4
943,0.00141414,0.0223987,-0.00153886,-0.00770641,-0.982306,-0.00848159,0.186931,88.8801,90.6858,1.31322,4
943.5,0.00139231,0.0222153,-0.00134236,-0.00723961,-0.983337,-0.00883643,0.181433,88.8537,90.6321,1.30906,4
944,0.0013674,0.0220301,-0.00114017,-0.00678726,-0.984329,-0.00914334,0.175975,88.8317,90.5812,1.3049,4
944.5,0.0013396,0.0218432,-0.000934414,-0.00635015,-0.985283,-0.009401,0.170556,88.8144,90.5332,1.30004,4
945,0.00130907,0.0216546,-0.000727126,-0.00592891,-0.986199,-0.00960858,0.165178,88.8018,90.4882,1.29383,4
945.5,0.00127599,0.0214647,-0.000520187,-0.00552404,-0.987079,-0.00976575,0.159841,88.7941,90.446,1.28573,4
946,0.00124053,0.0212734,-0.000315323,-0.0051359,-0.987923,-0.00987262,0.154545,88.7913,90.4066,1.27527,4
946.5,0.00120289,0.021081,-0.000114098,-0.00476475,-0.988732,-0.00992975,0.149293,88.7934,90.37,1.26211,4
947,0.00116324,0.0208877,8.20938e-05,-0.00441077,-0.989506,-0.00993803,0.144083,88.8002,90.3361,1.24596,4
947.5,0.00112178,0.0206935,0.00027203,-0.00407401,-0.990246,-0.00989871,0.138917,88.8118,90.3047,1.22665,4
948,0.00107868,0.0204987,0.000454657,-0.00375449,-0.990953,-0.00981336,0.133794,88.828,90.2759,1.20404,4
948.5,0.00103414,0.0203034,0.000629085,-0.00345213,-0.991628,-0.00968375,0.128717,88.8486,90.2494,1.1781,4
949,0.000988365,0.0201079,0.000794579,-0.00316681,-0.992271,-0.00951192,0.123684,88.8735,90.2253,1.14883,4
949.5,0.00094154,0.0199123,0.000950549,-0.00289834,-0.992883,-0.00930005,0.118696,88.9024,90.2033,1.11628,4
950,0.000893866,0.0197168,0.00109654,-0.00264651,-0.993464,-0.00905048,0.113753,88.9351,90.1833,1.08056,4
950.5,0.000845546,0.0195216,0.00123222,-0.00241105,-0.994016,-0.00876566,0.108856,88.9714,90.1653,1.04179,4
951,0.000796781,0.0193269,0.00135737,-0.00219165,-0.994539,-0.0084481,0.104005,89.011,90.1491,1.00014,4
951.5,0.000747774,0.0191329,0.00147187,-0.001988,-0.995033,-0.00810039,0.0991992,89.0537,90.1346,0.955792,4
952,0.000698728,0.0189397,0.00157568,-0.00179972,-0.995499,-0.00772512,0.0944395,89.0992,90.1217,0.908949,4
952.5,0.000649844,0.0187476,0.00166885,-0.00162643,-0.995938,-0.00732491,0.0897255,89.1473,90.1103,0.859824,4
953,0.000601325,0.0185567,0.00175147,-0.00146771,-0.996351,-0.00690237,0.0850572,89.1976,90.1003,0.808644,4
953.5,0.00055337,0.0183672,0.00182372,-0.00132314,-0.996738,-0.00646005,0.0804345,89.2499,90.0916,0.75564,4
954,0.000506175,0.0181793,0.0018858,-0.00119225,-0.9971,-0.00600049,0.0758571,89.304,90.0841,0.701051,4
954.5,0.000459935,0.017993,0.00193798,-0.00107455,-0.997437,-0.00552617,0.0713249,89.3596,90.0777,0.645116,4
955,0.00041484,0.0178087,0.00198054,-0.000969548,-0.997751,-0.0050395,0.0668376,89.4164,90.0723,0.588077,4
955.5,0.000371073,0.0176263,0.0020138,-0.00087672,-0.998041,-0.00454282,0.0623949,89.4742,90.0678,0.530176,4
956,0.000328817,0.017446,0.0020381,-0.00079552,-0.998308,-0.00403839,0.0579964,89.5327,90.0642,0.47166,4
956.5,0.000288243,0.0172681,0.0020538,-0.000725385,-0.998554,-0.00352839,0.0536417,89.5918,90.0613,0.412781,4
957,0.000249521,0.0170925,0.00206128,-0.000665732,-0.998778,-0.00301492,0.0493303,89.6512,90.0592,0.353808,4
957.5,0.000212809,0.0169193,0.00206092,-0.00061596,-0.998981,-0.00249998,0.0450618,89.7106,90.0576,0.295044,4
958,0.000178261,0.0167488,0.00205313,-0.00057545,-0.999164,-0.00198546,0.0408358,89.77,90.0566,0.236881,4
958.5,0.000146022,0.0165809,0.0020383,-0.000543564,-0.999327,-0.00147319,0.0366515,89.829,90.0561,0.179939,4
959,0.000116225,0.0164157,0.00201684,-0.000519648,-0.999471,-0.00096486,0.0325086,89.8876,90.0559,0.125581,4
959.5,8.89991e-05,0.0162533,0.00198916,-0.000503034,-0.999596,-0.000462101,0.0284064,89.9454,90.0561,0.0782738,4
960,6.44596e-05,0.0160938,0.00195566,-0.000493038,-0.999704,3.3575e-05,0.0243442,90.0025,90.0566,0.0566288,4
960.5,4.27139e-05,0.0159371,0.00191677,-0.000488961,-0.999793,0.000520751,0.0203216,90.0585,90.0572,0.0818559,4
961,2.38586e-05,0.0157834,0.00187287,-0.000490094,-0.999866,0.000998104,0.0163378,90.1134,90.058,0.127419,4
961.5,7.97995e-06,0.0156326,0.00182437,-0.000495714,-0.999922,0.00146441,0.0123921,90.1671,90.0589,0.177163,4
962,-4.84667e-06,0.0154848,0.00177167,-0.00050509,-0.999962,0.00191854,0.00848396,90.2193,90.0597,0.22734,4
962.5,-1.45568e-05,0.01534,0.00171516,-0.000517483,-0.999986,0.00235946,0.00461265,90.2701,90.0605,0.276801,4
963,-2.10969e-05,0.0151982,0.00165521,-0.000532144,-0.999996,0.00278622,0.000777478,90.3192,90.0612,0.325049,4
963.5,-2.44249e-05,0.0150594,0.00159221,-0.000548323,-0.99999,0.00319797,-0.00302224,90.3666,90.0617,0.371809,4
964,-2.45097e-05,0.0149235,0.00152651,-0.000565262,-0.99997,0.00359395,-0.00678719,90.4123,90.062,0.4169,4
964.5,-2.13316e-05,0.0147906,0.00145846,-0.000582203,-0.999937,0.00397347,-0.0105181,90.456,90.0619,0.460189,4
965,-1.48822e-05,0.0146606,0.00138841,-0.000598389,-0.999889,0.00433594,-0.0142156,90.4978,90.0615,0.501573,4
965.5,-5.16412e-06,0.0145335,0.00131669,-0.000613063,-0.999829,0.00468083,-0.0178804,90.5376,90.0606,0.540967,4
966,7.80871e-06,0.0144094,0.0012436,-0.000625471,-0.999756,0.00500771,-0.0215132,90.5753,90.0593,0.578302,4
966.5,2.40114e-05,0.014288,0.00116945,-0.000634866,-0.99967,0.0053162,-0.0251147,90.6108,90.0574,0.613523,4
967,4.34084e-05,0.0141695,0.00109451,-0.000640508,-0.999573,0.00560601,-0.0286856,90.6442,90.0549,0.646585,4
967.5,6.59532e-05,0.0140537,0.00101905,-0.000641666,-0.999463,0.00587691,-0.0322265,90.6755,90.0518,0.67745,4
968,9.1589e-05,0.0139407,0.000943322,-0.00063762,-0.999342,0.00612871,-0.035738,90.7045,90.0479,0.706093,4
968.5,0.000120249,0.0138303,0.000867554,-0.000627666,-0.99921,0.0063613,-0.039221,90.7312,90.0433,0.732497,4
969,0.000151856,0.0137225,0.000791961,-0.000611112,-0.999067,0.00657463,-0.0426759,90.7557,90.0378,0.75665,4
969.5,0.000186323,0.0136174,0.00071674,-0.000587286,-0.998914,0.00676868,-0.0461034,90.7779,90.0315,0.778554,4
970,0.000223555,0.0135148,0.000642071,-0.000555534,-0.99875,0.00694348,-0.0495042,90.7978,90.0242,0.798214,4
970.5,0.000263446,0.0134146,0.00056812,-0.000515226,-0.998576,0.00709912,-0.0528788,90.8155,90.0159,0.815645,4
971,0.000305883,0.0133169,0.000495038,-0.000465753,-0.998392,0.00723569,-0.0562279,90.8308,90.0067,0.830873,4
971.5,0.000350744,0.0132216,0.000422962,-0.000406534,-0.998198,0.00735336,-0.0595521,90.8439,89.9963,0.843928,4
972,0.000397901,0.0131286,0.000352017,-0.000337013,-0.997995,0.00745231,-0.0628519,90.8547,89.9849,0.854852,4
972.5,0.000447214,0.0130379,0.00028232,-0.000256664,-0.997783,0.00753273,-0.0661278,90.8633,89.9723,0.863697,4
973,0.000498542,0.0129494,0.000213977,-0.000164993,-0.997561,0.00759489,-0.0693806,90.8695,89.9585,0.870524,4
973.5,0.000551734,0.0128631,0.000147087,-6.15366e-05,-0.997331,0.00763903,-0.0726106,90.8736,89.9435,0.875405,4
974,0.000606633,0.012779,8.17443e-05,5.41329e-05,-0.997092,0.00766545,-0.0758185,90.8754,89.9272,0.878426,4
974.5,0.000663077,0.012697,1.80391e-05,0.000182409,-0.996845,0.00767446,-0.0790047,90.875,89.9097,0.879686,4
975,0.000720902,0.012617,-4.39415e-05,0.00032365,-0.996589,0.0076664,-0.0821698,90.8725,89.8909,0.879296,4
975.5,0.000779934,0.012539,-0.000104111,0.000478174,-0.996325,0.00764163,-0.0853142,90.8678,89.8707,0.877387,4
976,0.000840001,0.012463,-0.000162384,0.000646262,-0.996052,0.00760052,-0.0884385,90.861,89.8492,0.874107,4
976.5,0.000900925,0.0123889,-0.000218675,0.000828158,-0.995772,0.00754349,-0.0915431,90.8521,89.8264,0.869622,4
977,0.000962524,0.0123166,-0.000272896,0.00102406,-0.995484,0.00747096,-0.0946285,90.8412,89.8022,0.864123,4
977.5,0.00102462,0.0122462,-0.000324959,0.00123414,-0.995188,0.0073834,-0.0976952,90.8282,89.7766,0.857821,4
978,0.00108702,0.0121776,-0.000374774,0.00145852,-0.994885,0.00728127,-0.100744,90.8133,89.7497,0.850954,4
978.5,0.00114955,0.0121107,-0.000422251,0.00169727,-0.994574,0.00716508,-0.103774,90.7964,89.7214,0.843787,4
979,0.00121202,0.0120455,-0.000467298,0.00195044,-0.994255,0.00703537,-0.106787,90.7777,89.6917,0.83661,4
979.5,0.00127424,0.0119819,-0.000509824,0.00221803,-0.993929,0.00689271,-0.109783,90.7572,89.6607,0.829741,4
980,0.00133604,0.0119199,-0.000549738,0.0025,-0.993596,0.00673766,-0.112762,90.7349,89.6283,0.823522,4
980.5,0.00139722,0.0118595,-0.000586951,0.00279628,-0.993256,0.00657087,-0.115725,90.7108,89.5946,0.818318,4
981,0.00145762,0.0118006,-0.000621375,0.00310676,-0.992908,0.00639296,-0.118672,90.6852,89.5596,0.814509,4
981.5,0.00151705,0.0117431,-0.000652929,0.00343127,-0.992553,0.00620461,-0.121604,90.6579,89.5233,0.812482,4
982,0.00157534,0.011687,-0.000681534,0.00376962,-0.992192,0.00600652,-0.12452,90.6291,89.4857,0.812624,4
982.5,0.00163231,0.0116323,-0.000707118,0.0041216,-0.991823,0.00579941,-0.127421,90.599,89.4469,0.815306,4
983,0.00168781,0.0115788,-0.000729617,0.00448693,-0.991448,0.00558404,-0.130308,90.5674,89.4068,0.82087,4
983.5,0.00174167,0.0115266,-0.000748973,0.00486532,-0.991065,0.00536118,-0.133181,90.5346,89.3656,0.829619,4
984,0.00179374,0.0114755,-0.000765139,0.00525644,-0.990676,0.00513162,-0.136039,90.5006,89.3233,0.841797,4
984.5,0.00184385,0.0114256,-0.000778077,0.00565993,-0.99028,0.00489617,-0.138884,90.4655,89.2798,0.857588,4
985,0.00189187,0.0113767,-0.00078776,0.00607538,-0.989878,0.00465567,-0.141716,90.4294,89.2352,0.877106,4
985.5,0.00193766,0.0113288,-0.000794175,0.00650238,-0.989469,0.00441096,-0.144534,90.3924,89.1896,0.900392,4
986,0.00198109,0.0112818,-0.000797317,0.00694048,-0.989053,0.00416289,-0.147339,90.3546,89.1431,0.927423,4
986.5,0.00202203,0.0112357,-0.000797199,0.00738919,-0.988631,0.00391233,-0.150131,90.3161,89.0955,0.958112,4
987,0.00206035,0.0111904,-0.000793843,0.00784801,-0.988202,0.00366014,-0.152911,90.277,89.0471,0.992324,4
987.5,0.00209596,0.0111458,-0.000787288,0.0083164,-0.987767,0.0034072,-0.155679,90.2373,88.9978,1.02988,4
988,0.00212875,0.0111019,-0.000777587,0.00879381,-0.987325,0.00315438,-0.158434,90.1972,88.9477,1.07058,4
988.5,0.00215862,0.0110585,-0.000764805,0.00927966,-0.986878,0.00290252,-0.161177,90.1568,88.8969,1.11419,4
989,0.00218548,0.0110157,-0.000749026,0.00977335,-0.986424,0.00265249,-0.163908,90.1163,88.8454,1.16048,4
989.5,0.00220926,0.0109733,-0.000730346,0.0102743,-0.985964,0.00240513,-0.166627,90.0756,88.7932,1.20919,4
990,0.00222989,0.0109313,-0.000708876,0.0107818,-0.985497,0.00216125,-0.169334,90.0349,88.7404,1.2601,4
990.5,0.0022473,0.0108896,-0.000684746,0.0112952,-0.985025,0.00192166,-0.17203,89.9942,88.6871,1.31296,4
991,0.00226144,0.0108481,-0.000658098,0.0118139,-0.984547,0.00168713,-0.174714,89.9538,88.6332,1.36754,4
991.5,0.00227227,0.0108067,-0.000629091,0.0123371,-0.984063,0.00145841,-0.177386,89.9137,88.579,1.42361,4
992,0.00227975,0.0107655,-0.0005979,0.0128643,-0.983573,0.0012362,-0.180047,89.8739,88.5244,1.48097,4
992.5,0.00228385,0.0107242,-0.000564714,0.0133945,-0.983078,0.00102119,-0.182696,89.8346,88.4695,1.5394,4
993,0.00228456,0.0106829,-0.00052974,0.0139273,-0.982577,0.000813991,-0.185333,89.7959,88.4144,1.59872,4
993.5,0.00228187,0.0106415,-0.000493198,0.0144617,-0.98207,0.000615206,-0.187959,89.7577,88.3591,1.65874,4
994,0.00227577,0.0105998,-0.000455324,0.014997,-0.981558,0.000425365,-0.190573,89.7203,88.3036,1.71929,4
994.5,0.00226628,0.010558,-0.000416371,0.0155326,-0.981041,0.000244948,-0.193176,89.6837,88.2481,1.7802,4
995,0.00225342,0.0105157,-0.000376603,0.0160676,-0.980519,7.43791e-05,-0.195766,89.6479,88.1927,1.84131,4
995.5,0.0022372,0.0104731,-0.000336299,0.0166013,-0.979992,-8.5982e-05,-0.198345,89.613,88.1373,1.90248,4
996,0.00221766,0.0104301,-0.000295752,0.0171329,-0.97946,-0.000235841,-0.200911,89.5791,88.0821,1.96357,4
996.5,0.00219485,0.0103865,-0.000255265,0.0176616,-0.978923,-0.000374973,-0.203466,89.5461,88.0271,2.02444,4
997,0.00216883,0.0103424,-0.000215153,0.0181867,-0.978381,-0.000503226,-0.206008,89.5142,87.9725,2.08496,4
997.5,0.00213963,0.0102976,-0.000175741,0.0187074,-0.977835,-0.000620525,-0.208537,89.4834,87.9182,2.14501,4
998,0.00210735,0.0102522,-0.000137359,0.0192228,-0.977285,-0.000726872,-0.211054,89.4537,87.8644,2.20448,4
998.5,0.00207204,0.010206,-0.000100346,0.0197322,-0.976731,-0.000822351,-0.213559,89.4251,87.8111,2.26325,4
999,0.0020338,0.0101591,-6.50412e-05,0.0202348,-0.976172,-0.00090713,-0.21605,89.3976,87.7584,2.32123,4
999.5,0.00199271,0.0101114,-3.17876e-05,0.0207299,-0.97561,-0.000981458,-0.218529,89.3712,87.7064,2.3783,4
1000,0.00194888,0.0100628,-9.25393e-07,0.0212166,-0.975044,-0.00104567,-0.220994,89.3459,87.6553,2.43438,4
1000.5,0.00190239,0.0100133,2.72095e-05,0.0216942,-0.974474,-0.00110019,-0.223446,89.3217,87.605,2.48936,4
1001,0.00185337,0.00996287,5.22887e-05,0.0221618,-0.973902,-0.00114552,-0.225884,89.2985,87.5556,2.54316,4
1001.5,0.00180192,0.00991148,7.39947e-05,0.0226188,-0.973326,-0.00118225,-0.228308,89.2764,87.5074,2.59568,4
1002,0.00174817,0.00985909,9.2024e-05,0.0230643,-0.972747,-0.00121104,-0.230718,89.2552,87.4602,2.64686,4
1002.5,0.00169224,0.00980566,0.000106091,0.0234977,-0.972165,-0.00123264,-0.233114,89.235,87.4144,2.69659,4
1003,0.00163427,0.00975118,0.000115932,0.0239181,-0.97158,-0.00124788,-0.235495,89.2156,87.3698,2.7448,4
1003.5,0.00157437,0.0096956,0.000121308,0.0243249,-0.970994,-0.00125762,-0.237861,89.197,87.3267,2.79142,4
1004,0.0015127,0.0096389,0.000122007,0.0247172,-0.970405,-0.00126283,-0.240213,89.1792,87.2852,2.83637,4
1004.5,0.00144938,0.00958106,0.00011785,0.0250945,-0.969814,-0.00126451,-0.24255,89.162,87.2453,2.87957,4
1005,0.00138456,0.00952205,0.000108695,0.025456,-0.969221,-0.00126371,-0.244871,89.1453,87.2071,2.92095,4
1005.5,0.00131839,0.00946185,9.44346e-05,0.0258011,-0.968626,-0.00126153,-0.247176,89.1291,87.1708,2.96045,4
1006,0.00125099,0.00940044,7.5004e-05,0.0261291,-0.96803,-0.00125909,-0.249466,89.1134,87.1364,2.99799,4
1006.5,0.00118252,0.00933779,5.03811e-05,0.0264394,-0.967433,-0.00125755,-0.251739,89.0978,87.104,3.03351,4
1007,0.00111312,0.00927389,2.05887e-05,0.0267314,-0.966835,-0.00125806,-0.253996,89.0825,87.0737,3.06695,4
1007.5,0.00104292,0.00920871,-1.4304e-05,0.0270046,-0.966236,-0.00126179,-0.256236,89.0673,87.0457,3.09826,4
1008,0.000972077,0.00914224,-5.41806e-05,0.0272585,-0.965637,-0.00126988,-0.25846,89.0521,87.02,3.12737,4
1008.5,0.000900716,0.00907445,-9.88767e-05,0.0274925,-0.965037,-0.00128347,-0.260666,89.0368,86.9967,3.15423,4
1009,0.000828974,0.00900532,-0.000148181,0.0277062,-0.964437,-0.00130365,-0.262855,89.0213,86.9759,3.17881,4
1009.5,0.000756983,0.00893483,-0.000201833,0.0278992,-0.963836,-0.00133147,-0.265027,89.0056,86.9576,3.20106,4
1010,0.000684871,0.00886296,-0.000259531,0.0280711,-0.963237,-0.00136794,-0.26718,88.9895,86.942,3.22095,4
1010.5,0.000612759,0.0087897,-0.000320925,0.0282217,-0.962637,-0.00141398,-0.269315,88.973,86.929,3.23845,4
1011,0.000540766,0.00871501,-0.000385626,0.0283505,-0.962039,-0.00147045,-0.271432,88.956,86.9188,3.25354,4
1011.5,0.000469005,0.00863889,-0.000453206,0.0284576,-0.961441,-0.00153812,-0.27353,88.9385,86.9115,3.2662,4
1012,0.000397584,0.00856131,-0.000523201,0.0285426,-0.960845,-0.00161766,-0.275609,88.9204,86.9069,3.27643,4
1012.5,0.000326605,0.00848225,-0.000595118,0.0286054,-0.96025,-0.00170964,-0.277668,88.9016,86.9053,3.28424,4
1013,0.000256164,0.0084017,-0.000668436,0.0286461,-0.959656,-0.00181451,-0.279708,88.8822,86.9065,3.28963,4
1013.5,0.00018635,0.00831963,-0.000742609,0.0286645,-0.959064,-0.00193262,-0.281728,88.8621,86.9106,3.29262,4
1014,0.000117247,0.00823603,-0.000817079,0.0286609,-0.958474,-0.00206417,-0.283727,88.8414,86.9177,3.29325,4
1014.5,4.89317e-05,0.00815087,-0.00089127,0.0286352,-0.957887,-0.00220926,-0.285706,88.8199,86.9277,3.29156,4
1015,-1.85251e-05,0.00806415,-0.000964602,0.0285877,-0.957302,-0.00236783,-0.287663,88.7978,86.9406,3.28758,4
1015.5,-8.50592e-05,0.00797585,-0.00103649,0.0285186,-0.95672,-0.00253971,-0.2896,88.7751,86.9563,3.28137,4
1016,-0.000150613,0.00788595,-0.00110636,0.0284282,-0.95614,-0.00272459,-0.291514,88.7517,86.9749,3.27301,4
1016.5,-0.000215135,0.00779444,-0.00117364,0.0283169,-0.955564,-0.00292202,-0.293407,88.7279,86.9962,3.26255,4
1017,-0.000278579,0.00770131,-0.00123778,0.0281851,-0.954991,-0.00313143,-0.295276,88.7035,87.0202,3.25008,4
1017.5,-0.000340908,0.00760656,-0.00129823,0.0280332,-0.954422,-0.00335211,-0.297123,88.6788,87.0469,3.23568,4
1018,-0.000402086,0.00751016,-0.00135449,0.0278617,-0.953856,-0.00358324,-0.298947,88.6538,87.0761,3.21944,4
1018.5,-0.000462086,0.00741213,-0.00140607,0.0276713,-0.953295,-0.00382387,-0.300747,88.6285,87.1078,3.20144,4
1019,-0.000520885,0.00731245,-0.00145252,0.0274625,-0.952737,-0.00407294,-0.302524,88.6032,87.1418,3.1818,4
1019.5,-0.000578465,0.00721112,-0.00149343,0.0272359,-0.952185,-0.0043293,-0.304275,88.5778,87.178,3.16059,4
1020,-0.000634814,0.00710814,-0.00152842,0.0269924,-0.951637,-0.0045917,-0.306002,88.5526,87.2164,3.13793,4
1020.5,-0.000689923,0.00700351,-0.00155717,0.0267326,-0.951094,-0.00485878,-0.307704,88.5277,87.2568,3.1139,4
1021,-0.000743786,0.00689725,-0.00157938,0.0264572,-0.950557,-0.00512915,-0.30938,88.5032,87.299,3.08859,4
1021.5,-0.000796404,0.00678934,-0.00159483,0.0261671,-0.950025,-0.00540132,-0.31103,88.4792,87.3429,3.06211,4
1022,-0.000847778,0.00667981,-0.00160333,0.0258631,-0.949498,-0.00567375,-0.312653,88.4559,87.3884,3.03452,4
1022.5,-0.000897914,0.00656865,-0.00160475,0.0255459,-0.948978,-0.00594488,-0.31425,88.4334,87.4352,3.00591,4
1023,-0.000946821,0.00645589,-0.00159901,0.0252166,-0.948464,-0.00621309,-0.315819,88.4119,87.4834,2.97636,4
1023.5,-0.00099451,0.00634154,-0.00158608,0.0248758,-0.947956,-0.00647678,-0.317361,88.3916,87.5326,2.94592,4
1024,-0.00104099,0.0062256,-0.00156599,0.0245245,-0.947455,-0.00673431,-0.318875,88.3725,87.5827,2.91464,4
1024.5,-0.00108628,0.0061081,-0.00153882,0.0241635,-0.946962,-0.00698407,-0.320361,88.3548,87.6336,2.88258,4
1025,-0.0011304,0.00598905,-0.00150472,0.0237938,-0.946475,-0.00722446,-0.321818,88.3388,87.6852,2.84977,4
1025.5,-0.00117336,0.00586847,-0.00146387,0.023416,-0.945996,-0.00745393,-0.323245,88.3244,87.7371,2.81623,4
1026,-0.00121518,0.00574639,-0.00141651,0.0230311,-0.945525,-0.00767095,-0.324644,88.3118,87.7894,2.78198,4
1026.5,-0.00125589,0.00562281,-0.00136293,0.0226399,-0.945062,-0.00787406,-0.326012,88.3012,87.8418,2.74704,4
1027,-0.00129549,0.00549776,-0.00130347,0.0222431,-0.944607,-0.00806188,-0.32735,88.2927,87.8943,2.71138,4
1027.5,-0.00133402,0.00537127,-0.00123852,0.0218416,-0.94416,-0.0082331,-0.328658,88.2864,87.9465,2.67501,4
1028,-0.0013715,0.00524335,-0.0011685,0.021436,-0.943723,-0.00838649,-0.329935,88.2824,87.9985,2.63792,4
1028.5,-0.00140793,0.00511402,-0.0010939,0.021027,-0.943294,-0.00852094,-0.331181,88.2807,88.0501,2.60007,4
1029,-0.00144336,0.00498331,-0.00101522,0.0206153,-0.942875,-0.00863545,-0.332395,88.2815,88.1012,2.56143,4
1029.5,-0.00147779,0.00485123,-0.000933003,0.0202014,-0.942466,-0.00872912,-0.333578,88.2848,88.1516,2.52199,4
1030,-0.00151125,0.00471781,-0.000847837,0.019786,-0.942066,-0.0088012,-0.334729,88.2907,88.2013,2.4817,4
1030.5,-0.00154376,0.00458307,-0.000760329,0.0193695,-0.941676,-0.00885107,-0.335847,88.2992,88.2502,2.44052,4
1031,-0.00157533,0.00444702,-0.000671112,0.0189524,-0.941296,-0.00887825,-0.336933,88.3104,88.2982,2.39844,4
1031.5,-0.00160599,0.00430968,-0.00058084,0.018535,-0.940927,-0.00888241,-0.337986,88.3242,88.3453,2.35541,4
1032,-0.00163576,0.00417108,-0.000490187,0.0181177,-0.940568,-0.00886337,-0.339006,88.3406,88.3914,2.31141,4
1032.5,-0.00166465,0.00403121,-0.000399836,0.0177007,-0.94022,-0.0088211,-0.339992,88.3598,88.4364,2.26642,4
1033,-0.00169268,0.0038901,-0.00031048,0.0172843,-0.939884,-0.00875575,-0.340945,88.3815,88.4803,2.22041,4
1033.5,-0.00171987,0.00374776,-0.000222813,0.0168686,-0.939558,-0.00866761,-0.341864,88.4058,88.5232,2.17338,4
1034,-0.00174622,0.0036042,-0.000137527,0.0164537,-0.939244,-0.00855714,-0.342749,88.4326,88.565,2.12532,4
1034.5,-0.00177176,0.00345942,-5.53071e-05,0.0160396,-0.938942,-0.00842498,-0.343599,88.4618,88.6058,2.07624,4
1035,-0.0017965,0.00331344,2.31742e-05,0.0156262,-0.938651,-0.00827189,-0.344415,88.4934,88.6456,2.02615,4
1035.5,-0.00182045,0.00316626,9.72631e-05,0.0152135,-0.938372,-0.00809882,-0.345196,88.5272,88.6843,1.97507,4
1036,-0.00184362,0.00301787,0.000166329,0.0148012,-0.938106,-0.00790685,-0.345942,88.5631,88.7222,1.92303,4
1036.5,-0.00186601,0.00286829,0.00022977,0.0143892,-0.937852,-0.00769723,-0.346653,88.6011,88.7593,1.87006,4
1037,-0.00188764,0.00271751,0.000287019,0.0139771,-0.93761,-0.00747132,-0.347328,88.6408,88.7955,1.8162,4
1037.5,-0.00190851,0.00256553,0.000337547,0.0135647,-0.937381,-0.00723064,-0.347967,88.6823,88.8312,1.76151,4
1038,-0.00192863,0.00241234,0.000380868,0.0131514,-0.937164,-0.00697681,-0.348571,88.7253,88.8663,1.70604,4
1038.5,-0.001948,0.00225794,0.000416547,0.0127369,-0.936961,-0.00671157,-0.349138,88.7697,88.9009,1.64984,4
1039,-0.00196661,0.00210232,0.000444201,0.0123208,-0.93677,-0.00643678,-0.349668,88.8153,88.9353,1.59297,4
1039.5,-0.00198447,0.00194547,0.000463503,0.0119024,-0.936593,-0.00615436,-0.350163,88.8618,88.9695,1.5355,4
1040,-0.00200157,0.00178738,0.00047419,0.0114813,-0.936429,-0.00586632,-0.35062,88.9091,89.0036,1.47749,4
1040.5,-0.0020179,0.00162806,0.000476059,0.0110569,-0.936279,-0.00557473,-0.35104,88.9571,89.0379,1.419,4
1041,-0.00203346,0.00146747,0.000468976,0.0106286,-0.936142,-0.0052817,-0.351422,89.0053,89.0725,1.36008,4
1041.5,-0.00204822,0.00130562,0.000452878,0.0101959,-0.936019,-0.0049894,-0.351767,89.0538,89.1075,1.30078,4
1042,-0.00206218,0.00114249,0.00042777,0.00975804,-0.93591,-0.00469997,-0.352074,89.1022,89.1431,1.24116,4
1042.5,-0.00207531,0.000978085,0.000393733,0.00931453,-0.935814,-0.00441558,-0.352342,89.1504,89.1794,1.18125,4
1043,-0.00208759,0.000812385,0.000350918,0.00886477,-0.935733,-0.00413838,-0.352573,89.1981,89.2166,1.12109,4
1043.5,-0.00209898,0.000645386,0.000299552,0.00840818,-0.935667,-0.00387048,-0.352764,89.2451,89.2549,1.0607,4
1044,-0.00210946,0.000477085,0.000239934,0.00794423,-0.935614,-0.00361395,-0.352916,89.2912,89.2944,1.00012,4
1044.5,-0.00211899,0.000307481,0.000172437,0.00747242,-0.935576,-0.00337076,-0.353029,89.3363,89.3352,0.939376,4
1045,-0.00212752,0.000136574,9.75031e-05,0.00699228,-0.935553,-0.00314284,-0.353103,89.3801,89.3775,0.878481,4
1045.5,-0.00213502,-3.56313e-05,1.56438e-05,0.00650339,-0.935545,-0.00293198,-0.353136,89.4225,89.4214,0.817476,4
1046,-0.00214141,-0.000209128,-7.25636e-05,0.00600539,-0.935551,-0.00273989,-0.353129,89.4632,89.467,0.756412,4
1046.5,-0.00214666,-0.000383903,-0.000166479,0.00549799,-0.935573,-0.00256813,-0.353082,89.5022,89.5145,0.69537,4
1047,-0.00215069,-0.000559941,-0.000265405,0.00498096,-0.935609,-0.00241811,-0.352993,89.5393,89.5638,0.634485,4
1047.5,-0.00215344,-0.000737221,-0.00036859,0.00445415,-0.935661,-0.00229109,-0.352864,89.5742,89.6151,0.573974,4
1048,-0.00215484,-0.000915716,-0.000475231,0.00391749,-0.935728,-0.00218816,-0.352693,89.607,89.6684,0.514194,4
1048.5,-0.00215481,-0.0010954,-0.000584486,0.003371,-0.935811,-0.00211023,-0.352481,89.6375,89.7237,0.455734,4
1049,-0.00215327,-0.00127622,-0.000695475,0.00281479,-0.935909,-0.00205801,-0.352226,89.6657,89.7812,0.39957,4
1049.5,-0.00215013,-0.00145815,-0.000807289,0.00224908,-0.936022,-0.00203203,-0.351929,89.6913,89.8407,0.347337,4
1050,-0.00214531,-0.00164114,-0.000918996,0.00167416,-0.936151,-0.00203258,-0.351589,89.7145,89.9023,0.301753,4
1050.5,-0.00213872,-0.00182513,-0.00102965,0.00109047,-0.936295,-0.00205978,-0.351206,89.7351,89.9659,0.267071,4
1051,-0.00213026,-0.00201005,-0.0011383,0.000498506,-0.936455,-0.00211351,-0.35078,89.7532,90.0315,0.248836,4
1051.5,-0.00211983,-0.00219585,-0.00124401,-0.000101102,-0.936631,-0.00219344,-0.350311,89.7686,90.0989,0.251617,4
1052,-0.00210734,-0.00238245,-0.00134583,-0.000707627,-0.936822,-0.00229903,-0.349798,89.7816,90.1681,0.275646,4
1052.5,-0.00209269,-0.00256977,-0.00144286,-0.00132024,-0.937029,-0.00242952,-0.349241,89.792,90.239,0.316854,4
1053,-0.00207578,-0.00275772,-0.00153421,-0.001938,-0.937251,-0.00258396,-0.348639,89.7999,90.3114,0.370128,4
1053.5,-0.00205652,-0.00294623,-0.00161904,-0.00255989,-0.937489,-0.00276118,-0.347994,89.8055,90.3851,0.431467,4
1054,-0.00203482,-0.00313519,-0.00169658,-0.00318476,-0.937743,-0.00295984,-0.347303,89.8087,90.46,0.498223,4
1054.5,-0.00201057,-0.0033245,-0.00176608,-0.00381142,-0.938012,-0.00317841,-0.346568,89.8097,90.5359,0.568695,4
1055,-0.0019837,-0.00351407,-0.0018269,-0.00443856,-0.938296,-0.00341519,-0.345788,89.8087,90.6126,0.641761,4
1055.5,-0.00195412,-0.00370379,-0.00187846,-0.00506482,-0.938595,-0.00366834,-0.344964,89.8057,90.6898,0.716629,4
1056,-0.00192176,-0.00389355,-0.00192025,-0.00568874,-0.93891,-0.0039359,-0.344094,89.8008,90.7673,0.792704,4
1056.5,-0.00188654,-0.00408324,-0.00195189,-0.00630885,-0.93924,-0.00421578,-0.343179,89.7944,90.8448,0.869504,4
1057,-0.00184841,-0.00427276,-0.00197307,-0.00692358,-0.939584,-0.00450581,-0.342218,89.7864,90.9222,0.946612,4
1057.5,-0.00180731,-0.00446199,-0.0019836,-0.00753138,-0.939943,-0.00480374,-0.341213,89.7771,90.9991,1.02365,4
1058,-0.0017632,-0.00465083,-0.0019834,-0.00813063,-0.940318,-0.00510728,-0.340163,89.7666,91.0752,1.10028,4
1058.5,-0.00171604,-0.00483915,-0.00197247,-0.00871973,-0.940706,-0.00541413,-0.339067,89.7552,91.1504,1.17617,4
1059,-0.00166582,-0.00502687,-0.00195096,-0.00929704,-0.941109,-0.00572199,-0.337927,89.7429,91.2243,1.251,4
1059.5,-0.00161252,-0.00521386,-0.00191912,-0.00986097,-0.941526,-0.00602859,-0.336742,89.7301,91.2967,1.32446,4
1060,-0.00155615,-0.00540003,-0.00187728,-0.0104099,-0.941957,-0.0063317,-0.335512,89.7168,91.3672,1.39625,4
1060.5,-0.00149671,-0.00558529,-0.00182591,-0.0109424,-0.942402,-0.0066292,-0.334238,89.7032,91.4357,1.46611,4
1061,-0.00143425,-0.00576952,-0.00176555,-0.0114568,-0.942861,-0.00691903,-0.332919,89.6895,91.502,1.53374,4
1061.5,-0.0013688,-0.00595265,-0.00169683,-0.0119518,-0.943332,-0.00719929,-0.331556,89.6759,91.5657,1.59891,4
1062,-0.00130041,-0.00613459,-0.00162047,-0.012426,-0.943817,-0.0074682,-0.330149,89.6624,91.6267,1.66136,4
1062.5,-0.00122915,-0.00631525,-0.00153723,-0.012878,-0.944316,-0.00772416,-0.328698,89.6492,91.6847,1.72087,4
1063,-0.00115511,-0.00649457,-0.00144795,-0.0133067,-0.944826,-0.00796572,-0.327205,89.6365,91.7396,1.77724,4
1063.5,-0.00107837,-0.00667246,-0.00135349,-0.0137109,-0.945349,-0.00819163,-0.325667,89.6243,91.7913,1.83028,4
1064,-0.000999053,-0.00684886,-0.00125474,-0.0140896,-0.945885,-0.00840083,-0.324088,89.6127,91.8395,1.87984,4
1064.5,-0.000917265,-0.0070237,-0.00115258,-0.0144418,-0.946432,-0.00859246,-0.322465,89.6018,91.8841,1.92576,4
1065,-0.00083314,-0.00719694,-0.00104792,-0.0147669,-0.946991,-0.00876585,-0.320801,89.5916,91.9251,1.96794,4
1065.5,-0.000746817,-0.0073685,-0.000941598,-0.0150639,-0.947561,-0.00892054,-0.319094,89.5822,91.9622,2.00626,4
1066,-0.000658448,-0.00753834,-0.00083445,-0.0153323,-0.948143,-0.00905625,-0.317346,89.5736,91.9956,2.04066,4
1066.5,-0.000568193,-0.00770642,-0.000727242,-0.0155716,-0.948734,-0.00917289,-0.315557,89.5658,92.025,2.07108,4
1067,-0.000476217,-0.00787268,-0.000620678,-0.0157814,-0.949337,-0.00927054,-0.313727,89.5588,92.0505,2.09748,4
1067.5,-0.000382698,-0.00803708,-0.000515385,-0.0159613,-0.949949,-0.00934942,-0.311857,89.5527,92.0721,2.11984,4
1068,-0.000287817,-0.00819957,-0.000411905,-0.0161112,-0.950571,-0.00940989,-0.309946,89.5472,92.0896,2.13816,4
1068.5,-0.000191761,-0.00836013,-0.000310686,-0.0162307,-0.951202,-0.00945243,-0.307996,89.5425,92.1032,2.15245,4
1069,-9.47224e-05,-0.0085187,-0.000212079,-0.01632,-0.951842,-0.0094776,-0.306007,89.5385,92.1129,2.16274,4
1069.5,3.1033e-06,-0.00867524,-0.000116335,-0.0163789,-0.952491,-0.00948604,-0.303978,89.5351,92.1186,2.16907,4
1070,0.000101517,-0.00882972,-2.36056e-05,-0.0164075,-0.953148,-0.00947844,-0.301911,89.5324,92.1205,2.17147,4
1070.5,0.000200318,-0.0089821,6.60551e-05,-0.016406,-0.953812,-0.00945548,-0.299806,89.5302,92.1185,2.17001,4
1071,0.000299303,-0.00913233,0.000152685,-0.0163745,-0.954484,-0.00941788,-0.297663,89.5284,92.1127,2.16473,4
1071.5,0.000398269,-0.00928038,0.000236405,-0.0163132,-0.955163,-0.00936631,-0.295483,89.5272,92.1031,2.15569,4
1072,0.000497013,-0.00942621,0.000317415,-0.0162223,-0.955848,-0.00930141,-0.293266,89.5264,92.0899,2.14295,4
1072.5,0.000595331,-0.00956978,0.000395977,-0.0161021,-0.956539,-0.00922374,-0.291013,89.5259,92.073,2.12658,4
1073,0.000693022,-0.00971105,0.000472405,-0.015953,-0.957236,-0.00913381,-0.288724,89.5259,92.0525,2.10662,4
1073.5,0.000789885,-0.00984998,0.000547053,-0.0157751,-0.957938,-0.00903203,-0.2864,89.5263,92.0285,2.08314,4
1074,0.000885722,-0.00998653,0.0006203,-0.015569,-0.958644,-0.0089187,-0.28404,89.527,92.001,2.05618,4
1074.5,0.000980337,-0.0101207,0.000692537,-0.0153349,-0.959355,-0.00879404,-0.281646,89.5282,91.97,2.0258,4
1075,0.00107354,-0.0102524,0.00076415,-0.0150732,-0.96007,-0.00865814,-0.279219,89.5297,91.9357,1.99203,4
1075.5,0.00116513,-0.0103816,0.000835509,-0.0147843,-0.960788,-0.008511,-0.276758,89.5318,91.898,1.95493,4
1076,0.00125493,-0.0105083,0.000906954,-0.0144687,-0.961509,-0.00835253,-0.274264,89.5344,91.857,1.91452,4
1076.5,0.00134276,-0.0106325,0.000978784,-0.0141268,-0.962233,-0.00818253,-0.271737,89.5376,91.8128,1.87084,4
1077,0.00142844,-0.0107541,0.00105124,-0.013759,-0.962959,-0.00800071,-0.269179,89.5415,91.7653,1.82392,4
1077.5,0.00151179,-0.0108731,0.00112452,-0.0133658,-0.963686,-0.00780674,-0.26659,89.5462,91.7147,1.7738,4
1078,0.00159264,-0.0109896,0.00119874,-0.0129478,-0.964414,-0.00760022,-0.26397,89.5517,91.661,1.7205,4
1078.5,0.00167084,-0.0111034,0.00127392,-0.0125055,-0.965143,-0.0073807,-0.261321,89.5582,91.6043,1.66406,4
1079,0.00174623,-0.0112146,0.00135006,-0.0120396,-0.965872,-0.00714773,-0.258641,89.5657,91.5446,1.60451,4
1079.5,0.00181864,-0.0113232,0.00142702,-0.0115506,-0.966601,-0.00690087,-0.255933,89.5744,91.482,1.54188,4
1080,0.00188795,-0.0114291,0.00150462,-0.0110393,-0.967329,-0.00663967,-0.253197,89.5843,91.4165,1.47624,4
1080.5,0.001954,-0.0115325,0.00158258,-0.0105065,-0.968056,-0.00636374,-0.250433,89.5956,91.3482,1.40761,4
1081,0.00201668,-0.0116332,0.00166057,-0.00995278,-0.968781,-0.00607275,-0.247642,89.6083,91.2773,1.33607,4
1081.5,0.00207585,-0.0117313,0.00173816,-0.00937917,-0.969505,-0.00576645,-0.244825,89.6225,91.2039,1.26168,4
1082,0.0021314,-0.0118269,0.00181488,-0.00878652,-0.970226,-0.00544468,-0.241981,89.6383,91.1279,1.18452,4
1082.5,0.00218323,-0.0119199,0.00189019,-0.0081758,-0.970944,-0.00510741,-0.239112,89.6558,91.0497,1.10468,4
1083,0.00223122,-0.0120104,0.00196351,-0.00754804,-0.971659,-0.00475471,-0.236219,89.6749,90.9692,1.02226,4
1083.5,0.0022753,-0.0120984,0.00203422,-0.00690434,-0.97237,-0.00438682,-0.233301,89.6958,90.8866,0.937381,4
1084,0.00231538,-0.012184,0.00210167,-0.00624582,-0.973077,-0.00400413,-0.23036,89.7184,90.8022,0.850176,4
1084.5,0.00235138,-0.0122671,0.00216518,-0.00557369,-0.97378,-0.00360715,-0.227396,89.7427,90.716,0.76079,4
1085,0.00238325,-0.0123479,0.00222407,-0.00488921,-0.974477,-0.00319662,-0.22441,89.7688,90.6282,0.669387,4
1085.5,0.00241092,-0.0124265,0.00227767,-0.00419368,-0.97517,-0.00277339,-0.221401,89.7965,90.539,0.576144,4
1086,0.00243434,-0.0125027,0.00232531,-0.00348844,-0.975857,-0.00233851,-0.218371,89.8258,90.4486,0.481257,4
1086.5,0.00245349,-0.0125768,0.00236633,-0.0027749,-0.976538,-0.0018932,-0.21532,89.8566,90.3572,0.384938,4
1087,0.00246834,-0.0126488,0.00240012,-0.00205448,-0.977212,-0.00143884,-0.212249,89.8888,90.2651,0.28742,4
1087.5,0.00247885,-0.0127187,0.00242611,-0.00132864,-0.97788,-0.000976957,-0.209158,89.9224,90.1723,0.18898,4
1088,0.00248503,-0.0127867,0.00244375,-0.000598879,-0.978542,-0.000509237,-0.206048,89.957,90.0792,0.0900823,4
1088.5,0.00248686,-0.0128527,0.00245257,0.0001333,-0.979196,-3.75043e-05,-0.202919,89.9927,89.9859,0.0158681,4
1089,0.00248436,-0.0129169,0.00245215,0.000866374,-0.979842,0.000436293,-0.199772,90.0292,89.8927,0.111157,4
1089.5,0.00247753,-0.0129794,0.00244216,0.00159881,-0.980481,0.000910095,-0.196606,90.0662,89.7999,0.210813,4
1090,0.00246641,-0.0130403,0.00242231,0.00232908,-0.981112,0.00138175,-0.193423,90.1037,89.7075,0.310326,4
1090.5,0.00245101,-0.0130996,0.00239241,0.00305566,-0.981734,0.00184902,-0.190223,90.1414,89.6159,0.409269,4
1091,0.00243137,-0.0131575,0.00235234,0.00377702,-0.982349,0.00230962,-0.187006,90.1791,89.5253,0.507323,4
1091.5,0.00240755,-0.013214,0.00230208,0.00449168,-0.982955,0.00276121,-0.183773,90.2164,89.4359,0.604189,4
1092,0.00237958,-0.0132692,0.00224167,0.00519817,-0.983552,0.00320145,-0.180524,90.2533,89.3479,0.699578,4
1092.5,0.00234753,-0.0133234,0.00217126,0.00589503,-0.98414,0.003628,-0.177259,90.2894,89.2615,0.793206,4
1093,0.00231145,-0.0133765,0.00209108,0.00658087,-0.984719,0.00403851,-0.173979,90.3245,89.1769,0.884797,4
1093.5,0.00227142,-0.0134287,0.00200142,0.00725431,-0.985289,0.00443073,-0.170684,90.3584,89.0942,0.974083,4
1094,0.00222751,-0.0134801,0.00190269,0.00791405,-0.98585,0.00480241,-0.167374,90.3907,89.0138,1.06081,4
1094.5,0.00217981,-0.0135309,0.00179536,0.00855879,-0.986402,0.00515145,-0.164049,90.4214,88.9357,1.14473,4
1095,0.00212838,-0.0135811,0.00167997,0.00918734,-0.986944,0.0054758,-0.160711,90.4501,88.86,1.22563,4
1095.5,0.00207334,-0.013631,0.00155716,0.00979852,-0.987476,0.00577357,-0.157358,90.4766,88.787,1.30328,4
1096,0.00201476,-0.0136805,0.0014276,0.0103912,-0.987999,0.00604299,-0.153991,90.5008,88.7168,1.3775,4
1096.5,0.00195276,-0.01373,0.00129206,0.0109644,-0.988512,0.00628247,-0.15061,90.5224,88.6494,1.44811,4
1097,0.00188742,-0.0137795,0.00115132,0.0115172,-0.989016,0.00649057,-0.147216,90.5413,88.5851,1.51496,4
1097.5,0.00181886,-0.0138291,0.00100625,0.0120485,-0.98951,0.00666606,-0.143808,90.5573,88.5238,1.57793,4
1098,0.00174719,-0.0138791,0.000857742,0.0125576,-0.989994,0.0068079,-0.140386,90.5703,88.4657,1.63691,4
1098.5,0.00167251,-0.0139295,0.000706721,0.0130437,-0.990468,0.00691525,-0.13695,90.5802,88.4108,1.69182,4
1099,0.00159495,-0.0139805,0.000554139,0.013506,-0.990932,0.00698752,-0.133501,90.5868,88.3592,1.7426,4
1099.5,0.00151463,-0.0140323,0.000400967,0.0139439,-0.991386,0.00702432,-0.130037,90.5902,88.311,1.78922,4
1100,0.00143167,-0.014085,0.000248182,0.0143569,-0.99183,0.0070255,-0.12656,90.5903,88.2661,1.83168,4
1100.5,0.00134618,-0.0141387,9.6762e-05,0.0147444,-0.992264,0.00699114,-0.123068,90.587,88.2246,1.86998,4
1101,0.00125831,-0.0141936,-5.23243e-05,0.015106,-0.992688,0.00692156,-0.119562,90.5804,88.1865,1.90416,4
1101.5,0.00116817,-0.0142499,-0.000198125,0.0154411,-0.993101,0.00681732,-0.116042,90.5705,88.1518,1.9343,4
1102,0.0010759,-0.0143076,-0.000339713,0.0157496,-0.993504,0.00667919,-0.112506,90.5574,88.1205,1.96045,4
1102.5,0.000981623,-0.014367,-0.000476197,0.0160311,-0.993896,0.00650818,-0.108954,90.5411,88.0926,1.98274,4
1103,0.000885483,-0.0144281,-0.000606725,0.0162853,-0.994278,0.0063055,-0.105387,90.5218,88.068,2.00126,4
1103.5,0.00078761,-0.0144911,-0.000730494,0.016512,-0.994649,0.00607257,-0.101804,90.4995,88.0468,2.01614,4
1104,0.000688143,-0.0145561,-0.00084676,0.0167112,-0.995009,0.00581102,-0.0982045,90.4745,88.0288,2.02754,4
1104.5,0.000587218,-0.0146233,-0.000954837,0.0168826,-0.995358,0.00552264,-0.0945875,90.4469,88.0141,2.03559,4
1105,0.000484975,-0.0146926,-0.00105411,0.0170262,-0.995696,0.0052094,-0.0909529,90.4169,88.0026,2.04045,4
1105.5,0.000381554,-0.0147644,-0.00114404,0.017142,-0.996023,0.00487341,-0.0873001,90.3847,87.9943,2.04227,4
1106,0.000277095,-0.0148385,-0.00122417,0.0172299,-0.996338,0.0045169,-0.0836284,90.3506,87.9891,2.04123,4
1106.5,0.00017174,-0.0149152,-0.00129411,0.01729,-0.996641,0.00414224,-0.0799374,90.3147,87.987,2.03746,4
1107,6.56324e-05,-0.0149945,-0.00135358,0.0173222,-0.996933,0.00375187,-0.0762264,90.2773,87.9879,2.03111,4
1107.5,-4.10857e-05,-0.0150765,-0.00140237,0.0173267,-0.997213,0.00334831,-0.0724947,90.2387,87.9918,2.02233,4
1108,-0.00014827,-0.0151613,-0.00144037,0.0173035,-0.99748,0.00293411,-0.0687416,90.1991,87.9986,2.01125,4
1108.5,-0.000255775,-0.0152489,-0.00146757,0.0172528,-0.997735,0.00251186,-0.0649664,90.1587,88.0083,1.99797,4
1109,-0.000363455,-0.0153393,-0.00148403,0.0171746,-0.997978,0.00208417,-0.0611686,90.118,88.0209,1.9826,4
1109.5,-0.000471164,-0.0154326,-0.00148993,0.0170691,-0.998207,0.0016536,-0.0573473,90.077,88.0363,1.96523,4
1110,-0.000578753,-0.0155288,-0.00148552,0.0169364,-0.998423,0.00122267,-0.0535018,90.0361,88.0544,1.94592,4
1110.5,-0.000686074,-0.015628,-0.00147115,0.0167767,-0.998626,0.000793864,-0.0496315,89.9954,88.0753,1.92471,4
1111,-0.000792976,-0.0157301,-0.00144726,0.0165902,-0.998816,0.000369546,-0.0457355,89.9553,88.0989,1.90165,4
1111.5,-0.000899309,-0.0158352,-0.00141436,0.0163769,-0.998991,-4.80142e-05,-0.0418132,89.916,88.1251,1.87675,4
1112,-0.00100492,-0.0159432,-0.00137305,0.0161372,-0.999152,-0.000456675,-0.0378639,89.8777,88.154,1.85001,4
1112.5,-0.00110965,-0.0160542,-0.001324,0.0158713,-0.999299,-0.000854447,-0.0338869,89.8405,88.1856,1.82142,4
1113,-0.00121334,-0.016168,-0.00126794,0.0155793,-0.999431,-0.0012395,-0.0298814,89.8047,88.2197,1.79097,4
1113.5,-0.00131585,-0.0162848,-0.00120568,0.0152615,-0.999548,-0.0016102,-0.0258468,89.7704,88.2565,1.75862,4
1114,-0.00141699,-0.0164044,-0.00113806,0.0149182,-0.999649,-0.0019651,-0.0217824,89.7377,88.2958,1.72433,4
1114.5,-0.00151662,-0.0165268,-0.00106597,0.0145497,-0.999735,-0.00230296,-0.0176875,89.7067,88.3376,1.68809,4
1115,-0.00161456,-0.0166519,-0.000990337,0.0141563,-0.999804,-0.00262277,-0.0135616,89.6775,88.382,1.64986,4
1115.5,-0.00171064,-0.0167798,-0.000912124,0.0137384,-0.999857,-0.00292373,-0.0094039,89.6502,88.4289,1.60961,4
1116,-0.0018047,-0.0169103,-0.000832294,0.0132962,-0.999893,-0.00320531,-0.0052139,89.6248,88.4783,1.56733,4
1116.5,-0.00189655,-0.0170434,-0.000751821,0.0128303,-0.999911,-0.00346719,-0.000990986,89.6013,88.5301,1.52303,4
1117,-0.00198602,-0.017179,-0.00067167,0.0123412,-0.999912,-0.00370929,0.00326539,89.5796,88.5844,1.47673,4
1117.5,-0.00207293,-0.017317,-0.000592789,0.0118292,-0.999894,-0.00393178,0.00755577,89.5597,88.6411,1.42848,4
1118,-0.0021571,-0.0174575,-0.000516096,0.011295,-0.999857,-0.00413505,0.0118807,89.5416,88.7001,1.37836,4
1118.5,-0.00223833,-0.0176003,-0.000442467,0.0107392,-0.999801,-0.00431972,0.0162406,89.5251,88.7615,1.32648,4
1119,-0.00231644,-0.0177453,-0.000372726,0.0101624,-0.999725,-0.00448661,0.0206359,89.51,88.8251,1.273,4
1119.5,-0.00239124,-0.0178924,-0.000307632,0.00956541,-0.999629,-0.00463676,0.0250672,89.4963,88.8909,1.21813,4
1120,-0.00246254,-0.0180417,-0.000247869,0.00894892,-0.999512,-0.00477136,0.0295349,89.4838,88.9588,1.16214,4
1120.5,-0.00253015,-0.018193,-0.000194037,0.0083138,-0.999374,-0.00489179,0.0340393,89.4722,89.0288,1.10539,4
1121,-0.00259386,-0.0183462,-0.000146642,0.00766098,-0.999214,-0.00499956,0.0385808,89.4614,89.1007,1.0483,4
1121.5,-0.0026535,-0.0185013,-0.000106089,0.00699144,-0.999031,-0.00509629,0.0431597,89.4511,89.1744,0.991427,4
1122,-0.00270887,-0.0186582,-7.26733e-05,0.00630621,-0.998825,-0.0051837,0.0477765,89.4412,89.2498,0.935453,4
1122.5,-0.00275977,-0.0188169,-4.65767e-05,0.00560641,-0.998595,-0.00526356,0.0524314,89.4314,89.3268,0.881224,4
1123,-0.00280604,-0.0189772,-2.78632e-05,0.00489323,-0.998341,-0.00533768,0.0571246,89.4214,89.4053,0.829784,4
1123.5,-0.00284747,-0.0191391,-1.64763e-05,0.00416792,-0.998062,-0.00540786,0.0618566,89.411,89.485,0.782394,4
1124,-0.00288391,-0.0193026,-1.22386e-05,0.00343177,-0.997757,-0.00547588,0.0666274,89.4001,89.5658,0.740539,4
1124.5,-0.00291517,-0.0194675,-1.48526e-05,0.00268615,-0.997426,-0.00554347,0.0714374,89.3884,89.6476,0.705887,4
1125,-0.00294111,-0.0196339,-2.39034e-05,0.0019325,-0.997068,-0.00561224,0.0762868,89.3757,89.7301,0.680178,4
1125.5,-0.00296155,-0.0198016,-3.88633e-05,0.00117227,-0.996683,-0.0056837,0.0811758,89.3617,89.8132,0.665017,4
1126,-0.00297637,-0.0199706,-5.90975e-05,0.000406987,-0.996269,-0.00575922,0.0861045,89.3465,89.8967,0.661608,4
1126.5,-0.00298544,-0.0201409,-8.38721e-05,-0.000361808,-0.995827,-0.00583997,0.091073,89.3298,89.9803,0.670498,4
1127,-0.00298862,-0.0203124,-0.000112363,-0.00113253,-0.995355,-0.00592692,0.0960817,89.3115,90.0639,0.691468,4
1127.5,-0.00298582,-0.020485,-0.000143668,-0.00190359,-0.994853,-0.00602084,0.10113,89.2915,90.1472,0.723605,4
1128,-0.00297695,-0.0206588,-0.000176816,-0.00267337,-0.99432,-0.00612223,0.106219,89.2699,90.2301,0.765531,4
1128.5,-0.00296192,-0.0208336,-0.000210785,-0.00344026,-0.993756,-0.00623134,0.111349,89.2465,90.3123,0.815663,4
1129,-0.00294068,-0.0210095,-0.000244513,-0.00420265,-0.993159,-0.00634816,0.116519,89.2214,90.3935,0.872421,4
1129.5,-0.00291318,-0.0211863,-0.000276917,-0.00495894,-0.99253,-0.00647236,0.121729,89.1947,90.4737,0.934354,4
1130,-0.00287939,-0.0213642,-0.000306909,-0.00570756,-0.991867,-0.00660337,0.12698,89.1664,90.5526,1.00019,4
1130.5,-0.0028393,-0.0215429,-0.00033341,-0.00644699,-0.99117,-0.0067403,0.132271,89.1367,90.6301,1.06883,4
1131,-0.00279292,-0.0217226,-0.000355374,-0.00717572,-0.990438,-0.00688198,0.137603,89.1057,90.7059,1.13934,4
1131.5,-0.00274027,-0.0219032,-0.000371802,-0.0078923,-0.98967,-0.00702698,0.142976,89.0737,90.7799,1.21094,4
1132,-0.00268139,-0.0220846,-0.000381761,-0.00859535,-0.988866,-0.00717359,0.148388,89.0409,90.852,1.28294,4
1132.5,-0.00261634,-0.0222669,-0.000384397,-0.00928354,-0.988025,-0.00731987,0.153842,89.0075,90.9221,1.35476,4
1133,-0.00254518,-0.0224501,-0.000378954,-0.0099556,-0.987146,-0.00746365,0.159335,88.9739,90.9899,1.42586,4
1133.5,-0.00246801,-0.0226341,-0.000364782,-0.0106103,-0.986229,-0.00760256,0.164869,88.9403,91.0555,1.49579,4
1134,-0.00238492,-0.0228189,-0.000341349,-0.0112466,-0.985273,-0.00773406,0.170444,88.9071,91.1188,1.56414,4
1134.5,-0.00229604,-0.0230046,-0.000308247,-0.0118635,-0.984277,-0.00785547,0.176058,88.8746,91.1797,1.63052,4
1135,-0.00220149,-0.0231912,-0.000265192,-0.0124599,-0.983241,-0.00796402,0.181712,88.8432,91.2381,1.6946,4
1135.5,-0.00210141,-0.0233786,-0.000212027,-0.0130349,-0.982163,-0.00805684,0.187406,88.8132,91.2941,1.75606,4
1136,-0.00199596,-0.0235669,-0.000148712,-0.0135878,-0.981044,-0.00813103,0.193139,88.7851,91.3477,1.81462,4
1136.5,-0.00188529,-0.0237561,-7.53229e-05,-0.0141178,-0.979881,-0.00818368,0.198912,88.7592,91.3988,1.87002,4
1137,-0.0017696,-0.0239462,7.96484e-06,-0.0146243,-0.978676,-0.00821189,0.204725,88.7359,91.4476,1.92203,4
1137.5,-0.00164905,-0.0241373,0.000100884,-0.0151065,-0.977426,-0.00821281,0.210576,88.7155,91.494,1.97046,4
1138,-0.00152385,-0.0243294,0.000203088,-0.0155641,-0.976132,-0.00818367,0.216466,88.6984,91.5381,2.01513,4
1138.5,-0.00139421,-0.0245224,0.000314166,-0.0159964,-0.974791,-0.00812176,0.222395,88.685,91.5801,2.0559,4
1139,-0.00126035,-0.0247165,0.000433652,-0.0164031,-0.973405,-0.00802449,0.228363,88.6756,91.6199,2.09264,4
1139.5,-0.00112249,-0.0249117,0.000561035,-0.0167839,-0.971971,-0.00788941,0.234369,88.6704,91.6577,2.1253,4
1140,-0.000980877,-0.025108,0.000695765,-0.0171383,-0.970489,-0.00771417,0.240413,88.6698,91.6937,2.15381,4
1140.5,-0.000835764,-0.0253053,0.000837264,-0.0174662,-0.968958,-0.00749659,0.246495,88.6741,91.7279,2.17817,4
1141,-0.000687418,-0.0255038,0.000984923,-0.0177673,-0.967377,-0.00723464,0.252615,88.6836,91.7604,2.19843,4
1141.5,-0.000536118,-0.0257033,0.00113811,-0.0180415,-0.965745,-0.00692643,0.258772,88.6984,91.7915,2.21466,4
1142,-0.000382158,-0.025904,0.00129615,-0.0182887,-0.964062,-0.00657026,0.264966,88.7188,91.8212,2.22701,4
1142.5,-0.000225845,-0.0261058,0.00145837,-0.0185088,-0.962326,-0.00616462,0.271197,88.7449,91.8498,2.23564,4
1143,-6.74984e-05,-0.0263086,0.00162404,-0.0187019,-0.960537,-0.00570815,0.277465,88.777,91.8773,2.24082,4
1143.5,9.25458e-05,-0.0265125,0.00179238,-0.0188679,-0.958693,-0.00519973,0.283768,88.8151,91.9041,2.24284,4
1144,0.000253939,-0.0267174,0.00196261,-0.0190069,-0.956794,-0.00463842,0.290108,88.8595,91.9301,2.24209,4
1144.5,0.000416319,-0.0269232,0.00213388,-0.019119,-0.954838,-0.0040235,0.296483,88.9101,91.9556,2.23901,4
1145,0.000579309,-0.0271297,0.00230528,-0.0192045,-0.952825,-0.00335451,0.302893,88.9671,91.9808,2.23413,4
1145.5,0.000742522,-0.0273371,0.00247589,-0.0192633,-0.950753,-0.00263119,0.309338,89.0305,92.0058,2.22805,4
1146,0.000905556,-0.027545,0.0026447,-0.0192958,-0.948622,-0.00185358,0.315817,89.1002,92.0309,2.22146,4
1146.5,0.001068,-0.0277534,0.00281068,-0.0193022,-0.94643,-0.00102198,0.322329,89.1762,92.0561,2.2151,4
1147,0.00122944,-0.027962,0.00297274,-0.0192826,-0.944177,-0.000136961,0.328875,89.2585,92.0816,2.20982,4
1147.5,0.00138943,-0.0281708,0.00312974,-0.0192373,-0.94186,0.000800594,0.335452,89.3469,92.1075,2.20648,4
1148,0.00154754,-0.0283795,0.0032805,-0.0191665,-0.93948,0.0017895,0.342062,89.4414,92.134,2.20601,4
1148.5,0.00170333,-0.0285878,0.00342382,-0.0190704,-0.937035,0.00282824,0.348702,89.5417,92.1612,2.20934,4
1149,0.00185636,-0.0287956,0.00355846,-0.0189491,-0.934525,0.00391498,0.355372,89.6476,92.1892,2.21741,4
1149.5,0.00200616,-0.0290025,0.00368316,-0.0188029,-0.931947,0.00504755,0.362071,89.7589,92.218,2.23108,4
1150,0.00215229,-0.0292082,0.00379665,-0.0186318,-0.929302,0.00622344,0.368799,89.8753,92.2477,2.25114,4
1150.5,0.00229429,-0.0294125,0.00389764,-0.0184358,-0.926588,0.00743978,0.375553,89.9966,92.2783,2.27828,4
1151,0.00243172,-0.0296149,0.00398488,-0.0182151,-0.923804,0.00869339,0.382334,90.1222,92.3098,2.31299,4
1151.5,0.00256414,-0.0298152,0.00405709,-0.0179695,-0.92095,0.00998071,0.389139,90.252,92.3421,2.35562,4
1152,0.0026911,-0.0300129,0.00411305,-0.0176989,-0.918024,0.0112979,0.395968,90.3854,92.3752,2.40631,4
1152.5,0.00281219,-0.0302077,0.00415154,-0.0174032,-0.915027,0.0126407,0.402818,90.5221,92.409,2.465,4
1153,0.00292696,-0.030399,0.0041714,-0.017082,-0.911958,0.0140046,0.40969,90.6616,92.4433,2.53142,4
1153.5,0.00303503,-0.0305867,0.0041715,-0.016735,-0.908815,0.0153848,0.41658,90.8034,92.478,2.60514,4
1154,0.003136,-0.03077,0.00415077,-0.0163618,-0.905599,0.0167761,0.423487,90.947,92.5128,2.68557,4
1154.5,0.00322948,-0.0309488,0.0041082,-0.0159617,-0.902309,0.0181732,0.43041,91.0919,92.5476,2.77196,4
1155,0.00331512,-0.0311224,0.00404283,-0.0155341,-0.898946,0.0195703,0.437347,91.2375,92.5819,2.86349,4
1155.5,0.00339258,-0.0312906,0.00395379,-0.0150784,-0.895508,0.0209615,0.444296,91.3835,92.6154,2.95924,4
1156,0.00346153,-0.0314527,0.00384026,-0.0145936,-0.891996,0.0223408,0.451254,91.5291,92.6479,3.05823,4
1156.5,0.00352167,-0.0316085,0.00370153,-0.0140788,-0.888411,0.0237016,0.45822,91.6739,92.6788,3.15943,4
1157,0.00357274,-0.0317575,0.00353696,-0.0135329,-0.884752,0.0250376,0.465192,91.8173,92.7077,3.26182,4
1157.5,0.00361447,-0.0318992,0.00334599,-0.0129548,-0.88102,0.0263421,0.472167,91.9589,92.7342,3.36435,4
1158,0.00364665,-0.0320334,0.00312817,-0.0123432,-0.877216,0.0276081,0.479142,92.098,92.7577,3.46598,4
1158.5,0.00366909,-0.0321596,0.00288314,-0.0116967,-0.87334,0.0288288,0.486117,92.2341,92.7776,3.56567,4
1159,0.00368161,-0.0322776,0.00261068,-0.0110139,-0.869393,0.0299973,0.493087,92.3668,92.7933,3.66243,4
1159.5,0.00368409,-0.032387,0.00231063,-0.0102931,-0.865376,0.0311064,0.500051,92.4956,92.8043,3.75528,4
1160,0.00367643,-0.0324876,0.00198301,-0.00953276,-0.86129,0.0321491,0.507006,92.6201,92.8098,3.84328,4
1160.5,0.00365855,-0.0325792,0.00162791,-0.00873108,-0.857136,0.0331184,0.51395,92.7397,92.8092,3.92553,4
1161,0.00363043,-0.0326616,0.0012456,-0.00788627,-0.852916,0.0340073,0.52088,92.8542,92.8017,4.00117,4
1161.5,0.00359206,-0.0327347,0.00083646,-0.00699644,-0.848631,0.0348089,0.527793,92.9632,92.7867,4.06943,4
1162,0.00354348,-0.0327984,0.000401043,-0.00605966,-0.844282,0.0355163,0.534687,93.0663,92.7634,4.12958,4
1162.5,0.00348477,-0.0328528,-5.99602e-05,-0.00507395,-0.839871,0.0361231,0.541559,93.1633,92.7311,4.18097,4
1163,0.00341604,-0.0328979,-0.00054569,-0.00403732,-0.835399,0.0366227,0.548407,93.2539,92.689,4.22304,4
1163.5,0.00333742,-0.0329338,-0.00105512,-0.00294776,-0.830869,0.0370091,0.555228,93.338,92.6363,4.25533,4
1164,0.00324911,-0.0329606,-0.00158705,-0.00180329,-0.826281,0.0372761,0.56202,93.4154,92.5723,4.27752,4
1164.5,0.00315131,-0.0329787,-0.00214009,-0.000601952,-0.821638,0.0374184,0.56878,93.486,92.4963,4.28939,4
1165,0.00304429,-0.0329882,-0.00271268,0.000658148,-0.816941,0.0374306,0.575505,93.5497,92.4076,4.29089,4
1165.5,0.00292833,-0.0329896,-0.00330307,0.00197881,-0.812192,0.0373078,0.582193,93.6066,92.3054,4.28217,4
1166,0.00280374,-0.0329833,-0.00390928,0.00336174,-0.807392,0.0370458,0.588842,93.6568,92.1892,4.26356,4
1166.5,0.00267089,-0.0329696,-0.00452918,0.00480846,-0.802542,0.0366404,0.59545,93.7003,92.0583,4.23565,4
1167,0.00253014,-0.0329492,-0.00516041,0.00632034,-0.797645,0.0360884,0.602014,93.7373,91.9122,4.19931,4
1167.5,0.00238193,-0.0329226,-0.00580042,0.00789854,-0.792701,0.0353869,0.608532,93.7679,91.7504,4.15573,4
1168,0.00222668,-0.0328903,-0.00644649,0.00954393,-0.787711,0.0345335,0.615002,93.7925,91.5724,4.10647,4
1168.5,0.00206487,-0.032853,-0.00709569,0.0112571,-0.782677,0.0335267,0.621423,93.8114,91.3779,4.05351,4
1169,0.00189699,-0.0328114,-0.00774495,0.0130384,-0.777599,0.0323655,0.627792,93.8248,91.1666,3.99926,4
1169.5,0.00172356,-0.0327661,-0.00839102,0.0148877,-0.772478,0.0310496,0.634107,93.8331,90.9384,3.94666,4
1170,0.00154513,-0.0327179,-0.00903054,0.0168045,-0.767315,0.0295793,0.640367,93.8368,90.693,3.8991,4
1170.5,0.00136224,-0.0326673,-0.00966006,0.0187879,-0.76211,0.0279559,0.646571,93.8363,90.4305,3.86047,4
1171,0.00117549,-0.0326152,-0.010276,0.0208365,-0.756863,0.0261812,0.652716,93.832,90.1511,3.83502,4
1171.5,0.000985461,-0.0325623,-0.0108749,0.0229484,-0.751575,0.0242578,0.658802,93.8245,89.8549,3.82723,4
1172,0.000792777,-0.0325091,-0.0114531,0.0251212,-0.746245,0.0221892,0.664828,93.8141,89.5423,3.84156,4
1172.5,0.000598056,-0.0324565,-0.012007,0.027352,-0.740872,0.0199793,0.670791,93.8015,89.2136,3.88217,4
1173,0.00040193,-0.0324048,-0.0125331,0.0296373,-0.735458,0.0176331,0.676692,93.787,88.8695,3.95261,4
1173.5,0.000205038,-0.0323549,-0.0130281,0.0319731,-0.730001,0.015156,0.68253,93.7712,88.5106,4.05549,4
1174,8.02172e-06,-0.0323071,-0.0134884,0.0343548,-0.7245,0.0125543,0.688304,93.7547,88.1377,4.19233,4
1174.5,-0.00018848,-0.0322621,-0.0139108,0.0367773,-0.718955,0.00983475,0.694013,93.7377,87.7516,4.36351,4
1175,-0.000383833,-0.0322201,-0.014292,0.0392348,-0.713366,0.00700484,0.699657,93.7209,87.3534,4.56828,4
1175.5,-0.000577412,-0.0321817,-0.0146287,0.041721,-0.707732,0.00407265,0.705237,93.7045,86.9441,4.80501,4
1176,-0.00076861,-0.032147,-0.0149178,0.0442291,-0.702051,0.00104683,0.710751,93.689,86.5249,5.07135,4
1176.5,-0.000956838,-0.0321164,-0.0151558,0.0467515,-0.696324,-0.00206338,0.7162,93.6748,86.0972,5.3645,4
1177,-0.00114154,-0.0320899,-0.0153394,0.04928,-0.69055,-0.0052482,0.721585,93.662,85.6623,5.68134,4
1177.5,-0.00132219,-0.0320677,-0.015465,0.051806,-0.684728,-0.00849729,0.726906,93.651,85.2218,6.01862,4
1178,-0.0014983,-0.0320499,-0.015529,0.0543198,-0.678858,-0.0117998,0.732163,93.6419,84.7772,6.37304,4
1178.5,-0.00166946,-0.0320363,-0.0155276,0.0568111,-0.672939,-0.0151441,0.737358,93.6349,84.3303,6.74129,4
1179,-0.00183528,-0.0320268,-0.0154568,0.059269,-0.666972,-0.0185184,0.742491,93.6299,83.8829,7.1201,4
1179.5,-0.00199546,-0.0320214,-0.0153126,0.0616814,-0.660956,-0.0219101,0.747564,93.6269,83.437,7.50621,4
1180,-0.00214978,-0.0320197,-0.015091,0.0640355,-0.654893,-0.0253061,0.752578,93.6257,82.9946,7.89639,4
1180.5,-0.0022981,-0.0320215,-0.0147882,0.0663176,-0.648782,-0.0286927,0.757536,93.6261,82.558,8.28744,4
1181,-0.00244035,-0.0320264,-0.0144007,0.0685132,-0.642625,-0.0320562,0.762438,93.6278,82.1293,8.67617,4
1181.5,-0.0025766,-0.0320341,-0.0139258,0.0706066,-0.636422,-0.0353821,0.767287,93.6301,81.7109,9.0594,4
1182,-0.00270699,-0.0320442,-0.0133615,0.0725818,-0.630175,-0.038656,0.772086,93.6326,81.3053,9.43395,4
1182.5,-0.00283179,-0.0320561,-0.0127072,0.0744219,-0.623886,-0.0418634,0.776836,93.6345,80.9148,9.79671,4
1183,-0.00295134,-0.0320696,-0.0119636,0.0761097,-0.617557,-0.04499,0.781541,93.6349,80.5418,10.1446,4
1183.5,-0.00306611,-0.032084,-0.0111333,0.077628,-0.61119,-0.0480222,0.786202,93.6328,80.1888,10.4746,4
1184,-0.00317666,-0.0320991,-0.0102206,0.0789597,-0.604788,-0.0509468,0.790823,93.6271,79.858,10.784,4
1184.5,-0.00328362,-0.0321142,-0.00923178,0.0800884,-0.598353,-0.0537518,0.795406,93.6166,79.5515,11.07,4
1185,-0.00338771,-0.032129,-0.00817464,0.0809986,-0.591888,-0.0564268,0.799952,93.6002,79.2711,11.3304,4
1185.5,-0.00348967,-0.0321431,-0.00705822,0.081676,-0.585396,-0.0589624,0.804465,93.5763,79.0185,11.563,4
1186,-0.00359028,-0.0321561,-0.00589208,0.0821082,-0.578878,-0.0613515,0.808946,93.5438,78.7949,11.766,4
1186.5,-0.00369031,-0.0321677,-0.0046856,0.0822842,-0.572339,-0.0635882,0.813396,93.5013,78.6014,11.9381,4
1187,-0.00379053,-0.0321775,-0.00344719,0.0821949,-0.565781,-0.0656685,0.817817,93.4474,78.4386,12.0781,4
1187.5,-0.00389163,-0.0321853,-0.0021837,0.0818326,-0.559204,-0.0675901,0.822208,93.3809,78.307,12.1853,4
1188,-0.00399427,-0.0321907,-0.000900003,0.0811908,-0.552613,-0.0693515,0.826569,93.3004,78.2067,12.2592,4
1188.5,-0.00409902,-0.0321934,0.000400883,0.0802642,-0.546009,-0.0709523,0.830902,93.2046,78.1378,12.2997,4
1189,-0.00420636,-0.0321933,0.00171741,0.0790478,-0.539393,-0.0723926,0.835204,93.0924,78.1002,12.3065,4
1189.5,-0.00431669,-0.03219,0.00304869,0.0775368,-0.532768,-0.0736731,0.839475,92.9623,78.0937,12.2798,4
1190,-0.00443032,-0.0321832,0.00439348,0.0757266,-0.526134,-0.0747945,0.843714,92.8132,78.1181,12.2199,4
1190.5,-0.00454752,-0.0321726,0.00574916,0.0736129,-0.519494,-0.0757578,0.847919,92.6437,78.1731,12.1272,4
1191,-0.00466844,-0.0321579,0.00711076,0.0711918,-0.51285,-0.0765646,0.852089,92.4525,78.2582,12.0023,4
1191.5,-0.00479323,-0.0321388,0.00847025,0.0684606,-0.506201,-0.077217,0.856219,92.2385,78.373,11.8464,4
1192,-0.00492194,-0.032115,0.00981602,0.0654182,-0.499549,-0.0777185,0.860308,92.0007,78.5167,11.661,4
1192.5,-0.00505456,-0.0320863,0.0111327,0.0620661,-0.492896,-0.0780736,0.864353,91.738,78.6881,11.4482,4
1193,-0.00519101,-0.0320525,0.0124014,0.0584092,-0.48624,-0.078289,0.868349,91.45,78.8857,11.2108,4
1193.5,-0.00533113,-0.0320134,0.0135994,0.0544566,-0.479582,-0.0783735,0.872292,91.1363,79.1078,10.9528,4
1194,-0.00547462,-0.031969,0.0147013,0.0502226,-0.472922,-0.0783383,0.876177,90.7971,79.3517,10.6787,4
1194.5,-0.00562106,-0.0319194,0.0156781,0.0457272,-0.466257,-0.0781977,0.879999,90.4331,79.6146,10.3947,4
1195,-0.00576985,-0.0318648,0.0164979,0.0409971,-0.459587,-0.0779685,0.883753,90.0456,79.8926,10.1075,4
1195.5,-0.00592019,-0.0318055,0.0171239,0.0360666,-0.452909,-0.0776711,0.887434,89.6366,80.1816,9.82525,4
1196,-0.00607102,-0.0317422,0.0175128,0.0309783,-0.44622,-0.0773292,0.891038,89.2089,80.4765,9.55695,4
1196.5,-0.00622096,-0.0316757,0.0176099,0.0257851,-0.439516,-0.0769706,0.894559,88.7665,80.7713,9.31219,4
1197,-0.00636822,-0.0316069,0.017342,0.0205529,-0.432793,-0.0766278,0.897996,88.3144,81.0592,9.10083,4
1197.5,-0.00651044,-0.0315375,0.0166057,0.0153645,-0.426044,-0.0763403,0.901345,87.8594,81.3319,8.93241,4
1198,-0.00664445,-0.0314694,0.0152497,0.0103268,-0.419262,-0.0761566,0.904606,87.4107,81.5792,8.81547,4
1198.5,-0.00676593,-0.0314055,0.0130651,0.00558229,-0.412437,-0.0761391,0.907782,86.9808,81.7878,8.75684,4
1199,-0.00686894,-0.0313496,0.0099314,0.00132174,-0.405552,-0.0763684,0.910875,86.5869,81.9408,8.76102,4
1199.5,-0.00694666,-0.0313062,0.00725804,-0.00223471,-0.398591,-0.0769333,0.913894,86.2493,82.0195,8.82836,4
1200,-0.00700339,-0.0312738,0.0194717,-0.00518715,-0.391561,-0.0777771,0.916844,85.9619,82.0357,8.94147,4
