phase,node,time,normalized_time,T_i,qw,qx,qy,qz,wx,wy,wz,taux,tauy,tauz
1,0,0.0,0.0,299.0,0.7071067811865476,2.171761530916407e-32,-2.3279905347433208e-32,0.7071067811865476,-1.633670300373191e-33,-3.9677462622253353e-32,1.0587544862585645e-21,-1.7117557907581737e-21,8.424942483501725e-22,3.625676437794624e-09
1,1,1.0,0.0033444816053511705,299.0,0.7071067811865476,5.688574239232224e-32,-6.116550180574472e-32,0.7071067811865477,-8.558778953793582e-21,1.0531178103742698e-21,1.8128382188974117e-08,-1.4935698377888865e-21,-3.782168093228774e-22,-7.9518404540202e-10
1,2,2.0,0.006688963210702341,299.0,0.7071067747771965,-3.398318693857618e-21,-2.65365193688211e-21,0.7071067875958985,-1.6026628081306985e-20,5.803467988242307e-22,1.4152461961961707e-08,-1.732910929770873e-21,3.642606879413764e-21,2.5734097037438943e-09
1,3,3.0,0.010033444816053512,299.0,0.7071067697735455,-9.269770945558123e-21,-8.114737070720358e-21,0.7071067925995494,-2.4691182714133702e-20,5.133605397911606e-21,2.701951048068323e-08,-2.2538238501857263e-21,-7.037817202361297e-22,4.74387278472635e-09
1,4,4.0,0.013377926421404682,299.0,0.7071067602207057,-1.981442592070123e-20,-1.50293848699252e-20,0.7071068021523887,-3.596030155522767e-20,4.253878247815817e-21,5.0738874404320756e-08,-2.2300529000964485e-21,4.1963529672634076e-21,-6.3690267493406974e-09
1,5,5.0,0.016722408026755852,299.0,0.7071067422818039,-3.403228556628598e-20,-2.6239298274749645e-20,0.707106820091289,-4.711056539227772e-20,9.49931945675262e-21,1.889374065760905e-08,-1.5317535562714415e-21,9.978913262725043e-22,-9.168865612764735e-09
1,6,6.0,0.020066889632107024,299.0,0.7071067356018576,-5.4046901857099e-20,-3.9536882529921053e-20,0.7071068267712346,-5.476933262990163e-20,1.074668361462227e-20,-2.6950587406223897e-08,-9.104941109451712e-22,1.7708871967311142e-21,4.447894833814444e-09
1,7,7.0,0.023411371237458192,299.0,0.7071067451303296,-7.721030993472596e-20,-5.510124163763615e-20,0.7071068172427636,-5.93218040245647e-20,1.2960292610682161e-20,-4.711113237137996e-09,-7.0332572456023485e-22,4.004729943165562e-21,5.105912960692976e-09
1,8,8.0,0.026755852842809364,299.0,0.7071067467959596,-1.0276588938878878e-19,-7.149251259746923e-20,0.7071068155771336,-6.283843282331406e-20,1.7966205039350253e-20,2.0818451566338676e-08,-3.9837418772678344e-22,-1.3178188176944671e-21,-7.222077140097529e-09
1,9,9.0,0.030100334448160536,299.0,0.7071067394355252,-1.3133464302036997e-19,-8.735724124525741e-20,0.7071068229375673,-6.483030278055264e-20,1.63189315175725e-20,-1.5291934134157023e-08,8.873877392931615e-23,6.4930444431459874e-21,-7.523647352480436e-09
1,10,10.0,0.033444816053511704,299.0,0.7071067448420407,-1.6002522827482764e-19,-1.0450860374328513e-19,0.7071068175310524,-6.438660958666434e-20,2.443523707116285e-20,-5.291017089657166e-08,1.0238929107742472e-22,-4.596560783513322e-21,3.083028321929666e-09
1,11,11.0,0.03678929765886288,299.0,0.7071067635486118,-1.9142848985763725e-19,-1.1863355276442013e-19,0.7071067988244829,-6.387466694706368e-20,1.8689536092080196e-20,-3.749502928692118e-08,-4.440258252319706e-22,6.613449874108625e-21,4.845079011165727e-09
1,12,12.0,0.04013377926421405,299.0,0.7071067768051067,-2.206193410893633e-19,-1.3460891337072795e-19,0.7071067855679884,-6.6094798246772e-20,2.695634843439683e-20,-1.326963423108526e-08,-8.775263804756774e-22,-5.452907492547689e-21,-1.3678662545363069e-09
1,13,13.0,0.043478260869565216,299.0,0.707106781496631,-2.5351788855997963e-19,-1.4844644663515748e-19,0.7071067808764642,-7.04824312306347e-20,2.014021406902534e-20,-2.0108965503768382e-08,-8.780493719518309e-22,5.2248036935801045e-21,-2.7455037130925238e-09
1,14,14.0,0.046822742474916385,299.0,0.7071067886062239,-2.8555783053962547e-19,-1.6624511077762193e-19,0.7071067737668711,-7.487267929305098e-20,2.667121868569801e-20,-3.383648406923301e-08,-7.835016660074288e-22,-3.818153229798057e-21,1.7156693364394185e-09
1,15,15.0,0.05016722408026756,299.0,0.7071068005692274,-3.214590173272227e-19,-1.8328690505954027e-19,0.7071067618038672,-7.879019031930933e-20,2.1898527148711308e-20,-2.5258137387033475e-08,-8.513345683062447e-22,2.17085002083966e-21,1.0038791406588462e-08
1,16,16.0,0.05351170568561873,299.0,0.707106809499327,-3.5705785305842876e-19,-2.0340114851153825e-19,0.7071067528737668,-8.304686478869388e-20,2.461208967452654e-20,2.4935819645916784e-08,-6.970237616162305e-22,-1.4171462141376683e-21,5.474536633594997e-09
1,17,17.0,0.056856187290969896,299.0,0.7071068006831837,-3.951210447309363e-19,-2.240609554723122e-19,0.7071067616899106,-8.653198181129551e-20,2.2840656907026077e-20,5.230850281389213e-08,2.2866761486091624e-23,-5.733991688009339e-22,-1.1392718078732507e-08
1,18,18.0,0.06020066889632107,299.0,0.7071067821893355,-4.337901185621468e-19,-2.465792278643427e-19,0.7071067801837594,-8.64176443723312e-20,2.2123907945907517e-20,-4.655087579794161e-09,7.68142046822523e-22,-1.2539859459948228e-22,-1.286268364645956e-09
1,19,19.0,0.06354515050167224,299.0,0.7071067838351576,-4.72165351767299e-19,-2.693104974242459e-19,0.7071067785379374,-8.257693438885739e-20,2.19671597027851e-20,-1.1086429403029242e-08,9.67907479509879e-22,-1.287155115349138e-21,1.588128365156286e-08
1,20,20.0,0.06688963210702341,299.0,0.7071067877548022,-5.091272693896484e-19,-2.907392911524415e-19,0.7071067746182926,-7.773739778728624e-20,2.0358215808496722e-20,6.831998885481299e-08,9.55817588403108e-22,-9.369177516383669e-22,-2.118896886381448e-09
1,21,21.0,0.07023411371237458,299.0,0.7071067636000383,-5.438093162647766e-19,-3.110258778189393e-19,0.7071067987730562,-7.295830568631144e-20,1.9187068619037574e-20,5.772550442290786e-08,1.1647210263005356e-21,2.5031753739443307e-22,-1.3485669561957131e-08
1,22,22.0,0.07357859531772576,299.0,0.7071067431909898,-5.7638763430771045e-19,-3.300368660842401e-19,0.707106819182103,-6.713469719746255e-20,1.949996554070373e-20,-9.702843386892872e-09,1.4045924153610524e-21,-3.5663504816721024e-21,-6.450399193006214e-10
1,23,23.0,0.07692307692307693,299.0,0.7071067466214631,-6.070176105764529e-19,-3.4687829139035297e-19,0.7071068157516301,-6.011173568691928e-20,1.5042027438737766e-20,-1.2928042983393159e-08,1.4139711685305788e-21,2.0445939784308182e-21,1.1283345215574068e-09
1,24,24.0,0.0802675585284281,299.0,0.7071067511922168,-6.335884752880296e-19,-3.628128448105216e-19,0.707106811180877,-5.3041880450320273e-20,1.7597769911602958e-20,-7.286370375604974e-09,1.361915266257317e-21,-6.3845038992262675e-21,-3.582467893279905e-09
1,25,25.0,0.08361204013377926,299.0,0.7071067537683379,-6.585633613668706e-19,-3.753442336032565e-19,0.7071068086047562,-4.6232304493202356e-20,9.61714003783831e-21,-2.5198709842004125e-08,1.5422955489675458e-21,3.97718984180269e-21,-3.506787705828517e-09
1,26,26.0,0.08695652173913043,299.0,0.7071067626774274,-6.783091165826621e-19,-3.882896582314573e-19,0.7071067996956671,-3.852082747774909e-20,1.4588627339748858e-20,-4.273264837114571e-08,1.8718568331211045e-21,-6.779567655343277e-21,3.6991721088486467e-09
1,27,27.0,0.0903010033444816,299.0,0.7071067777857005,-6.970861358928683e-19,-3.967509837223789e-19,0.7071067845873947,-2.9161545201962214e-20,6.114167770967316e-21,-2.423678782689885e-08,2.0527856205169114e-21,3.739147100435341e-21,8.910494567875904e-09
1,28,28.0,0.09364548494983277,299.0,0.7071067863546989,-7.095579789963208e-19,-4.0489947064396786e-19,0.7071067760183962,-1.8897617441849903e-20,1.0788101646090121e-20,2.0315685012489862e-08,2.09283987542979e-21,-5.068806398192499e-21,-3.748308841495114e-09
1,29,29.0,0.09698996655518395,299.0,0.7071067791720198,-7.200534697248546e-19,-4.077666101954623e-19,0.7071067832010756,-8.433417559454053e-21,4.4520936486974434e-21,1.5741408050003208e-09,2.0661046520308336e-21,2.4054816166921803e-21,-5.44670435306172e-09
1,30,30.0,0.10033444816053512,299.0,0.707106778615477,-7.246091862469516e-19,-4.091742202003425e-19,0.7071067837576184,1.8971057074189034e-21,7.458945669319548e-21,-2.5659380960324597e-08,1.7517878724505192e-21,-2.1685460358600195e-21,9.671019593818498e-09
1,31,31.0,0.10367892976588629,299.0,0.7071067876874381,-7.265755883400835e-19,-4.0586636585364823e-19,0.7071067746856572,1.0656044614785763e-20,4.748263124655813e-21,2.2695717008780402e-08,1.2514006796090935e-21,1.8219516691940431e-22,5.827734616802924e-09
1,32,32.0,0.10702341137123746,299.0,0.7071067796632904,-7.24486876760891e-19,-4.0042011235183017e-19,0.7071067827098049,1.691304830508063e-20,4.976007083195903e-21,5.183439009280422e-08,1.2790408457391475e-21,2.6935992285388153e-22,-4.6701797455796874e-09
1,33,33.0,0.11036789297658862,299.0,0.7071067613370657,-7.202665057261792e-19,-3.926811438502365e-19,0.707106801036029,2.3308253295235566e-20,5.312706986783816e-21,2.848349136490195e-08,2.155401525336429e-21,-2.6383845470040183e-22,-4.384530472875401e-09
1,34,34.0,0.11371237458193979,299.0,0.7071067512666305,-7.139041252092683e-19,-3.825620958366439e-19,0.7071068111064635,3.408526137708798e-20,4.982908918433615e-21,6.560839000522719e-09,3.2402724319525912e-21,1.3128146680680435e-23,-3.906453223870027e-09
1,35,35.0,0.11705685618729098,299.0,0.7071067489470235,-7.0361489163271755e-19,-3.687494090037607e-19,0.7071068134260703,5.0286623632898185e-20,4.999319101764788e-21,-1.2971427118830793e-08,4.03471144503687e-21,-4.948727489132363e-22,4.1768957735720837e-10
1,36,36.0,0.12040133779264214,299.0,0.7071067535331157,-6.876034100957358e-19,-3.492028802941893e-19,0.7071068088399785,7.046018065129321e-20,4.380728165566846e-21,-1.0882979232040769e-08,5.1520952677902474e-21,-2.7027916918999076e-21,2.2336533853378457e-10
1,37,37.0,0.12374581939799331,299.0,0.7071067573808301,-6.642407947143932e-19,-3.227426261064566e-19,0.7071068049922645,9.62206568452868e-20,1.002238550849991e-21,-9.766152539365339e-09,7.218131669020674e-21,1.3985829077772892e-21,-6.955115478373564e-09
1,38,38.0,0.12709030100334448,299.0,0.7071067608336865,-6.305759997042579e-19,-2.8836914386320416e-19,0.7071068015394083,1.3231131519441832e-19,2.7504671852762375e-21,-4.454172993124031e-08,9.422784492419428e-21,-6.401178308445739e-21,2.0826041010907906e-09
1,39,39.0,0.13043478260869565,299.0,0.7071067765815665,-5.847693175033167e-19,-2.4061760554125954e-19,0.707106785791529,1.7942523727405453e-19,-5.251005699872486e-21,-3.412870942578363e-08,1.0537438748633422e-20,2.8082855385998277e-21,8.626451691387439e-09
1,40,40.0,0.13377926421404682,299.0,0.7071067886478873,-5.194764019635516e-19,-1.7903772493983472e-19,0.7071067737252081,2.3211243161931466e-19,-1.7406487770813548e-21,9.003549031162917e-09,1.0955798751155825e-20,-8.654278368399171e-21,-4.104552219134296e-09
1,41,41.0,0.13712374581939799,299.0,0.7071067854646522,-4.3679685243600405e-19,-9.758899854870357e-20,0.7071067769084434,2.8689142522552214e-19,-1.2558496737171441e-20,-1.1519212064521789e-08,1.2147272123914898e-20,3.1648013933481766e-21,-3.404528810263773e-09
1,42,42.0,0.14046822742474915,299.0,0.7071067895373088,-3.3092531603759418e-19,-5.976647380192288e-22,0.7071067728357868,3.4762778625137674e-19,-8.6024949958268e-21,-2.854185611585003e-08,1.4196298362047676e-20,-8.29895847008358e-21,7.406410805786461e-09
1,43,43.0,0.14381270903010032,299.0,0.7071067996283785,-2.0497889087806974e-19,1.1926587031230844e-19,0.7071067627447166,4.1860927891625827e-19,-1.8976193083107917e-20,8.490197913092081e-09,1.559233809277281e-20,2.782905135783886e-21,5.326308009252667e-09
1,44,44.0,0.14715719063545152,299.0,0.7071067966266403,-5.0269059359222835e-20,2.6055749962142532e-19,0.707106765746455,4.965709688537789e-19,-1.5497561663655305e-20,3.5121737959361746e-08,1.5668715437375534e-20,-5.945216114809912e-21,1.3461548233571132e-11
1,45,45.0,0.1505016722408027,299.0,0.7071067842092309,1.3077451409358222e-19,4.306426308009434e-19,0.7071067781638648,5.749145443512598e-19,-2.2929081806882763e-20,3.518904570052982e-08,1.5280738475642847e-20,1.5859201436447057e-21,-6.455374650639384e-09
1,46,46.0,0.15384615384615385,299.0,0.7071067717680244,3.4214416349950823e-19,6.257989594976244e-19,0.7071067906050711,6.513182343497753e-19,-2.0946681627604415e-20,2.912172447324122e-09,1.4495621382018022e-20,-3.04179864358592e-21,-6.411667029201136e-09
1,47,47.0,0.15719063545150502,299.0,0.707106770738416,5.7982570191895e-19,8.486689618906082e-19,0.7071067916346796,7.237963411451342e-19,-2.474892993179434e-20,-2.9146162698690542e-08,1.1783475345072544e-20,4.335538093294196e-23,4.589629046893749e-09
1,48,48.0,0.1605351170568562,299.0,0.7071067810431406,8.444764043962251e-19,1.0958195567635797e-18,0.707106781329955,7.827137199526751e-19,-2.469473570584971e-20,-6.1980174642077535e-09,6.430929713438932e-21,-2.9751328822694266e-21,2.810464380121486e-09
1,49,49.0,0.16387959866220736,299.0,0.7071067832344707,1.1299383980868928e-18,1.3638197413679454e-18,0.707106779138625,8.148683689809012e-19,-2.841365180849306e-20,7.854304436409665e-09,-1.5490673018807714e-22,-2.6180491332883368e-21,-3.2415021815565047e-09
1,50,50.0,0.16722408026755853,299.0,0.7071067804575547,1.4280836218243696e-18,1.6418734679532032e-18,0.707106781915541,8.140938347030198e-19,-3.1686213225284076e-20,-8.353206471377787e-09,-6.4532289766078694e-21,-6.272685946267946e-21,-1.1388665099286674e-09
1,51,51.0,0.1705685618729097,299.0,0.7071067834108593,1.7271120183520556e-18,1.9184963415959144e-18,0.7071067789622366,7.8182769054979415e-19,-3.9527070658026476e-20,-1.4047539021024499e-08,-1.2540191871125789e-20,-5.713039183000005e-21,-9.068971183468003e-10
1,52,52.0,0.17391304347826086,299.0,0.7071067883774144,2.0175047664220024e-18,2.180939253816081e-18,0.7071067739956816,7.191267328679191e-19,-4.66683696369185e-20,-1.8582024612767164e-08,-1.8710089211005763e-20,-1.3282167855785526e-20,6.127857240338628e-09
1,53,53.0,0.17725752508361203,299.0,0.7071067949471521,2.2882542035912733e-18,2.4186892041628873e-18,0.7071067674259437,6.255762894251689e-19,-6.327107945655879e-20,1.2057261588930018e-08,-2.3748768777981323e-20,-9.328156645725383e-21,8.95481278388271e-09
1,54,54.0,0.1806020066889632,299.0,0.7071067906842665,2.5317985449798275e-18,2.6174940990994498e-18,0.7071067716888295,5.06832443236589e-19,-7.493127526400171e-20,5.683132550835316e-08,-2.65985531831477e-20,-2.0465804294003087e-20,-1.3756491890699973e-09
1,55,55.0,0.18394648829431437,299.0,0.7071067705913587,2.7374831566797617e-18,2.770194146676309e-18,0.7071067917817374,3.7383966454611694e-19,-1.0051353063125714e-19,4.995307956299454e-08,-2.8832989981228796e-20,-1.1034219245155482e-20,-4.679337899298561e-09
1,56,56.0,0.18729096989966554,299.0,0.7071067529302777,2.9051924049626376e-18,2.8668294621279033e-18,0.7071068094428176,2.2967469956446997e-19,-1.1430630468821407e-19,2.655639006649347e-08,-3.2651435163223136e-20,-2.1137760460400956e-20,-3.2474126306990574e-09
1,57,57.0,0.19063545150501673,299.0,0.7071067435411755,3.026808091857244e-18,2.9076183154205648e-18,0.7071068188319188,6.641751462099754e-20,-1.4072850526324387e-19,1.0319326912996848e-08,-3.733231884119395e-20,-5.607771896877943e-21,-1.6650687895821854e-09
1,58,58.0,0.1939799331103679,299.0,0.7071067398927423,3.100045285949697e-18,2.8813454009100442e-18,0.7071068224803517,-1.2024408439814778e-19,-1.4773822013484269e-19,1.9939829650918204e-09,-4.04983778272014e-20,-7.425110846191426e-21,-5.664129615954369e-10
1,59,59.0,0.19732441471571907,299.0,0.7071067391877629,3.1097659393562457e-18,2.7865993458722906e-18,0.7071068231853312,-3.227359744437813e-19,-1.5701960869215956e-19,-8.38081842872766e-10,-4.175061856612088e-20,1.470585293200072e-20,-6.69669563101109e-09
1,60,60.0,0.20066889632107024,299.0,0.7071067394840695,3.051176365420754e-18,2.6169801306274197e-18,0.7071068228890245,-5.314890666895676e-19,-1.3863729252725987e-19,-3.432155999792876e-08,-4.241003338778385e-20,3.021885789558254e-20,-5.242105703182754e-09
1,61,61.0,0.2040133779264214,299.0,0.7071067516185741,2.912282257826895e-18,2.380054728432002e-18,0.7071068107545213,-7.435392193478443e-19,-1.0086372015744714e-19,-6.053208851384665e-08,-4.2120587091951444e-20,6.055087910104919e-20,4.455373153284273e-09
1,62,62.0,0.20735785953177258,299.0,0.7071067730198997,2.6850620965268486e-18,2.081513284866669e-18,0.7071067893531967,-9.541421365340316e-19,-2.5175121280724934e-20,-3.82552227474221e-08,-3.8252655801475764e-20,9.484349826395439e-20,3.036467314888341e-09
1,63,63.0,0.21070234113712374,299.0,0.7071067865451635,2.356622622625393e-18,1.735272395677166e-18,0.707106775827933,-1.145405412869548e-18,9.337925154967642e-20,-2.3072886172983405e-08,-2.971545635209815e-20,1.3241664774003642e-19,-3.03550784265036e-10
1,64,64.0,0.2140468227424749,299.0,0.7071067947026605,1.918646081210912e-18,1.3633250102393381e-18,0.7071067676704358,-1.2939827012798961e-18,2.5890006122544994e-19,-2.459064009431633e-08,-1.9320806191807202e-20,1.7569765601326165e-19,8.815967798812368e-09
1,65,65.0,0.21739130434782608,299.0,0.7071068033967643,1.3696190912239542e-18,9.97368067915609e-19,0.7071067589763312,-1.3905867510611227e-18,4.7852213124273145e-19,1.9489198899748635e-08,-1.0579486321619726e-20,2.0379894092398765e-19,1.026352637581306e-08
1,66,66.0,0.22073578595317725,299.0,0.707106796506292,7.087893074210293e-19,6.749045373913072e-19,0.7071067658668038,-1.4434841546613583e-18,7.332708073985379e-19,7.080683077881945e-08,-4.001129198829671e-21,2.208177425122427e-19,-7.278469089138112e-09
1,67,67.0,0.22408026755852842,299.0,0.7071067714722972,-6.080977227314865e-20,4.238061929878271e-19,0.707106790900799,-1.4634896450092733e-18,1.0092929855393392e-18,3.4414485333114684e-08,1.775025285367958e-21,1.9684097203741678e-19,-1.1992818502812257e-08
1,68,68.0,0.22742474916387959,299.0,0.707106759304939,-9.350704466912832e-19,2.6322341468194967e-19,0.7071068030681567,-1.454614411494128e-18,1.2553442005863129e-18,-2.554960718095952e-08,7.244730991148669e-21,1.2540560717387244e-19,3.2610493955275447e-09
1,69,69.0,0.23076923076923078,299.0,0.7071067683380895,-1.8931855038612656e-18,1.9277071637065072e-19,0.7071067940350068,-1.4183908479646628e-18,1.4121012095530778e-18,-9.244360203303695e-09,1.2185366008028471e-20,-1.6638674471901167e-20,3.71877728935183e-09
1,70,70.0,0.23411371237458195,299.0,0.7071067716064644,-2.893915569588076e-18,1.9054696750366063e-19,0.707106790766632,-1.3574640561012486e-18,1.3913028664615458e-18,9.349526243477485e-09,1.7124492045014046e-20,-2.434360253854209e-19,-5.533467551064902e-09
1,71,71.0,0.23745819397993312,299.0,0.7071067683009077,-3.865751435866454e-18,2.025107932886409e-19,0.7071067940721886,-1.2718415577863316e-18,1.0870078347268952e-18,-1.831781151184667e-08,2.305968210236214e-20,-5.471385981515489e-19,-9.217134730319117e-10
1,72,72.0,0.2408026755852843,299.0,0.7071067747772322,-4.699730637861934e-18,1.371621511193162e-19,0.7071067875958643,-1.1565432035385105e-18,4.030845870328507e-19,-2.2926378877011694e-08,3.012851933032236e-20,-9.275754779783754e-19,1.2974510787367072e-09
1,73,73.0,0.24414715719063546,299.0,0.7071067828829312,-5.251142329266154e-18,-1.2922575963135715e-19,0.7071067794901653,-1.0059006283509745e-18,-7.563847604459272e-19,-1.643912348334077e-08,3.7650163907036355e-20,-1.319894152468994e-18,-1.7360323049278249e-09
1,74,74.0,0.24749163879598662,299.0,0.7071067886950391,-5.339359507423574e-18,-7.522877826168549e-19,0.7071067736780574,-8.1764977319597475e-19,-2.4062524510393542e-18,-2.5119285007995918e-08,4.4887647853310797e-20,-1.6708969643070422e-18,3.3812078179394256e-09
1,75,75.0,0.2508361204013378,299.0,0.7071067975760472,-4.7777036418819966e-18,-1.8921094269252337e-18,0.7071067647970488,-5.932113732929942e-19,-4.494873656430048e-18,-8.213245918296752e-09,5.050801267688703e-20,-1.849465532249626e-18,6.03973236590299e-09
1,76,76.0,0.25418060200668896,299.0,0.7071068004798681,-3.398257739077224e-18,-3.691019203985773e-18,0.707106761893228,-3.4067122587269154e-19,-6.8067055717478574e-18,2.1985415911230446e-08,5.255835979682519e-20,-1.7343616379246126e-18,8.677430076730315e-10
1,77,77.0,0.25752508361204013,299.0,0.7071067927068498,-1.1121694699414245e-18,-6.217998540486157e-18,0.7071067696662465,-7.787988214168626e-20,-8.974657619155607e-18,2.6324130949605345e-08,5.085688072165332e-20,-1.1657387718975681e-18,-4.332916600167817e-09
1,78,78.0,0.2608695652173913,299.0,0.7071067833998641,2.0333163458315553e-18,-9.418553911939654e-18,0.7071067789732323,1.7640382735468772e-19,-1.0431831084023495e-17,4.659547948764267e-09,4.8128266396452404e-20,-1.1054595663038301e-20,-6.188919804888604e-09
1,79,79.0,0.26421404682274247,299.0,0.7071067817524651,5.783893746279612e-18,-1.30443950129775e-17,0.7071067806206313,4.1704502368725314e-19,-1.0445649328589686e-17,-2.6285051075685352e-08,4.724443075658104e-20,1.798847221582086e-18,-5.455757247464879e-09
1,80,80.0,0.26755852842809363,299.0,0.707106791045634,9.624436336647051e-18,-1.659004199906807e-17,0.7071067713274622,6.532680002483755e-19,-8.197090301588385e-18,-5.356383731301547e-08,4.8075151592302425e-20,4.250443028412643e-18,2.864925764723224e-09
1,81,81.0,0.2709030100334448,299.0,0.7071068099833098,1.275351091915693e-17,-1.9257185734095752e-17,0.7071067523897855,8.93645081685502e-19,-2.8840365160374545e-18,-3.923920848939352e-08,4.868618973010719e-20,7.136553518324575e-18,7.919994116078018e-09
1,82,82.0,0.27424749163879597,299.0,0.7071068238564643,1.4089123383390985e-17,-1.996089515804622e-17,0.7071067385166296,1.1370763665094609e-18,6.0366553819142985e-18,3.6076209101045024e-10,4.915457892142181e-20,1.0091922732935224e-17,1.2941962000211135e-09
1,83,83.0,0.27759197324414714,299.0,0.7071068237289156,1.2356860721164379e-17,-1.742459783291327e-17,0.7071067386441784,1.3828491946017178e-18,1.8651558798135388e-17,6.8317430911119406e-09,5.112297781406738e-20,1.2483997616476013e-17,2.5098645742671904e-09
1,84,84.0,0.2809364548494983,299.0,0.7071068213135299,6.251450200079561e-18,-1.0341364573213024e-17,0.7071067410595644,1.6384643613835434e-18,3.425655581878162e-17,1.938106596244113e-08,5.326709732920756e-20,1.3525637838807235e-17,6.726039130398344e-09
1,85,85.0,0.2842809364548495,299.0,0.7071068144612886,-5.280786074459272e-18,2.3494421946716725e-18,0.7071067479118064,1.9048017941506555e-18,5.116360311732867e-17,5.3011261614428016e-08,5.21835237522377e-20,1.2257484745319331e-17,4.754494197063111e-10
1,86,86.0,0.28762541806020064,299.0,0.707106795718978,-2.2696401413526698e-17,2.111195774963817e-17,0.7071067666541183,2.165727613955943e-18,6.648545904898891e-17,5.538850871295038e-08,4.793187917985188e-20,7.76626310571542e-18,-5.686109888168747e-09
1,87,87.0,0.2909698996655518,299.0,0.707106776136183,-4.5436859494256944e-17,4.53838187797302e-17,0.7071067862369134,2.4053982557664095e-18,7.619328793110024e-17,2.6957959272100413e-08,4.495088962441946e-20,-6.72853073528567e-19,-3.757690581825615e-09
1,88,88.0,0.29431438127090304,299.0,0.707106766605105,-7.152481765285309e-17,7.317265131481152e-17,0.7071067957679913,2.6301590774868524e-18,7.535222158909764e-17,8.169506362979695e-09,4.651470998962522e-20,-1.3298818008795344e-17,-1.27157704588774e-09
1,89,89.0,0.2976588628762542,299.0,0.7071067637167483,-9.723594966009303e-17,1.0074358620689597e-16,0.707106798656348,2.8627345195000294e-18,5.872869907794181e-17,1.811621133558753e-09,5.184399010116031e-20,-2.961438056890303e-17,-3.1048889930993885e-09
1,90,90.0,0.3010033444816054,299.0,0.7071067630762434,-1.1698755123752616e-16,1.2251944589877097e-16,0.7071067992968528,3.12195483822758e-18,2.1710723366579976e-17,-1.3712823831929099e-08,6.076255305275487e-20,-4.812966839553587e-17,-7.056353349449427e-09
1,91,91.0,0.30434782608695654,299.0,0.7071067679244589,-1.2355967430608683e-16,1.3129912230197636e-16,0.7071067944486374,3.4257671059211617e-18,-3.845136212813215e-17,-4.899459057917932e-08,7.58793814686825e-20,-6.620722196768321e-17,-7.253769820511744e-09
1,92,92.0,0.3076923076923077,299.0,0.7071067852466627,-1.0875387600127506e-16,1.1891570137865222e-16,0.7071067771264339,3.805170193361956e-18,-1.2121038958805815e-16,-8.526343968175197e-08,9.763185160061288e-20,-8.008439150709377e-17,6.975902742351602e-09
1,93,93.0,0.3110367892976589,299.0,0.7071068153918402,-6.455420592096889e-17,7.740668268760886e-17,0.707106746981255,4.293360576812054e-18,-2.2131587897222788e-16,-5.038392596999432e-08,1.22315721927932e-19,-8.512010902673356e-17,1.3370875660313927e-08
1,94,94.0,0.31438127090301005,299.0,0.7071068332052469,1.521070041730676e-17,6.776294921567786e-19,0.7071067291678461,4.904972713404598e-18,-3.277160152558602e-16,1.6470452331584805e-08,1.4661124079293665e-19,-7.633028828365886e-17,4.1794917955998557e-10
1,95,95.0,0.3177257525083612,299.0,0.7071068273820631,1.3280997054662754e-16,-1.134533183857211e-16,0.7071067349910308,5.638013090579712e-18,-4.2312887561048135e-16,1.8560198229372094e-08,1.724732184450646e-19,-4.92313036304649e-17,5.183952977870577e-10
1,96,96.0,0.3210702341137124,299.0,0.7071068208200425,2.844019473884166e-16,-2.6105864002227043e-16,0.7071067415530522,6.5003553257136975e-18,-4.846680051483583e-16,2.1152174718300548e-08,2.1117656164417508e-19,-8.961323959626416e-19,6.778946047313778e-09
1,97,97.0,0.32441471571906355,299.0,0.7071068133416197,4.58056174309691e-16,-4.30116447071214e-16,0.7071067490314756,7.556206681452028e-18,-4.857881706427843e-16,5.5046904954875844e-08,2.6188465148384595e-19,6.880122589631365e-17,1.625414496318217e-09
1,98,98.0,0.3277591973244147,299.0,0.7071067938796005,6.324797318395682e-16,-5.99197000012878e-16,0.7071067684934962,8.865549511400954e-18,-3.997866382715001e-16,6.317397743646982e-08,3.2091794651813063e-19,1.5608373572759055e-16,-3.87216472108119e-09
1,99,99.0,0.3311036789297659,299.0,0.7071067715442266,7.769600763993072e-16,-7.374084984945094e-16,0.7071067908288701,1.0470063543338528e-17,-2.046819686107656e-16,4.3813153831065465e-08,3.9526130662559564e-19,2.523675875511262e-16,-7.482958268390136e-09
1,100,100.0,0.33444816053511706,299.0,0.7071067560539371,8.530277905270893e-16,-8.060727910486313e-16,0.7071068063191588,1.2446343317658166e-17,1.1077751582966362e-16,6.398362489112411e-09,4.967652369240221e-19,3.440777003664387e-16,-4.5872102374966844e-09
1,101,101.0,0.3377926421404682,299.0,0.7071067537917745,8.182624652594757e-16,-7.625065804113916e-16,0.7071068085813216,1.493017219946068e-17,5.408746412893461e-16,-1.6537688698369327e-08,6.2868497642631615e-19,4.131717465128235e-16,2.7400519966067125e-09
1,102,102.0,0.3411371237458194,299.0,0.7071067596387305,6.323130114672347e-16,-5.659999027630263e-16,0.7071068027343659,1.8073569894888843e-17,1.0573393244318778e-15,-2.8374287153251357e-09,7.80054473451759e-19,4.388680242308898e-16,-1.1359635595636389e-09
1,103,103.0,0.34448160535117056,299.0,0.7071067606419131,2.648770668777989e-16,-1.8578403616512046e-16,0.7071068017311835,2.197382969097919e-17,1.6059243547215438e-15,-8.517246513143075e-09,9.577645669193705e-19,4.002978434114832e-16,-5.174717140513741e-09
1,104,104.0,0.34782608695652173,299.0,0.7071067636532147,-2.9513403016693514e-16,3.8976487304742357e-16,0.7071067987198821,2.676260750274273e-17,2.1062966589861494e-15,-3.4390832215722635e-08,1.1807143849443316e-18,2.802876218819017e-16,4.245000309744662e-09
1,105,105.0,0.3511705685618729,299.0,0.7071067758122102,-1.0303603717749479e-15,1.1439151874010768e-15,0.7071067865608871,3.266596142503142e-17,2.4566561863376303e-15,-1.3165830666999516e-08,1.4470269526679565e-18,6.954513866295747e-17,7.71587083093581e-09
1,106,106.0,0.35451505016722407,299.0,0.7071067804670342,-1.887370349047563e-15,2.024023460515823e-15,0.707106781906063,3.9900999396345e-17,2.5435876096640135e-15,2.5413523487682533e-08,1.773275595789781e-18,-2.290389747876477e-16,-1.674215572573298e-09
1,107,107.0,0.35785953177257523,299.0,0.7071067714819969,-2.7725572131882282e-15,2.937424640067482e-15,0.7071067908911003,4.8767571379932665e-17,2.2572888911755986e-15,1.7042445624808008e-08,2.180083730058106e-18,-5.970387707497074e-16,-6.6102353045376554e-09
1,108,108.0,0.3612040133779264,299.0,0.7071067654565822,-3.5533873964781364e-15,3.752738732224513e-15,0.7071067969165145,5.966810491548684e-17,1.5109904277331601e-15,-1.6008730897887533e-08,2.674347722123476e-18,-9.987191747779668e-16,-4.786650436067485e-10
1,109,109.0,0.36454849498327757,299.0,0.7071067711165234,-4.066507360517893e-15,4.308050338762819e-15,0.7071067912565735,7.303976532859083e-17,2.625914592543107e-16,-1.8402056115914754e-08,3.2767693510822422e-18,-1.3817952550046493e-15,7.935832269838664e-09
1,110,110.0,0.36789297658862874,299.0,0.7071067776226329,-4.133524038095348e-15,4.426713852213897e-15,0.7071067847504643,8.942359313343014e-17,-1.4646526095083223e-15,2.1277105233297626e-08,4.037737433425749e-18,-1.6811578783605296e-15,2.4072726928053995e-09
1,111,111.0,0.3712374581939799,299.0,0.7071067701000402,-3.584075069087785e-15,3.94049701004731e-15,0.707106792273057,1.0961220178960142e-16,-3.566099957465303e-15,3.331346869733212e-08,4.957734426670903e-18,-1.825693668430474e-15,-8.503567848269143e-09
1,112,112.0,0.3745819397993311,299.0,0.70710675832195,-2.2845144781228724e-15,2.718444117103894e-15,0.7071068040511463,1.3440054527511583e-16,-5.848217043008075e-15,-9.204370544031984e-09,5.988327422917755e-18,-1.7478063009990156e-15,-1.77520177329181e-09
1,113,113.0,0.3779264214046823,299.0,0.7071067615761866,-1.6933968569095357e-16,6.983049706113982e-16,0.70710680079691,1.6434235037248922e-16,-8.032974919258658e-15,-1.808037941050263e-08,7.264188902588457e-18,-1.3945164414095133e-15,5.2767324041921064e-09
1,114,114.0,0.38127090301003347,299.0,0.7071067679685661,2.728849700834943e-15,-2.083676683500403e-15,0.7071067944045307,2.0066371316410244e-16,-9.776120471018348e-15,8.303282610460952e-09,8.772214686674894e-18,-7.387505484860968e-16,9.589824153533038e-10
1,115,115.0,0.38461538461538464,299.0,0.7071067650329124,6.256175628081327e-15,-5.469111837166112e-15,0.7071067973401843,2.445245264551294e-16,-1.0699558656618879e-14,1.3098194687229256e-08,1.0473944308613012e-17,2.1112704985080765e-16,1.513502657224742e-09
1,116,116.0,0.3879598662207358,299.0,0.7071067604020012,1.0125493387028018e-14,-9.165524552726123e-15,0.7071068019710954,2.968938223157962e-16,-1.0435649844292975e-14,2.0665707973362568e-08,1.254977407117425e-17,1.405171135382333e-15,2.2183815260246034e-09
1,117,117.0,0.391304347826087,299.0,0.7071067530955698,1.3920020592528832e-14,-1.2750116101243346e-14,0.7071068092775263,3.5964204692860407e-16,-8.679185925047579e-15,3.175761560349059e-08,1.488527094313891e-17,2.750517031124213e-15,-1.5708098177409126e-09
1,118,118.0,0.39464882943143814,299.0,0.7071067418675565,1.711572877144075e-14,-1.569151912058437e-14,0.7071068205055385,4.340675672660851e-16,-5.241039636120709e-15,2.390356651478158e-08,1.7488087568764784e-17,4.115404913943051e-15,-7.669762071359727e-09
1,119,119.0,0.3979933110367893,299.0,0.707106733416369,1.91221820529364e-14,-1.7391040462730517e-14,0.7071068289567248,5.215076203666216e-16,-9.678349366791106e-17,-1.444524384202911e-08,2.0591303344330688e-17,5.338067894120143e-15,-8.304316289419324e-09
1,120,120.0,0.4013377926421405,299.0,0.7071067385235343,1.9340781061845456e-14,-1.7240877630863464e-14,0.7071068238495601,6.244641737653732e-16,6.57580137400616e-15,-5.5966825289135585e-08,2.4298277272057964e-17,6.239305950836077e-15,1.7648365112895676e-09
1,121,121.0,0.40468227424749165,299.0,0.7071067583107961,1.7236665917177902e-14,-1.4695198895313857e-14,0.7071068040623003,7.45954535155922e-16,1.4374933812571995e-14,-4.714264273267444e-08,2.830480419470141e-17,6.636625470414036e-15,5.219986743227114e-09
1,122,122.0,0.4080267558528428,299.0,0.7071067749782376,1.2418094228509057e-14,-9.349157282821813e-15,0.7071067873948595,8.874765476313428e-16,2.267071565060367e-14,-2.104270901652013e-08,3.297747965317826e-17,6.358420093129171e-15,3.900141925626343e-10
1,123,123.0,0.411371237458194,299.0,0.7071067824179587,4.7165561781868215e-15,-1.0200784904982166e-15,0.7071067799551385,1.052362416837778e-15,3.06187407670191e-14,-1.9092638053704253e-08,3.8681544734412294e-17,5.2570180110005745e-15,-1.3410589309969835e-09
1,124,124.0,0.41471571906354515,299.0,0.7071067891682256,-5.7367371338560025e-15,1.0177347474455796e-14,0.7071067732048716,1.2457682523824513e-15,3.7190013280760223e-14,-2.5797932708698185e-08,4.535775297028453e-17,3.221571675215253e-15,-1.6771792374174744e-09
1,125,125.0,0.4180602006688963,299.0,0.707106798289172,-1.844494681566846e-14,2.3766448414576343e-14,0.7071067640839247,1.4725540879177692e-15,4.1216977874753294e-14,-3.418382889580275e-08,5.417180581205774e-17,1.9315286029987115e-16,2.745092080082835e-09
1,126,126.0,0.4214046822742475,299.0,0.7071068103749802,-3.249672260566157e-14,3.885947720952305e-14,0.7071067519981158,1.7434089273726262e-15,4.1458418950083786e-14,-2.045836849539466e-08,6.527691579711774e-17,-3.813761050465972e-15,7.552702060928002e-09
1,127,127.0,0.42474916387959866,299.0,0.7071068176081053,-4.653809876072429e-14,5.413363018017368e-14,0.7071067447649899,2.0697909833142858e-15,3.669121763693809e-14,1.7305141809255017e-08,7.960403481245498e-17,-8.67938245542546e-15,6.0591251508056665e-09
1,128,128.0,0.4280936454849498,299.0,0.707106811489814,-5.877862030608692e-14,6.78377171997745e-14,0.7071067508832817,2.4678130451997554e-15,2.584198956757561e-14,4.760076756329342e-08,9.935027676826596e-17,-1.4134371147240529e-14,1.3880542110860926e-09
1,129,129.0,0.431438127090301,299.0,0.7071067946604019,-6.704263756882668e-14,7.784674558546534e-14,0.7071067677126951,2.9645681602850043e-15,8.174025633431005e-15,5.454103861872791e-08,1.2646769037010123e-16,-1.9706554874576175e-14,-6.021877911967121e-09
1,130,130.0,0.43478260869565216,299.0,0.707106775377233,-6.888445665769324e-14,8.178483496663154e-14,0.7071067869958644,3.596908058290337e-15,-1.64591679598888e-14,2.4431649058881876e-08,1.6244134730634775e-16,-2.467033869752346e-14,-7.807530231730925e-09
1,131,131.0,0.43812709030100333,299.0,0.7071067667393405,-6.179356186155796e-14,7.723734017604809e-14,0.7071067956337564,4.409113551967417e-15,-4.729709133188649e-14,-1.4606002099783045e-08,2.1059440404413298e-16,-2.802042014564062e-14,-1.492593040800356e-09
1,132,132.0,0.4414715719063545,299.0,0.7071067719033421,-4.351265798176995e-14,6.207415003353875e-14,0.707106790469755,5.462087359001925e-15,-8.232261651400791e-14,-2.2068967303780806e-08,2.746523334645464e-16,-2.850121152493028e-14,2.3228145258797855e-09
1,133,133.0,0.44481605351170567,299.0,0.7071067797059004,-1.2476078521883923e-14,3.489984917924862e-14,0.707106782667197,6.835354251229151e-15,-1.1794913092019803e-13,-1.0454894674369284e-08,3.574286989726466e-16,-2.4728208372088984e-14,-1.350240556069907e-09
1,134,134.0,0.44816053511705684,299.0,0.7071067834022638,3.1641899328495556e-14,-4.384803313696098e-15,0.7071067789708335,8.622501576368396e-15,-1.4885939138526987e-13,-1.7206097454712462e-08,4.612891401782081e-16,-1.5433324963660682e-14,-4.411936424016855e-09
1,135,135.0,0.451505016722408,299.0,0.7071067894855378,8.732015654988192e-14,-5.396603106475789e-14,0.7071067728875594,1.0928955245048914e-14,-1.6815104758971757e-13,-3.9265779574801886e-08,5.84570307153661e-16,1.5305356962545095e-16,5.884853217009068e-11
1,136,136.0,0.45484949832775917,299.0,0.7071068033680872,1.5063449918750872e-13,-1.0955243385173618e-13,0.7071067590050096,1.3851826711243847e-14,-1.6795973062745326e-13,-3.897153691395594e-08,7.238081519227982e-16,2.1808237127249426e-14,4.317556170238668e-09
1,137,137.0,0.45819397993311034,299.0,0.7071068171466056,2.149145920699098e-13,-1.640378047543331e-13,0.7071067452264902,1.7470887107300846e-14,-1.4069943421805346e-13,-1.7383756062764152e-08,8.665839447187578e-16,4.779384042158114e-14,4.312075266801715e-09
1,138,138.0,0.46153846153846156,299.0,0.7071068232926913,2.7083624444908135e-13,-2.0760567613361146e-13,0.7071067390804039,2.180381417766221e-14,-8.095713369065508e-14,4.1766202712422815e-09,9.859167779605518e-16,7.445109883476749e-14,2.8087890666713437e-09
1,139,139.0,0.46488294314381273,299.0,0.7071068218160332,3.0716772393200304e-13,-2.285195351403957e-13,0.7071067405570622,2.6733397162724392e-14,1.2106739853258554e-14,1.8220565604598425e-08,1.037651406497982e-15,9.612311361599316e-14,1.2157581717100957e-09
1,140,140.0,0.4682274247491639,299.0,0.7071068153740908,3.123390263987636e-13,-2.147874755440248e-13,0.7071067469990052,3.1921655144101994e-14,1.3226063187365217e-13,2.4299356463146527e-08,9.505547768399662e-16,1.0563372524777952e-13,8.208532917484228e-10
1,141,141.0,0.47157190635451507,299.0,0.7071068067829713,2.768638405329909e-13,-1.5674027269905842e-13,0.7071067555901255,3.667443914137037e-14,2.6430278843361477e-13,2.840362292189109e-08,6.072177441120219e-16,9.550171089205986e-14,-2.4100872804320784e-09
1,142,142.0,0.47491638795986624,299.0,0.7071067967407744,1.9638506682020963e-13,-5.0328753738198487e-14,0.707106765632323,3.971055079095593e-14,3.8367992704864107e-13,1.6353186519730983e-08,-1.5250182869233388e-16,5.993404243806496e-14,-3.3643290071516466e-09
1,143,143.0,0.4782608695652174,299.0,0.7071067909590499,7.477352995238794e-14,9.93623868363434e-14,0.7071067714140477,3.894806073277711e-14,4.585974800957817e-13,-4.684585160263208e-10,-1.5633329493154097e-15,-2.6133835877568196e-15,-8.984925511715807e-10
1,144,144.0,0.4816053511705686,299.0,0.7071067911246751,-7.359494289157899e-14,2.7527130197392773e-13,0.7071067712484227,3.1131395371872474e-14,4.553307506102032e-13,-4.960921271878104e-09,-3.9514527669418484e-15,-8.680544739578644e-14,-9.632726544459757e-11
1,145,145.0,0.48494983277591974,299.0,0.7071067928786257,-2.2357206114762074e-13,4.47261644479042e-13,0.707106769494472,1.1374124783880756e-14,3.468239413641915e-13,-5.442557599100431e-09,-7.720896866050425e-15,-1.7856503482875327e-13,-8.658526299721939e-10
1,146,146.0,0.4882943143812709,299.0,0.7071067948028603,-3.421714792017659e-13,5.739037852914595e-13,0.7071067675702374,-2.7230364637092787e-14,1.2361764782674825e-13,-9.771820748962249e-09,-1.3402945894402744e-14,-2.5498298851875426e-13,-4.376030158165231e-09
1,147,147.0,0.4916387959866221,299.0,0.7071067982577207,-3.955043056378369e-13,6.079818332959341e-13,0.707106764115377,-9.424509717274845e-14,-1.9511108782310974e-13,-3.1651971539796976e-08,-2.1614488377981767e-14,-2.870010956749884e-13,2.0388481489284873e-09
1,148,148.0,0.49498327759197325,299.0,0.7071068094483822,-3.5984280204547363e-13,5.056789630692715e-13,0.7071067529247147,-2.0231752139881526e-13,-5.538624574177567e-13,-2.145773079515468e-08,-3.303088996331768e-14,-2.454044467954433e-13,1.1000704273777814e-08
1,149,149.0,0.4983277591973244,299.0,0.7071068170348352,-2.355529111212038e-13,2.3832895578294063e-13,0.7071067453382609,-3.6747193603551717e-13,-8.60618015912019e-13,3.354579057374758e-08,-4.831911122852935e-14,-1.0983403630599116e-13,2.2750782219636874e-09
1,150,150.0,0.5016722408026756,299.0,0.7071068051746077,-6.119945783965075e-14,-1.9586641791082123e-13,0.7071067571984894,-6.090675770939886e-13,-9.979105612931502e-13,4.492118168356293e-08,-6.80114222456384e-14,1.2071637992767318e-13,-5.650830537890255e-09
1,151,151.0,0.5050167224080268,299.0,0.7071067892925721,7.627727520243455e-14,-7.640189915793945e-13,0.7071067730805258,-9.491248221916104e-13,-8.470150863807524e-13,1.666702899409798e-08,-9.224221118212304e-14,4.1863516597053184e-13,-1.2800229421136555e-10
1,152,152.0,0.5083612040133779,299.0,0.7071067833998875,4.0176016680167216e-14,-1.3990503453780241e-12,0.7071067789732104,-1.410335919968651e-12,-3.237211289135602e-13,1.6027017523038617e-08,-1.2040699822686962e-13,7.232797110600185e-13,3.361806892716064e-09
1,153,153.0,0.5117056856187291,299.0,0.707106777733481,-3.440003448760165e-13,-2.012132089490506e-12,0.7071067846396168,-2.012370923109997e-12,5.803785099160475e-13,3.283605198662614e-08,-1.5064538401114204e-13,9.448898687451197e-13,-4.2817473016152434e-10
1,154,154.0,0.5150501672240803,299.0,0.7071067661241833,-1.260675736297386e-12,-2.5184178539328917e-12,0.7071067962489143,-2.765597783496878e-12,1.7614908458515128e-12,3.0695178335824094e-08,-1.7909522952779529e-13,9.79163870008404e-13,-6.598319214027013e-09
1,155,155.0,0.5183946488294314,299.0,0.7071067552717987,-2.8612433121162237e-12,-2.873423271480018e-12,0.7071068071012984,-3.661073770421091e-12,2.985445683364219e-12,-2.2964177343113272e-09,-1.9887347060718544e-13,7.326435487552915e-13,-7.3888377042268396e-09
1,156,156.0,0.5217391304347826,299.0,0.707106756083705,-5.211142799310311e-12,-3.1122939518035645e-12,0.7071068062893922,-4.655441145072528e-12,3.901250119307316e-12,-3.92406062554495e-08,-1.9880265599559457e-13,1.552246411685396e-13,2.7428349631978334e-09
1,157,157.0,0.5250836120401338,299.0,0.7071067699573548,-8.23638994564682e-12,-3.3789409479048944e-12,0.7071067924157431,-5.649454884510927e-12,4.095280920762781e-12,-2.5526431439453827e-08,-1.6179523953753245e-13,-7.266698308149059e-13,3.172225750309378e-09
1,158,158.0,0.5284280936454849,299.0,0.7071067789823113,-1.1681674280765862e-11,-3.928424580964716e-12,0.7071067833907869,-6.458431397137847e-12,3.18694363223455e-12,-9.665302687900745e-09,-6.294317441896826e-14,-1.7862110509964783e-12,-7.344449225631618e-09
1,159,159.0,0.5317725752508361,299.0,0.7071067823995119,-1.509182929705638e-11,-5.0850702475891696e-12,0.7071067799735864,-6.773147358371909e-12,9.541798184759158e-13,-4.638754881607296e-08,1.3244871688743624e-13,-2.792302150898319e-12,1.602432026681705e-09
1,160,160.0,0.5351170568561873,299.0,0.707106798799987,-1.7823851889007878e-11,-7.142386313498849e-12,0.7071067635731111,-6.110903908173638e-12,-2.5361978701611364e-12,-3.8375388682666385e-08,4.70623279022686e-13,-3.4349557854493713e-12,1.1024752388858324e-08
1,161,161.0,0.5384615384615384,299.0,0.7071068123677352,-1.9087701241224998e-11,-1.019959880344648e-11,0.7071067500053619,-3.75778722795725e-12,-6.829892601984562e-12,1.6748373261636852e-08,1.0111093142232867e-12,-3.384963759941019e-12,1.5719901370488833e-09
1,162,162.0,0.5418060200668896,299.0,0.7071068064462913,-1.800154818611584e-11,-1.3942908827284732e-11,0.7071067559268064,1.2977590077158959e-12,-1.1061097301915794e-11,2.460832394687712e-08,1.8267657670474976e-12,-2.3831747017011067e-12,-4.139244217104727e-10
1,163,163.0,0.5451505016722408,299.0,0.7071067977459352,-1.3632032895780828e-11,-1.7394770151329127e-11,0.7071067646271629,1.0431587033674172e-11,-1.4040065679036272e-11,2.2538701838319908e-08,3.0013406332538515e-12,-3.463295798917822e-13,3.2310596263401295e-09
1,164,164.0,0.5484949832775919,299.0,0.7071067897773009,-4.9799973121037416e-12,-1.8670560081454445e-11,0.7071067725957975,2.543828924728962e-11,-1.4472977653881637e-11,3.8693999970020985e-08,4.624431985964118e-12,2.536594926377779e-12,-8.382053846859904e-10
1,165,165.0,0.5518394648829431,299.0,0.7071067760969061,9.130766105673927e-12,-1.4793737063089822e-11,0.7071067862761924,4.8560447495878005e-11,-1.1302233995876935e-11,3.450297304658916e-08,6.7800207966991015e-12,5.750385003584162e-12,-3.504890454620359e-09
1,166,166.0,0.5551839464882943,299.0,0.7071067638982629,3.029541973107211e-11,-1.6209693267914445e-12,0.7071067984748354,8.246055032175943e-11,-4.114252741355509e-12,1.6978520773488887e-08,9.527180876572296e-12,8.47796058613543e-12,-4.07810198024162e-09
1,167,167.0,0.5585284280936454,299.0,0.7071067578954491,6.090423413129995e-11,2.6078630378655063e-11,0.7071068044776488,1.300964545238646e-10,6.4831979913550685e-12,-3.4119891277150723e-09,1.2870396504314633e-11,9.719391037376625e-12,-3.620893605033325e-09
1,168,168.0,0.5618729096989966,299.0,0.7071067591017695,1.0460811836266694e-10,7.436683124655987e-11,0.7071068032713286,1.9444843700109152e-10,1.863243678810525e-11,-2.1516457152878458e-08,1.6715418362228035e-11,8.507205004812704e-12,1.4688924029314286e-09
1,169,169.0,0.5652173913043478,299.0,0.7071067667089859,1.6676845808295038e-10,1.49702299814583e-10,0.7071067956641123,2.7802552757726963e-10,2.926644304412526e-11,-1.4171995138224406e-08,2.0808068216907284e-11,4.191003889853602e-12,6.39675356091559e-10
1,170,170.0,0.568561872909699,299.0,0.7071067717195428,2.5471807245400764e-10,2.5834642099888864e-10,0.7071067906535555,3.820658673360438e-10,3.45051979064091e-11,-1.0973618357790706e-08,2.465362735944907e-11,-3.2630532987414982e-12,-9.171442491963926e-09
1,171,171.0,0.5719063545150501,299.0,0.707106775599303,3.7759932210753935e-10,4.0562653661743583e-10,0.7071067867737956,5.053340029659396e-10,3.0426381282904936e-11,-5.683083081766634e-08,2.741389933925885e-11,-1.3008175611915164e-11,-2.0424753008706435e-09
1,172,172.0,0.5752508361204013,299.0,0.7071067956920358,5.45504508996256e-10,5.950464490114878e-10,0.7071067666810625,6.424034944618744e-10,1.4166161767891303e-11,-6.704320732207293e-08,2.7786378593752313e-11,-2.316784842318091e-11,1.652760257743622e-08
1,173,173.0,0.5785953177257525,299.0,0.7071068193953882,7.67619933037835e-10,8.271788906864735e-10,0.7071067429777085,7.813353844897884e-10,-1.479364876123182e-11,1.5594805565101623e-08,2.3871189945805326e-11,-3.0879088636933554e-11,8.562747112935972e-09
1,174,174.0,0.5819397993311036,299.0,0.7071068138817922,1.0490940733736928e-09,1.0981922989555158e-09,0.7071067484913053,9.006913336506275e-10,-5.3392509557540545e-11,5.840854112982182e-08,1.3041309291832117e-11,-3.268124857223251e-11,-8.934175003222701e-09
1,175,175.0,0.5852842809364549,299.0,0.7071067932312552,1.3864136972083634e-09,1.397757624528021e-09,0.7071067691418437,9.65897871056177e-10,-9.424407027291913e-11,1.3737666113832162e-08,-8.16359083883086e-12,-2.5322697041651383e-11,-2.0180786430313806e-09
1,176,176.0,0.5886287625418061,299.0,0.7071067883742569,1.7612304902555728e-09,1.7059337648356194e-09,0.7071067739988421,9.250799128868102e-10,-1.2589744157496375e-10,3.6472728989376516e-09,-4.4077501294168926e-11,-6.877429420869722e-12,8.51260269271042e-09
1,177,177.0,0.5919732441471572,299.0,0.7071067870847512,2.132807103658158e-09,1.988487429736585e-09,0.707106775288348,7.046924047366619e-10,-1.3449422835088464e-10,4.621028636284814e-08,-9.98228016826864e-11,2.2094098643988036e-11,-1.6282611704692819e-09
1,178,178.0,0.5953177257525084,299.0,0.7071067707469477,2.429504430841928e-09,2.1900828762686656e-09,0.7071067916261514,2.055783776111054e-10,-1.0687660504557984e-10,3.806898051079049e-08,-1.8102759024628275e-10,5.7772077771133596e-11,-9.15069584236591e-09
1,179,179.0,0.5986622073578596,299.0,0.7071067572875304,2.539973990293539e-09,2.2249791780801915e-09,0.7071068050855682,-6.995595857980846e-10,-3.466150783122498e-11,-7.684498700975775e-09,-2.93246301390835e-10,9.300542826805121e-11,2.1923498975038627e-09
1,180,180.0,0.6020066889632107,299.0,0.707106760004411,2.304897020039883e-09,1.9653928232300465e-09,0.7071068023686878,-2.1657910919662475e-09,8.159527750432115e-11,3.2772507864807994e-09,-4.4096542277056277e-10,1.1824131301102153e-10,4.832301430159903e-09
1,181,181.0,0.6053511705685619,299.0,0.7071067588457277,1.5103259734264902e-09,1.2285182996477727e-09,0.7071068035273709,-4.3706182056409605e-09,2.2939691876852404e-10,2.7438757937812188e-08,-6.260660521022927e-10,1.2330533571727908e-10,-8.685162287545473e-09
1,182,182.0,0.6086956521739131,299.0,0.7071067491446615,-1.1602490869521084e-10,-2.356245985137281e-10,0.7071068132284364,-7.500948448415309e-09,3.835285884153797e-10,-1.5987053496936773e-08,-8.456028475442605e-10,1.0013725757083349e-10,-1.0230335179259461e-08
1,183,183.0,0.6120401337792643,299.0,0.7071067547969389,-2.9036083833217413e-09,-2.7520126482252918e-09,0.7071068075761596,-1.1728962704432762e-08,5.087001603788951e-10,-6.71387293846467e-08,-1.0888106524476312e-09,4.5510084388906406e-11,4.84101207732472e-09
1,184,184.0,0.6153846153846154,299.0,0.7071067785340647,-7.23027534248784e-09,-6.718974771443319e-09,0.7071067838390347,-1.7173016067810546e-08,5.655877658646462e-10,-4.293366898015108e-08,-1.3333168383202452e-09,-3.61899616655838e-11,9.139065648053295e-09
1,185,185.0,0.6187290969899666,299.0,0.7071067937134087,-1.3501818705888155e-08,-1.2590587534733624e-08,0.7071067686596904,-2.383960033181288e-08,5.203503137819117e-10,2.761659289240397e-09,-1.5406318729529758e-09,-1.3226771960329765e-10,-9.827332333339044e-10
1,186,186.0,0.6220735785953178,299.0,0.7071067927370145,-2.2114362012641363e-08,-2.0835187275087513e-08,0.7071067696360842,-3.1542759692278584e-08,3.550156642767491e-10,-2.1520068402151545e-09,-1.651222661840193e-09,-2.2325725693031867e-10,-4.697932534096632e-09
1,187,187.0,0.6254180602006689,299.0,0.7071067934978633,-3.339192879634404e-08,-3.18617197634874e-08,0.7071067688752344,-3.979887300301106e-08,7.594409311269837e-11,-2.564166947704657e-08,-1.5797197145712844e-09,-2.8726709326546545e-10,-7.195411090335829e-10
1,188,188.0,0.6287625418060201,299.0,0.7071068025635615,-4.748980541270647e-08,-4.590589614798375e-08,0.7071067598095342,-4.76974715814061e-08,-2.8313977347022194e-10,-2.9239375012990417e-08,-1.2112363341686894e-09,-3.060866095829274e-10,7.117066132257349e-09
1,189,189.0,0.6321070234113713,299.0,0.70710681290124,-6.425330302552401e-08,-6.286960416235927e-08,0.7071067494718525,-5.375365322832946e-08,-6.657480354497357e-10,6.345955608049059e-09,-4.0023849544691857e-10,-2.708244335671076e-10,8.085100005068837e-09
1,190,190.0,0.6354515050167224,299.0,0.707106810657604,-8.302271296511697e-08,-8.210976694725812e-08,0.7071067517154848,-5.575484571866058e-08,-1.0042785774091244e-09,4.677145552637279e-08,1.026176609578845e-09,-1.8477046299402092e-10,-4.366629188357037e-09
1,191,191.0,0.6387959866220736,299.0,0.7071067941213952,-1.023799643671569e-07,-1.021771450406103e-07,0.7071067682516894,-5.062396281117112e-08,-1.23524165615175e-09,2.4938309416915067e-08,3.258036397022294e-09,-6.236599597221949e-11,-3.5821629425732375e-09
1,192,192.0,0.6421404682274248,299.0,0.7071067853043687,-1.1984151579750337e-07,-1.2051214101304767e-07,0.7071067770687105,-3.433378091930728e-08,-1.3131991511165723e-09,7.0274945166372684e-09,6.482339754014128e-09,7.54763346146272e-11,7.79391172167423e-09
1,193,193.0,0.6454849498327759,299.0,0.7071067828197719,-1.3151605494001994e-07,-1.3311525118487412e-07,0.7071067795533029,-1.9220821780518654e-09,-1.2188537328471032e-09,4.5997052989743945e-08,1.0850034357573487e-08,2.0580153066831323e-10,2.2545631599317023e-09
1,194,194.0,0.6488294314381271,299.0,0.7071067665573575,-1.3176468680451093e-07,-1.3422573669523275e-07,0.7071067958157169,5.2328089441903914e-08,-9.616018195096903e-10,5.726986878222586e-08,1.64273150763216e-08,3.096871369029359e-10,-8.00229548404868e-09
1,195,195.0,0.6521739130434783,299.0,0.7071067463094037,-1.1292393999386275e-07,-1.1606493666604502e-07,0.7071068160636758,1.3446466465808103e-07,-5.74492898378278e-10,1.725839151305243e-08,2.3129617382542436e-08,3.7471902627594887e-10,-8.971331663080403e-09
1,196,196.0,0.6555183946488294,299.0,0.7071067402076465,-6.518039131559169e-08,-6.872760913989468e-08,0.7071068221654445,2.5011275154155923e-07,-1.0609411553022052e-10,-2.7598266569360385e-08,3.0638572608796986e-08,3.945410035481997e-10,-2.6817766921295415e-09
1,197,197.0,0.6588628762541806,299.0,0.7071067499651105,2.328532578014432e-08,1.9663096490360896e-08,0.7071068124079875,4.033056145983273e-07,3.8708213890788625e-10,-4.1007149946893535e-08,3.830590570566942e-08,3.754799182818778e-10,3.9148202804343525e-09
1,198,198.0,0.6622073578595318,299.0,0.7071067644633087,1.657385323490144e-07,1.6239002494623522e-07,0.7071067979097526,5.948351430823558e-07,8.56432036761917e-10,-2.1433049006490777e-08,4.505305732786638e-08,3.217375455502344e-10,-1.9436283526324764e-09
1,199,199.0,0.6655518394648829,299.0,0.7071067720409555,3.757417128197418e-07,3.729988078378985e-07,0.7071067903319462,8.201004296629531e-07,1.2586039687002595e-09,-3.115119228792974e-08,4.928142687058849e-08,2.491648440843218e-10,-4.004750239511667e-09
1,200,200.0,0.6688963210702341,299.0,0.7071067830543515,6.652460070258867e-07,6.633930886969151e-07,0.7071067793181245,1.0665075638912198e-06,1.5700600238043392e-09,-5.117494656967054e-08,4.881614416009567e-08,1.6407258354364996e-10,2.3227797319712723e-09
1,201,201.0,0.6722408026755853,299.0,0.7071068011469714,1.0417582562615599e-06,1.041015570074578e-06,0.7071067612245947,1.3105882844466886e-06,1.7751507532310308e-09,-3.9561052920638545e-08,4.091415344414406e-08,7.839258347199817e-11,3.461451866428066e-10
1,202,202.0,0.6755852842809364,299.0,0.7071068151330802,1.5044935698202053e-06,1.505006119771671e-06,0.7071067472368169,1.5151590514564132e-06,1.8731414825676075e-09,-3.783033395667796e-08,2.2373347088447256e-08,-1.2291186715381404e-12,3.0750456219744797e-09
1,203,203.0,0.6789297658862876,299.0,0.7071068285067783,2.03952093153374e-06,2.0413579978820083e-06,0.7071067338604318,1.6270257866874462e-06,1.8716050842242297e-09,-2.2455114356052164e-08,-1.0217586585975081e-08,-7.670108313676696e-11,6.4883494991993145e-09
1,204,204.0,0.6822742474916388,299.0,0.7071068364439647,2.6140997183147254e-06,2.61726017798842e-06,0.7071067259194569,1.5759378536315213e-06,1.7757287302999392e-09,9.986624004606568e-09,-6.004700353427218e-08,-1.4866731303567988e-10,2.3948161816175427e-09
1,205,205.0,0.68561872909699,299.0,0.7071068329108784,3.17065013152975e-06,3.1750661077882542e-06,0.7071067294479824,1.2757028360130634e-06,1.5898945890030016e-09,2.1960696516808973e-08,-1.2944290551361812e-07,-2.3065920784060288e-10,2.0218908197026363e-09
1,206,206.0,0.6889632107023411,299.0,0.7071068251444312,3.621117149777851e-06,3.6266572156597907e-06,0.707106737210095,6.284883085510579e-07,1.3015705792001043e-09,3.207014453891176e-08,-2.190279580552544e-07,-3.1897005343020054e-10,-1.979086427395208e-09
1,207,207.0,0.6923076923076923,299.0,0.7071068138047482,3.842861219433114e-06,3.849321490908002e-06,0.7071067485474314,-4.6665148159760926e-07,9.028580124102274e-10,2.2174709980001683e-08,-3.2669948306936587e-07,-4.0186081342753556e-10,-1.9890137300423626e-09
1,208,208.0,0.6956521739130435,299.0,0.7071068059656801,3.6775558324101986e-06,3.684654450879603e-06,0.707106756388256,-2.1001488968849202e-06,4.0053199562466907e-10,1.2229642664208495e-08,-4.465231340391975e-07,-4.914283833711341e-10,2.829087206514183e-09
1,209,209.0,0.6989966555183946,299.0,0.7071068016453202,2.934899456213622e-06,2.942281300661153e-06,0.7071067607155684,-4.3327645670697304e-06,-2.1375348358874134e-10,2.6375081329230224e-08,-5.676942273446338e-07,-5.646187121964119e-10,-3.3990614027837797e-09
1,210,210.0,0.7023411371237458,299.0,0.7071067923250226,1.4031114206722143e-06,1.4103421297661425e-06,0.707106770045285,-7.171235703812454e-06,-9.195268738353498e-10,9.379771698516614e-09,-6.737848209835676e-07,-6.268868527374114e-10,-1.7386314093006747e-09
1,211,211.0,0.705685618729097,299.0,0.7071067890092645,-1.1319782084844904e-06,-1.1253976364357059e-06,0.7071067733620517,-1.0540159808757553e-05,-1.7031354397555528e-09,6.865950540767209e-10,-7.425489086495645e-07,-5.997008283267864e-10,4.551113247763783e-09
1,212,212.0,0.7090301003344481,299.0,0.7071067887507406,-4.857885338157018e-06,-4.852508981801946e-06,0.7071067735890606,-1.4252904352007526e-05,-2.4527614751605477e-09,2.3442107611918048e-08,-7.465992984114069e-07,-5.171571923098086e-10,-4.923529997299493e-09
1,213,213.0,0.7123745819397993,299.0,0.7071067804101379,-9.896180925398188e-06,-9.892538712175866e-06,0.7071067818245814,-1.7985900844234347e-05,-3.0992079655431016e-09,-1.1756471383084403e-09,-6.552443501403635e-07,-3.7795268805963856e-10,-6.8354141354148075e-09
1,214,214.0,0.7157190635451505,299.0,0.707106780708205,-1.6254061402515837e-05,-1.625261068464685e-05,0.7071067812914039,-2.1262122594925074e-05,-3.5716488256110067e-09,-3.535288501500895e-08,-4.376839661530444e-07,-2.160727785584191e-10,3.174087734394776e-09
1,215,215.0,0.7190635451505016,299.0,0.7071067929945661,-2.377009387513082e-05,-2.3771169274156473e-05,0.707106768579574,-2.345054242531008e-05,-3.841739798804226e-09,-1.9482674203119045e-08,-6.759866330065901e-08,-2.074721268298106e-11,6.442414356653983e-09
1,216,216.0,0.7224080267558528,299.0,0.7071067995553723,-3.205975430536356e-05,-3.20635464011466e-05,0.707106761364128,-2.3788535741587744e-05,-3.867673814655993e-09,1.2729127284428929e-08,4.7109489986611485e-07,1.5136724872603548e-10,1.941938684275898e-09
1,217,217.0,0.725752508361204,299.0,0.7071067946235272,-4.046890476379766e-05,-4.047543085670391e-05,0.707106765433214,-2.1433061242409513e-05,-3.6784647537436325e-09,2.2438544782243113e-08,1.17787694254358e-06,2.378681905869785e-10,-5.436886186303284e-09
1,218,218.0,0.7290969899665551,299.0,0.7071067862159135,-4.80453362976593e-05,-4.805446223818955e-05,0.7071067728921263,-1.5543676529945346e-05,-3.3811295155073888e-09,-4.746122338537313e-09,2.0295409688512878e-06,2.9490487238693333e-10,-3.1809251670375195e-09
1,219,219.0,0.7324414715719063,299.0,0.7071067874990569,-5.353966035040041e-05,-5.35511772352058e-05,0.707106770819346,-5.395971685637057e-06,-3.0124984250278917e-09,-2.0650905266488682e-08,2.9755694019723292e-06,3.451320736412217e-10,5.6734205915664096e-09
1,220,220.0,0.7357859531772575,299.0,0.7071067946531508,-5.544635882019409e-05,-5.5460006923844555e-05,0.7071067633711752,9.481875324422108e-06,-2.5810833329744287e-09,7.716149885839794e-09,3.936280268148539e-06,3.5135299237785264e-10,7.0346529680494946e-09
1,221,221.0,0.7391304347826086,299.0,0.7071067921799951,-5.209309724944346e-05,-5.210857017452252e-05,0.7071067663543692,2.9163276665107204e-05,-2.141892092499527e-09,4.2889489469099685e-08,4.804929670225969e-06,4.4863556659525437e-10,1.5506121056175474e-10
1,222,222.0,0.7424749163879598,299.0,0.7071067777008083,-4.1781565584609256e-05,-4.179855119557083e-05,0.7071067822029686,5.3187925015957024e-05,-1.5810976342694007e-09,4.3664983573202547e-08,5.454520776385491e-06,5.373785572240644e-10,-9.858991826652002e-09
1,223,223.0,0.745819397993311,299.0,0.7071067631242343,-2.2976236349226992e-05,-2.2994338018717255e-05,0.7071067985027184,8.04605288976727e-05,-9.09374437734485e-10,-5.629722362164095e-09,5.7493346888871524e-06,9.273903415199897e-10,-3.4296040212799643e-09
1,224,224.0,0.7491638795986622,299.0,0.7071067654670965,5.471177313092309e-06,5.452433908310093e-06,0.7071067968655151,0.00010920720234212668,2.498634891638325e-10,-2.2777522352945127e-08,5.560205703795034e-06,1.0264212641825243e-09,9.728915078440197e-09
1,225,225.0,0.7525083612040134,299.0,0.7071067721676122,4.408166469128347e-05,4.406309979914033e-05,0.7071067874609154,0.00013700823086108834,1.5328900693843305e-09,2.586697157180606e-08,4.781570669786682e-06,1.3069541029036922e-09,-2.122641297274957e-09
1,226,226.0,0.7558528428093646,299.0,0.7071067583434981,9.25208471004135e-05,9.250336603397004e-05,0.7071067919288524,0.0001609160842101406,3.1665826980020065e-09,1.5253134769504433e-08,3.3475636454654366e-06,1.4038085805783105e-09,-1.2841545086687058e-08
1,227,227.0,0.7591973244147158,299.0,0.7071067432177848,0.00014941215322028832,0.000149396912560051,0.7071067875904331,0.0001776539024376119,4.921343423732238e-09,-4.8956119325660365e-08,1.2442531371831934e-06,1.6410129669892788e-09,1.174262222740253e-10
1,228,228.0,0.7625418060200669,299.0,0.7071067444643466,0.0002122205451185311,0.00021220879562683506,0.7071067542218806,0.00018387516812280388,6.972609632465158e-09,-4.837161097191941e-08,-1.484326893578929e-06,1.0487164018881073e-09,4.328181657323831e-09
1,229,229.0,0.7658862876254181,299.0,0.707106739065692,0.00027722775956622476,0.0002772209516142485,0.7071067146218931,0.0001764535336538964,8.283505134830165e-09,-2.6734548557930616e-08,-4.737531970007153e-06,6.701349747847763e-10,-1.906594346694551e-09
1,230,230.0,0.7692307692307693,299.0,0.7071067213052467,0.0003396105674264735,0.00033960962205334156,0.707106677960166,0.00015276587380320307,9.121173853293684e-09,-3.627190287086101e-08,-8.366271257942282e-06,1.3229685881641623e-10,2.3031898181103078e-09
1,231,231.0,0.7725752508361204,299.0,0.7071067061242519,0.00039361822347712795,0.0003936237367567069,0.7071066371342354,0.00011093451751250028,9.286544926825983e-09,-2.4760133514310588e-08,-1.2185502989952328e-05,-2.7500879166446994e-10,3.79787910804384e-09
1,232,232.0,0.7759197324414716,299.0,0.7071066919557827,0.00043283620532606076,0.0004328482911048402,0.7071066054610599,5.000700256205174e-05,8.942783937253728e-09,-5.773826717508075e-09,-1.5987358666056413e-05,-1.0293837944182477e-09,3.961739480940133e-09
1,233,233.0,0.7792642140468228,299.0,0.7071066829521495,0.00045051318526708215,0.00045053159488688335,0.7071065923782834,-2.9929790768384216e-05,7.656054194225078e-09,1.403353187317421e-08,-1.955110221133359e-05,-1.6611305412345654e-09,8.275425568007102e-09
1,234,234.0,0.782608695652174,299.0,0.7071066846523806,0.00043992870402032757,0.00043995252232348304,0.7071066040054429,-0.0001276853018247304,5.57964101767805e-09,5.541134852529165e-08,-2.2647149980042862e-05,-1.8418274406282735e-09,1.0933145916644106e-09
1,235,235.0,0.7859531772575251,299.0,0.7071066917067971,0.0003947831774192458,0.0003948109218980726,0.7071066502455667,-0.00024092105172401825,3.2773567168692043e-09,6.088006278773475e-08,-2.5034561595386295e-05,-1.9807892219974836e-09,-2.7707022119605116e-09
1,236,236.0,0.7892976588628763,299.0,0.7071067126091187,0.0003096035841363144,0.00030963362702212543,0.7071067142012217,-0.000366093859700359,8.013701893777563e-10,4.7028926041524076e-08,-2.645462507903091e-05,-1.598146541047418e-09,2.6460456092261414e-10
1,237,237.0,0.7926421404682275,299.0,0.7071067408098846,0.00018016959080580832,0.00018020018550533913,0.7071067756622038,-0.0004983669850954092,-1.196312986906584e-09,4.83528323475321e-08,-2.6626262920793876e-05,-1.4802801389595443e-09,-9.141356286980136e-09
1,238,238.0,0.7959866220735786,299.0,0.7071067466597672,3.9706870736535655e-06,4.000418466285555e-06,0.7071068157101102,-0.000631498299699548,-3.046663160599011e-09,2.644260870523763e-09,-2.5250787621321333e-05,-1.1038249654378421e-09,-1.1151491116666565e-08
1,239,239.0,0.7993311036789298,299.0,0.7071067117331125,-0.00021929658636221866,-0.00021926903108718276,0.7071067826626022,-0.0007577522378061839,-4.426444367421246e-09,-5.311896474923389e-08,-2.2033438474639258e-05,-8.884041546686221e-10,2.795020916798202e-09
1,240,240.0,0.802675585284281,299.0,0.7071065966775696,-0.00048720083999073113,-0.00048717645320661354,0.7071066300576873,-0.000867919430178675,-5.536949560736005e-09,-3.915392149088789e-08,-1.6726155127622176e-05,1.1061864286901404e-10,1.3534420995838894e-09
1,241,241.0,0.8060200668896321,299.0,0.7071063325130889,-0.0007940545945468592,-0.0007940341565739835,0.7071063382204894,-0.0009515502058161388,-5.3986762571241065e-09,-3.240112813776389e-08,-9.1897478679591e-06,7.102317170460861e-11,-1.0931872130558775e-08
1,242,242.0,0.8093645484949833,299.0,0.7071058861427366,-0.0011304761584836113,-0.0011304595664405961,0.7071058689531105,-0.000997498945155446,-5.3098972924628945e-09,-8.707589787397536e-08,5.352709258322806e-07,-5.244220050652762e-10,-2.1079228243711065e-09
1,243,243.0,0.8127090301003345,299.0,0.7071052651508334,-0.0014831427644578518,-0.0014831300169534985,0.7071051864036116,-0.0009948225905248988,-5.965424798821846e-09,-9.763139906236187e-08,1.2168894822874287e-05,-1.1719002168998034e-09,1.4978480657711592e-08
1,244,244.0,0.8160535117056856,299.0,0.7071044744518071,-0.0018348625307918064,-0.001834854107098719,0.7071043266841148,-0.0009339781164087722,-7.43030006998447e-09,-2.2756793507041072e-08,2.5167262215036178e-05,-4.609781159928595e-10,1.0636195853637861e-08
1,245,245.0,0.8193979933110368,299.0,0.7071035485234544,-0.002165069723397401,-0.0021650665264590398,0.7071033846819168,-0.0008081418053330828,-8.006522714975816e-09,3.040337097192102e-08,3.875491356834689e-05,-5.618040508923475e-10,-1.3309644622838326e-09
1,246,246.0,0.822742474916388,299.0,0.7071026051975446,-0.0024507867101891847,-0.0024507890426725674,0.7071024628729763,-0.0006143672374920897,-8.708777778505711e-09,2.372916110918006e-08,5.2022552566828466e-05,-6.248754253840209e-10,3.021341446215844e-09
1,247,247.0,0.8260869565217391,299.0,0.7071018105978305,-0.0026679938783235584,-0.0026680022669433347,0.7071016850728471,-0.0003542544746585665,-9.489872060280357e-09,3.881982495118416e-08,6.407955301471347e-05,-1.0075429740777603e-09,6.069182276334955e-09
1,248,248.0,0.8294314381270903,299.0,0.7071013132003366,-0.002793237522698127,-0.002793252495835214,0.7071012151487545,-3.3856709586096115e-05,-1.0749300777932505e-08,6.915566213494973e-08,7.422649269407756e-05,6.590678779127067e-10,-3.6314259677583254e-09
1,249,249.0,0.8327759197324415,299.0,0.7071012413551028,-0.0028052038803938,-0.00280522625956091,0.7071011922333521,0.00033727575388205547,-9.925465930545696e-09,5.099743810431797e-08,8.209366289427872e-05,1.7479089286600445e-09,-7.015517231925807e-09
1,250,250.0,0.8361204013377926,299.0,0.7071016863223133,-0.0026859563513337483,-0.0026859856140528256,0.7071016732925327,0.0007477440683519249,-7.740579769677936e-09,1.5929894150957554e-08,8.76922262350451e-05,2.4425844865915556e-09,-8.464563621460919e-10
1,251,251.0,0.8394648829431438,299.0,0.7071026354622746,-0.0024215879086364176,-0.0024216226068319332,0.7071026337282817,0.0011862051995267765,-4.687349161433774e-09,1.1714976919584277e-08,9.134844038866094e-05,2.371846786861486e-09,3.541259336123433e-09
1,252,252.0,0.842809364548495,299.0,0.7071039431915697,-0.0020022014528748794,-0.002002239438154293,0.7071039497731947,0.0016429474014699127,-1.722540677887406e-09,2.9437951249581536e-08,9.353349643092627e-05,3.368836320137201e-09,-2.148835481621541e-09
1,253,253.0,0.8461538461538461,299.0,0.7071053389506551,-0.0014213329701004078,-0.001421372109003665,0.7071053663826165,0.0021106148836243827,2.4885047222556324e-09,1.8702261537963262e-08,9.464711524537699e-05,3.4227075382132025e-09,-7.975851123038924e-09
1,254,254.0,0.8494983277591973,299.0,0.7071064385399619,-0.0006751196839369015,-0.0006751570076293401,0.7071064792341394,0.002583850459851403,6.766889145079145e-09,-2.119275152244577e-08,9.482969737700794e-05,2.8063517409227723e-09,-1.511318215870453e-09
1,255,255.0,0.8528428093645485,299.0,0.7071067281362997,0.00023840688824731433,0.00023837438774948342,0.7071067538885736,0.003057998946736005,1.0274828821226789e-08,-2.880180338381433e-08,9.386058603853961e-05,1.7412410844435739e-09,6.055590242892758e-09
1,256,256.0,0.8561872909698997,299.0,0.7071055472511777,0.0013195683671317776,0.0013195431782793729,0.707105552689623,0.003527301876927824,1.2451380176796646e-08,1.381890450078577e-09,9.117089675811438e-05,5.991962133743477e-10,6.729225559153361e-09
1,257,257.0,0.8595317725752508,299.0,0.7071021197986836,0.002566648629134532,0.002566632252515254,0.7071021262751119,0.0039831563607184576,1.3200375443522614e-08,3.4896281501626236e-08,8.597147491941114e-05,-7.107682334984318e-11,-2.658634530520715e-09
1,258,258.0,0.862876254180602,299.0,0.7070955934660155,0.003974887138966004,0.003974880019746145,0.7070956246841594,0.004413013735316906,1.311152941423886e-08,2.1445353440405875e-08,7.74669136996277e-05,-1.5784387584124053e-09,-1.1432021083028263e-08
1,259,259.0,0.8662207357859532,299.0,0.7070850939587416,0.005535082886983947,0.0055350850225319385,0.7070851404085414,0.004800348303815885,1.113848096628629e-08,-3.5888337153434045e-08,6.508370475042674e-05,-1.6940457383216e-09,3.174406223129484e-10
1,260,260.0,0.8695652173913043,299.0,0.7070697847756839,0.007232188642730524,0.007232198964207031,0.7070698059057997,0.005125766827566807,9.02092379337063e-09,-3.446154368774911e-08,4.860025966221278e-05,-2.560287860317322e-09,8.214184449625299e-09
1,261,261.0,0.8729096989966555,299.0,0.7070489395432619,0.009044297017057345,0.009044314020268233,0.7070489363454198,0.005368768125876925,5.820563967909698e-09,6.470661039166014e-09,2.8088294354336027e-05,-2.283974580161643e-09,-2.7062416702990462e-09
1,262,262.0,0.8762541806020067,299.0,0.7070221114196777,0.010942251027850836,0.010942272079343653,0.7070221128039316,0.005509209597648732,2.9655957427599984e-09,-7.154290410249742e-09,3.6967977080211636e-06,-2.8054243239826842e-09,4.5506954790038686e-10
1,263,263.0,0.8795986622073578,299.0,0.7069892900027154,0.01288977246419829,0.012889795694500595,0.7069892863031911,0.005527693586188775,-5.411846621879668e-10,-4.927957123654963e-09,-2.4556701079603066e-05,-8.870956958846836e-10,8.582841953652616e-09
1,264,264.0,0.882943143812709,299.0,0.7069509661479652,0.014843730986452103,0.01484375388739002,0.7069509588933046,0.005404910080790818,-1.6500542822013678e-09,3.799522424017316e-08,-5.6849253263602274e-05,-1.1556686896180528e-09,-3.417662362904196e-09
1,265,265.0,0.8862876254180602,299.0,0.7069082567483334,0.0167541785243644,0.01675419967513141,0.7069082762680383,0.005120663814472618,-3.0946401440035386e-09,2.093366956150947e-08,-9.349770555987313e-05,1.5253521713424805e-09,-7.457018741166397e-10
1,266,266.0,0.8896321070234113,299.0,0.706863036179588,0.01856404266737084,0.018564061329644665,0.706863070391387,0.004653175286673061,-1.18794992982311e-09,1.7252702424138123e-08,-0.0001348955286729666,1.1743582962986624e-11,1.091742256035062e-08
1,267,267.0,0.8929765886287625,299.0,0.7068179261391326,0.020208570325747816,0.020208587907499947,0.70681797248063,0.003978697643308195,-1.1732704512125696e-09,7.185640484890272e-08,-0.00018143464394341255,-4.125200037036269e-10,-3.28963521072097e-09
1,268,268.0,0.8963210702341137,299.0,0.7067763002609442,0.021614637959453963,0.021614653351943396,0.7067763973330509,0.0030715244235908668,-1.6889204558332249e-09,5.542224111430199e-08,-0.0002332573433832737,-9.30186474495122e-10,-1.1304864755820787e-08
1,269,269.0,0.8996655518394648,299.0,0.7067422522477114,0.022700053572102925,0.02270006672202748,0.706742388430677,0.0019052377066742113,-2.851653548917568e-09,-1.0865250688256857e-09,-0.0002898228499158788,-1.1970360287090924e-09,-6.380107602865912e-09
1,270,270.0,0.903010033444816,299.0,0.7067203074551015,0.02337330015846855,0.023373311447358085,0.7067204427928481,0.0004561234570948394,-4.347948584802711e-09,-3.2970812704932884e-08,-0.000349619445046332,-3.270782365389772e-09,-4.289788118607843e-09
1,271,271.0,0.9063545150501672,299.0,0.7067149701971265,0.023534476554394237,0.023534485571955387,0.7067150821295363,-0.0012919737681363977,-8.436426541514655e-09,-5.44137864944197e-08,-0.0004104031262407867,-3.9834955444057585e-09,3.32154572438102e-09
1,272,272.0,0.9096989966555183,299.0,0.7067300450335092,0.023077945415073856,0.02307794967873495,0.7067301183181451,-0.003343989399338964,-1.3415795972012983e-08,-3.7838849714540206e-08,-0.0004699275587612254,-1.6948017605717447e-09,-1.0470778854857604e-09
1,273,273.0,0.9130434782608695,299.0,0.7067676569241838,0.021896269123492726,0.02189626465645679,0.7067677031644095,-0.005693627193143659,-1.5534298172775942e-08,-4.320898771341847e-08,-0.0005265957009935365,-1.705089167624595e-09,-7.2693973892541725e-09
1,274,274.0,0.9163879598662207,299.0,0.706827142986426,0.019884152356496113,0.01988413772477914,0.7068271583349055,-0.008326605698109295,-1.7665659632304773e-08,-7.982126979032694e-08,-0.0005793730391466514,-9.819303150982579e-10,6.125635780226945e-09
1,275,275.0,0.919732441471572,299.0,0.7069038291939127,0.016941258523746356,0.01694123292892101,0.7069037877103604,-0.01122347089383832,-1.889307252616436e-08,-4.9634302770524216e-08,-0.0006270139182723922,1.7872825606284024e-09,9.634200175456009e-09
1,276,276.0,0.9230769230769231,299.0,0.706987785580605,0.012974061574299188,0.012974023698073623,0.7069877085475302,-0.01435854048519746,-1.6658969325453316e-08,-2.099458885898907e-09,-0.0006675936619828757,4.029403392587308e-09,1.5051084706931534e-09
1,277,277.0,0.9264214046822743,299.0,0.707062710307196,0.007898120328038404,0.007898071255517761,0.7070626313038326,-0.017696508795111716,-1.1622215084647406e-08,4.70842073624703e-09,-0.0006992299708140902,4.263300006680753e-09,4.5777589168992674e-09
1,278,278.0,0.9297658862876255,299.0,0.7071049140784181,0.0016416261787901565,0.001641569552546624,0.7071048378812332,-0.021192658649182336,-6.293090076308033e-09,2.6980219810961402e-08,-0.0007212553936908317,4.131178523405337e-09,7.640837259081115e-09
1,279,279.0,0.9331103678929766,299.0,0.7070826022539165,-0.005851040057714219,-0.005851100367467975,0.7070825445281184,-0.024798935617636998,-1.1291169221640694e-09,6.478433021756203e-08,-0.0007339168433025206,7.662719980428783e-09,6.593188895028929e-10
1,280,280.0,0.9364548494983278,299.0,0.7069556763602258,-0.014617813371506767,-0.014617873380245543,0.7069556637044497,-0.028468519834149837,8.449283053535588e-09,6.79968645103693e-08,-0.0007365928843561324,4.692793205749277e-09,-7.864921959345143e-09
1,281,281.0,0.939799331103679,299.0,0.7066759672946517,-0.024678987026615647,-0.024679039882127655,0.7066760017317374,-0.032151484255928765,1.4315274560932797e-08,2.939383962113454e-08,-0.0007274779788148803,2.1250968085116912e-09,-6.960332785182301e-09
1,282,282.0,0.9431438127090301,299.0,0.7061879301413289,-0.03603565494300164,-0.03603569750389067,0.7061879841419167,-0.035788874150001995,1.6971645571196063e-08,-4.027067897292135e-09,-0.0007060296561901845,-2.9121733837989184e-09,1.3938170072576764e-09
1,283,283.0,0.9464882943143813,299.0,0.7054300669528564,-0.048666052589504155,-0.048666084270192554,0.7054301167280187,-0.03931902243095307,1.3331428841501484e-08,4.764231935237088e-09,-0.000674530316796236,2.640412427825071e-09,-1.5914316828276605e-09
1,284,284.0,0.9498327759197325,299.0,0.7043370576439485,-0.06252417005818675,-0.0625241930755731,0.7043371094985507,-0.04269167401493406,1.6631944376279996e-08,-1.6204143194275464e-09,-0.0006356416270216736,-1.5834184103135123e-09,-7.117461256820059e-09
1,285,285.0,0.9531772575250836,299.0,0.7028420716136804,-0.07754345430395351,-0.07754346681068368,0.7028421207842989,-0.04586988215004261,1.46526713636469e-08,-3.5077455694290354e-08,-0.0005893490999206114,-3.539479072068194e-09,-5.698142107837522e-09
1,286,286.0,0.9565217391304348,299.0,0.7008789424077635,-0.09364129295414145,-0.0936412990075081,0.7008789654906722,-0.04881662764964712,1.0228322523235359e-08,-6.15518887095752e-08,-0.0005341861396858123,-7.04416832514242e-09,-6.211169081240312e-11
1,287,287.0,0.959866220735786,299.0,0.6983847958523058,-0.1107189754778497,-0.11071898068794231,0.698384774686713,-0.05148755834807807,1.423112116628499e-09,-6.03645095070884e-08,-0.0004704864055621942,1.4532564681054497e-09,4.903625321330959e-09
1,288,288.0,0.9632107023411371,299.0,0.6953033952701377,-0.1286593637139515,-0.1286593740664879,0.6953033316667965,-0.0538399903758893,3.2396827018976034e-09,-3.562651430354943e-08,-0.00039950696106887226,1.0129066713178797e-09,5.793399423454389e-10
1,289,289.0,0.9665551839464883,299.0,0.6915883936044581,-0.1473280499526658,-0.14732806092027767,0.6915883045604964,-0.055837525181234006,4.505816041455438e-09,-3.220654111112111e-08,-0.0003197172366343211,8.972949847848947e-10,-3.995683659226051e-11
1,290,290.0,0.9698996655518395,299.0,0.6872062082389153,-0.16657641884242153,-0.16657642894860775,0.6872060959888624,-0.057436111364406066,5.627434772172512e-09,-3.165154808029007e-08,-0.0002280346455890369,-3.3031362208173934e-09,4.566333298696406e-09
1,291,291.0,0.9732441471571907,299.0,0.6821397669772584,-0.18624024640090875,-0.18624025468471037,0.6821396317979295,-0.05857628459235175,1.498514496000517e-09,-7.850159640744768e-09,-0.00012559159307455158,4.669081214087303e-09,1.8532146693381535e-09
1,292,292.0,0.9765886287625418,299.0,0.6763933714023632,-0.2061361242755651,-0.20613612903701664,0.6763932304051133,-0.059204242557724523,7.3348660134974314e-09,1.679000536732757e-09,-1.824349988318868e-05,4.14031121732001e-09,-1.8603015209314137e-09
1,293,293.0,0.979933110367893,299.0,0.6699958608356049,-0.22606557090374663,-0.22606556618334114,0.6699957193829092,-0.05929546005714044,1.2510255035760003e-08,-6.3195342389066975e-09,8.959902155304114e-05,2.6491557065539756e-09,9.914417202480924e-10
1,294,294.0,0.9832775919732442,299.0,0.6630000776039711,-0.24582717371326177,-0.2458271578496442,0.6629999292921415,-0.058847464949375476,1.582169966892041e-08,8.63043097787547e-10,0.00019726405778367176,-6.698750838140985e-09,4.3586030056537095e-09
1,295,295.0,0.9866220735785953,299.0,0.6554809925413874,-0.2652258957775629,-0.2652258648571765,0.6554808414436486,-0.05786114466045713,7.448261120964926e-09,2.5449820173927818e-08,0.00030268715247967716,-6.08196076849029e-09,2.2626917756031974e-09
1,296,296.0,0.9899665551839465,299.0,0.6475346262068321,-0.2840757103056102,-0.2840756633968851,0.6475344907710985,-0.05634770889805818,-1.541898398978378e-10,3.805612131287211e-08,0.00040009960940000643,-6.545238180332842e-09,-4.150767042364581e-09
1,297,297.0,0.9933110367892977,299.0,0.6392751864842271,-0.30220411120615526,-0.30220404979123267,0.6392750771068821,-0.05434721085105817,-8.335737565071328e-09,1.7276178936839674e-08,0.00048594439866148515,-5.7110087137415215e-09,-2.036834432763427e-09
1,298,298.0,0.9966555183946488,299.0,0.6308282076161422,-0.3194618174384969,-0.31946175318239695,0.6308281135095157,-0.05191748885775118,-1.547449845700432e-08,5.732937697528246e-09,0.0005630211806314828,-1.2126873845405515e-08,4.856423086054978e-09
1,299,299.0,1.0,299.0,0.6223237751075408,-0.3357278529764129,-0.3357277942288899,0.6223236912594174,-0.049102382954593946,-3.0633090763842774e-08,2.760485130980204e-08,0.0005630211806314828,-1.2126873845405515e-08,4.856423086054978e-09
2,0,299.0,0.0,299.0,0.6223237751075257,-0.33572785297644087,-0.33572779422891785,0.6223236912594023,-0.04910238295459394,-3.0633090764332835e-08,2.7604851309810596e-08,0.0006311079043039533,-1.642858662708873e-08,8.729659016770256e-10
2,1,300.0,0.0033444816053511705,299.0,0.6138945237670629,-0.3509039266344774,-0.3509038756412701,0.613894468847179,-0.0459468434330767,-5.1168824049027256e-08,2.7457206126595696e-08,0.000685597949987159,-3.2239522965074674e-09,-8.925305947330054e-09
2,2,301.0,0.006688963210702341,299.0,0.605671758724008,-0.3649133374126984,-0.364913306946725,0.605671739798271,-0.04251885368314506,-5.519876441935888e-08,-2.4222699546216586e-08,0.0007300648645638858,5.8895785206772205e-09,-5.698934672946833e-09
2,3,302.0,0.010033444816053512,299.0,0.5977776265879102,-0.37770612031790624,-0.3777061317249439,0.5977776137853262,-0.038868529360321584,-4.783679126743955e-08,-5.975811602177453e-08,0.0007647605862643993,3.2006069128571177e-09,1.0776086203256965e-08
2,4,303.0,0.013377926421404682,299.0,0.5903247730188476,-0.38925140642131983,-0.3892514687409427,0.590324742344438,-0.03504472642899106,-4.3836032626984005e-08,-1.1455943120131204e-08,0.000786754681505022,-4.963396990984391e-09,6.1042800538676835e-09
2,5,304.0,0.016722408026755852,299.0,0.5834138902030597,-0.39953499212474275,-0.399535084232377,0.5834138687412939,-0.031110953021464455,-5.004027886621035e-08,1.4456785455950015e-08,0.0007912356905160076,9.011525121792636e-09,2.736553215643617e-09
2,6,305.0,0.020066889632107024,299.0,0.5771285857563774,-0.40856155819057544,-0.4085616733701231,0.577128591290354,-0.027154774568886524,-3.8775872463975884e-08,2.3469121700255106e-08,0.0007769974174639969,1.762475903993389e-08,1.0716982565688059e-08
2,7,306.0,0.023411371237458192,299.0,0.5715283481772385,-0.4163595516298669,-0.4163596796634223,0.5715283815328317,-0.02326978748156933,-1.6744923663515326e-08,7.38951357925384e-08,0.0007473653476327999,1.5147681889176458e-08,4.218314174054629e-11
2,8,307.0,0.026755852842809364,299.0,0.5666454498121232,-0.42298090248556836,-0.4229810097021471,0.5666455308797319,-0.019532960743409055,2.1896786985274616e-09,7.293704958626692e-08,0.0007061075873578613,1.8147168007666996e-10,1.0664677303877396e-09
2,9,308.0,0.030100334448160536,299.0,0.562487436065922,-0.4284947893474473,-0.4284948652596376,0.5624875564850661,-0.016002422806619038,2.4165182981950015e-09,7.83970316784086e-08,0.0006556209951587038,8.824850523718342e-09,6.028481989154791e-09
2,10,309.0,0.033444816053511704,299.0,0.5590409685955248,-0.4329816236433534,-0.4329816655652433,0.5590411314648478,-0.012724317830824722,1.344758145193767e-08,1.0865498639697069e-07,0.0005991028674948361,8.612309550511922e-09,4.76352941891292e-10
2,11,310.0,0.03678929765886288,299.0,0.5562749476154478,-0.43652957147013993,-0.4365295598645776,0.5562751651343512,-0.009728803493345985,2.4212968391142288e-08,1.1154953799966399e-07,0.0005410994315822946,7.448133273332762e-09,-5.345629284334999e-09
2,12,311.0,0.04013377926421405,299.0,0.5541448936292911,-0.43923037203111154,-0.43923029932029756,0.5541451626844422,-0.007023306335426316,3.352313498281814e-08,8.552846391457467e-08,0.00048443169838753006,-6.973450537006784e-09,-1.425532037184294e-08
2,13,312.0,0.043478260869565216,299.0,0.5525990389604744,-0.44117365254411417,-0.4411735246353366,0.5525993409399979,-0.004601147843480185,2.480632181107259e-08,1.495808510032989e-08,0.00042848491529849365,-7.435534099219692e-09,-1.2865817149867786e-08
2,14,313.0,0.046822742474916385,299.0,0.5515826262421052,-0.4424437890287276,-0.4424436415079708,0.5515829258370218,-0.002458723266986587,1.551190418674465e-08,-4.902856909918971e-08,0.00037158835961360957,-6.002391251035274e-10,5.0674902529770966e-09
2,15,314.0,0.05016722408026756,299.0,0.5510383031028597,-0.44312154247007196,-0.4431214084540074,0.5510385689724744,-0.0006007814689208572,1.4761605280350991e-08,-2.357671594077446e-08,0.00031368898816643573,1.7904217747145861e-10,9.71152743290585e-09
2,16,315.0,0.05351170568561873,299.0,0.5509051784028232,-0.4432870481179627,-0.4432869164949035,0.5509054247798135,0.0009676634719103072,1.4985408002712463e-08,2.5007540785046176e-08,0.00025581890759524174,-1.495401846972376e-09,-4.685015239973332e-09
2,17,316.0,0.056856187290969896,299.0,0.5511195866860423,-0.44302046050333144,-0.44302030942002824,0.5511198401332392,0.0022467580098879366,1.3116155693857504e-08,1.53915005070453e-09,0.00019844696944237245,-4.551280636720608e-09,-9.979867035910754e-09
2,18,317.0,0.06020066889632107,299.0,0.5516169212075656,-0.4424010688838537,-0.44240090960547845,0.5516171695223588,0.003238992857099938,7.4270548975485926e-09,-4.8448398888862656e-08,0.0001419163896682803,3.6213427614316843e-09,-7.964435097339329e-10
2,19,318.0,0.06354515050167224,299.0,0.55233267950358,-0.44150713884195264,-0.44150699649831854,0.5523328975493033,0.003948574805440043,1.1953733349295971e-08,-5.25024342728685e-08,8.784621860558005e-05,7.352550444219377e-09,5.405507070547864e-09
2,20,319.0,0.06688963210702341,299.0,0.5532032816597331,-0.440415807391077,-0.4404156811949056,0.5532034651474336,0.004387805898465794,2.114442140493813e-08,-2.5616261494991638e-08,3.8843024519323076e-05,9.667436544975205e-09,-1.4749419031599967e-09
2,21,320.0,0.07023411371237458,299.0,0.5541681908607662,-0.43920107438404327,-0.4392009473702248,0.5541683505878047,0.004582021021060742,3.32287170862927e-08,-3.3269240563894796e-08,-3.1475604243254247e-06,2.376815866505665e-09,-1.1007945765321767e-08
2,22,321.0,0.07357859531772576,299.0,0.5551729664532388,-0.4379303196373006,-0.43793018845542736,0.5551730928581623,0.004566283218935771,3.619973691942475e-08,-8.876578685162767e-08,-3.7682883801207216e-05,2.3096419351765778e-09,-7.95826619996355e-09
2,23,322.0,0.07692307692307693,299.0,0.5561714081031196,-0.4366616314443682,-0.4366615187503907,0.5561714690749225,0.004377868799920122,3.9086789338047706e-08,-1.2905301066843133e-07,-6.521289799678995e-05,-1.214348579950829e-09,3.0562370525888926e-09
2,24,323.0,0.0802675585284281,299.0,0.557125942990408,-0.43544314625840236,-0.43544306804477667,0.5571259148721784,0.004051804309921041,3.756885361348947e-08,-1.142851762037811e-07,-8.61911064603639e-05,-2.750197114229174e-09,6.187309245557083e-09
2,25,324.0,0.08361204013377926,299.0,0.5580070042992437,-0.4343135563661546,-0.4343135070438602,0.5580068959923344,0.003620848777606411,3.4131107220911395e-08,-8.380531806678017e-08,-0.00010083484796758033,-1.1132566652067716e-08,1.5096096770392143e-09
2,26,325.0,0.08695652173913043,299.0,0.5587924120362585,-0.4333026069834325,-0.43330257520968046,0.5587922420528784,0.0031166745377597485,2.021539890585922e-08,-7.66279731578528e-08,-0.00010933914606385259,-1.4992567697530777e-08,3.690937230398174e-09
2,27,326.0,0.0903010033444816,299.0,0.5594669906540358,-0.43243128321468505,-0.4324312736126958,0.5594667690429747,0.0025699788074357924,1.4746892835987118e-09,-5.836225873938965e-08,-0.00011205454617837104,-1.4677798076899396e-08,1.0182605934807946e-08
2,28,327.0,0.09364548494983277,299.0,0.5600222148547754,-0.4317120050270935,-0.43171202012242355,0.5600219599421462,0.0020097060765437358,-1.687255831273273e-08,-7.460563490623715e-09,-0.0001094994295474027,-1.1196482322623032e-08,4.4444902747009936e-09
2,29,328.0,0.09698996655518395,299.0,0.5604557375939923,-0.43114904079183164,-0.4311490688130641,0.5604554858026496,0.0014622089288071217,-3.086816121578694e-08,1.4863628980722126e-08,-0.0001023325283932868,-1.0184557306872332e-08,-4.23360244693319e-10
2,30,329.0,0.10033444816053512,299.0,0.5607707919241407,-0.43073916844373783,-0.4307392075408212,0.5607705617924731,0.0009505462868392571,-4.3598857849334385e-08,1.2882166754920823e-08,-9.136532392035963e-05,-1.0098410172602609e-08,4.06659704897443e-09
2,31,330.0,0.10367892976588629,299.0,0.5609754343132846,-0.43047259103872265,-0.4304726491452532,0.5609752302038734,0.0004937196672357652,-5.6221870565190215e-08,3.333945911824069e-08,-7.758487263953293e-05,-4.544585784406898e-09,1.2438544129912849e-09
2,32,331.0,0.10702341137123746,299.0,0.5610816621408454,-0.4303340870135005,-0.43033416235776417,0.5610815009503679,0.00010579530403247691,-6.190260279584116e-08,3.964199908684977e-08,-6.212393085843058e-05,3.150189666025858e-09,-3.1017833641476983e-09
2,33,332.0,0.11036789297658862,299.0,0.5611044005691361,-0.4303043976655599,-0.43030449069145915,0.5611042882638418,-0.00020482435026702853,-5.796486571328337e-08,2.4152706948909372e-08,-4.61209898961368e-05,9.395657892455298e-09,3.8225255136159676e-10
2,34,333.0,0.11371237458193979,299.0,0.5610603099685237,-0.4303618482642323,-0.4303619634099537,0.5610602361484304,-0.000435429299751905,-4.622029334748196e-08,2.602833131579009e-08,-3.0543965046350654e-05,8.81698783542136e-09,2.199463541920079e-09
2,35,334.0,0.11705685618729098,299.0,0.5609665833476954,-0.43048398174889635,-0.4304841116093138,0.56096654399745,-0.0005881491249872675,-3.519905855318723e-08,3.696526711211902e-08,-1.6098373806985156e-05,8.934012418894405e-09,3.841872127181569e-09
2,36,335.0,0.12040133779264214,299.0,0.5608399467633278,-0.43064892722104525,-0.4306490609024237,0.5608399432638076,-0.0006686409940260956,-2.4031543029786482e-08,5.6112513635996615e-08,-3.267106619062645e-06,8.379207629891435e-09,-1.5096335904353364e-09
2,37,336.0,0.12374581939799331,299.0,0.5606959197537468,-0.43083640878650836,-0.4308365317797672,0.5606959580288314,-0.0006849765271254539,-1.3557533492296386e-08,4.851614509240268e-08,7.561858518413893e-06,8.211083733594046e-09,-8.112055099237844e-09
2,38,337.0,0.12709030100334448,299.0,0.5605483139409061,-0.431028421940083,-0.43102853164559135,0.5605483852177536,-0.0006471672345353408,-3.2936788251070316e-09,7.928021248261955e-09,1.603894812120773e-05,3.797661972262002e-09,1.716891730788002e-09
2,39,338.0,0.13043478260869565,299.0,0.5604088079338174,-0.43120978441138896,-0.43120989256905917,0.5604088850388679,-0.0005669724939292757,1.4533986402388754e-09,1.650612428129941e-08,2.1863354175828338e-05,-1.880214688092672e-09,7.999363756001966e-10
2,40,339.0,0.13377926421404682,299.0,0.5602865390659296,-0.43136863924124236,-0.4313687394886821,0.5602866247637667,-0.00045765572305004216,-8.968697200767905e-10,2.0508296342655842e-08,2.4835489035199267e-05,-3.070618622436973e-09,-1.0626205944556332e-08
2,41,340.0,0.13712374581939799,299.0,0.5601878092970254,-0.4314968412899251,-0.43149693321282995,0.560187906849307,-0.0003334782778741186,-4.735142998246307e-09,-3.262396255921667e-08,2.4940991082676588e-05,-1.3901869054767843e-09,-2.5144319231438594e-09
2,42,341.0,0.14046822742474915,299.0,0.5601158622109595,-0.4315902321565843,-0.43159034082545317,0.560115943515554,-0.00020877332246027288,-6.472876630035998e-09,-4.520085772991378e-08,2.243078408272247e-05,-1.281100456271607e-09,3.4542208646549827e-09
2,43,342.0,0.14381270903010032,299.0,0.5600708181506978,-0.4316486868572365,-0.43164881866840116,0.5600708769198435,-9.661940204578316e-05,-8.074252200237764e-09,-2.7933804577126025e-08,1.790620525198223e-05,-8.058032924182503e-10,5.124670549608051e-10
2,44,343.0,0.14715719063545152,299.0,0.5600499707505796,-0.43167573491173244,-0.4316758833054755,0.5600500173536682,-7.088375785184058e-06,-9.081506315910741e-09,-2.5373792576187574e-08,1.2254589067297023e-05,1.1928023309556588e-10,1.4046049915429652e-09
2,45,344.0,0.1505016722408027,299.0,0.5600484459484765,-0.43167771180870307,-0.4316778762419641,0.560048482260688,5.4184569551983546e-05,-8.932406024666331e-09,-1.8350989494138097e-08,6.453226593438109e-06,6.008453802074544e-09,1.1267703327314342e-09
2,46,345.0,0.15384615384615385,299.0,0.5600601440896171,-0.4316625321964534,-0.43166270955302727,0.5600601739847435,8.645070251965005e-05,-1.421838772117669e-09,-1.2715618461380733e-08,1.3831446290776305e-06,4.892908133647323e-09,5.586306316120356e-09
2,47,346.0,0.15719063545150502,299.0,0.5600788055872097,-0.4316383198559534,-0.4316385034964075,0.5600788289822305,9.336642566504899e-05,4.694296395168565e-09,1.52163298927811e-08,-2.3346921384584404e-06,5.525702028617937e-09,7.426513076555825e-09
2,48,347.0,0.1605351170568562,299.0,0.5600989519938528,-0.43161217770719895,-0.43161235214943966,0.5600989818935374,8.169296497295316e-05,1.1601423930867204e-08,5.234760906342022e-08,-4.440288840695828e-06,6.858861889655786e-10,-2.962430149169769e-09
2,49,348.0,0.16387959866220736,299.0,0.5601165692090598,-0.43158931382060034,-0.43158945916980684,0.5601166234283986,5.949152077129318e-05,1.2458781667105294e-08,3.753261640875866e-08,-5.052463078651708e-06,-2.420816349245688e-10,-5.295384636150515e-09
2,50,349.0,0.16722408026755853,299.0,0.5601293990891363,-0.43157266412365036,-0.4315727862942006,0.5601294689583546,3.422920537943563e-05,1.2156179623393969e-08,1.1053456720218501e-08,-4.55547976101774e-06,-4.151940098478397e-09,1.6158024029682982e-09
2,51,350.0,0.1705685618729097,299.0,0.5601367847277816,-0.4315630834568996,-0.431563194046853,0.5601368555441675,1.1451806574709892e-05,6.966254500299141e-09,1.9131194431430524e-08,-3.4454273523831983e-06,-6.989388262025601e-09,-1.1849251477733564e-09
2,52,351.0,0.17391304347826086,299.0,0.5601392519515493,-0.4315598822394315,-0.43155998067060924,0.5601393304782645,-5.775330186827476e-06,-1.7704808271234757e-09,1.320631069128751e-08,-2.1964438362319172e-06,-7.626382969328037e-09,-4.586355414985053e-09
2,53,352.0,0.17725752508361203,299.0,0.5601380016679784,-0.43156150208591315,-0.43156159580972225,0.5601380883558439,-1.675754936805734e-05,-1.1303459538806506e-08,-9.7255055416742e-09,-1.124300588464073e-06,-8.297389300557457e-09,-2.5004845286623143e-09
2,54,353.0,0.1806020066889632,299.0,0.5601343859765202,-0.4315661900765835,-0.4315662943297724,0.5601344720941098,-2.237905231004836e-05,-2.1675196164516907e-08,-2.222849675511929e-08,-3.674602292836952e-07,-4.1350772313616555e-09,-1.99597899917385e-09
2,55,354.0,0.18394648829431437,299.0,0.5601295584686182,-0.4315724468208851,-0.4315725728091298,0.5601296414883776,-2.421635345501892e-05,-2.6844042703725877e-08,-3.220984702584074e-08,8.568849767095351e-08,4.620797618310709e-11,2.8875217814630376e-10
2,56,355.0,0.18729096989966554,299.0,0.5601243361003384,-0.4315792144683944,-0.4315793693946703,0.5601244126620357,-2.3787910964068e-05,-2.6786282733527885e-08,-3.07680358820458e-08,3.508388921288596e-07,6.999391072811605e-09,1.2453483878456326e-09
2,57,356.0,0.19063545150501673,299.0,0.5601192057134957,-0.4315858623905201,-0.4315860456002021,0.5601192765998299,-2.2033716500955386e-05,-1.8037043892429898e-08,-2.454320662800404e-08,5.373086950792433e-07,1.19286238112975e-08,5.074287719699059e-10
2,58,357.0,0.1939799331103679,299.0,0.5601144539405262,-0.43159202277051817,-0.4315922266763788,0.5601145188622547,-1.9347173024235794e-05,-3.1262641282151704e-09,-2.2007256535149777e-08,7.261451155869657e-07,1.6329085277514547e-08,4.459510312650617e-09
2,59,358.0,0.19732441471571907,299.0,0.5601102843602056,-0.4315974354413375,-0.4315976505970505,0.5601103383026492,-1.5716447446091236e-05,1.7285092468657674e-08,2.901140423289197e-10,9.437152444561876e-07,1.9735474475633084e-08,4.072726081303539e-09
2,60,359.0,0.20066889632107024,299.0,0.5601068964025662,-0.4316018418033252,-0.43160204715269157,0.5601069430456108,-1.099787122379668e-05,4.195443556327239e-08,2.0654563881024146e-08,1.1498053446992413e-06,2.1131547267409514e-08,-1.3357311673855262e-09
2,61,360.0,0.2040133779264214,299.0,0.5601045263128056,-0.4316049379953341,-0.43160511093143783,0.5601045664158685,-5.248844497698444e-06,6.836886964755743e-08,1.397729652801822e-08,1.2924060890541744e-06,2.135045214159093e-08,3.6031392623711588e-09
2,62,361.0,0.20735785953177258,299.0,0.5601034044371009,-0.4316064301078406,-0.4316065587176648,0.5601034228601088,1.2131859504703942e-06,9.505693482463957e-08,3.199407536291576e-08,1.3006211158374269e-06,1.9992390304220502e-08,7.2643095589676495e-09
2,63,362.0,0.21070234113712374,299.0,0.5601036778000393,-0.43160612387826236,-0.43160618543751195,0.5601036731159243,7.716291538777845e-06,1.200474227048413e-07,6.831527894159808e-08,1.1366158833018984e-06,1.7477047017228174e-08,-6.081417882161959e-09
2,64,363.0,0.2140468227424749,299.0,0.5601053497699845,-0.43160401127555426,-0.431603976110526,0.5601053315365367,1.339937097985332e-05,1.4189373147632166e-07,3.790540825415053e-08,8.383536951258684e-07,1.9226817585315227e-08,-1.0667410732325478e-08
2,65,364.0,0.21739130434782608,299.0,0.5601082613739581,-0.43160030665394145,-0.43160017565347575,0.5601082031293931,1.7591139471649482e-05,1.6592725345782723e-07,-1.5437352051255973e-08,4.406092109740141e-07,1.9379584368068183e-08,2.159238380836034e-09
2,66,365.0,0.22073578595317725,299.0,0.5601120976532785,-0.4315954233031827,-0.4315952060287777,0.5601119591467282,1.9794185518953587e-05,1.9015173391797334e-07,-4.649922663711237e-09,-8.497725891330814e-09,2.5661043449179326e-08,6.938404021802813e-09
2,67,366.0,0.22408026755852842,299.0,0.5601164115023123,-0.4315899320503433,-0.4315896102779244,0.5601161883205339,1.975169688685747e-05,2.2222803822941504e-07,3.0030802588867644e-08,-4.1983766850162307e-07,2.5500397769639697e-08,1.0377580748304809e-09
2,68,367.0,0.22742474916387959,299.0,0.5601207133370552,-0.43158446912176424,-0.43158400991701906,0.5601204110614911,1.765250856422783e-05,2.541035354415044e-07,3.520641983100966e-08,-7.411287891034058e-07,3.230816071216631e-08,-7.133487398560299e-09
2,69,368.0,0.23076923076923078,299.0,0.5601245675631111,-0.4315796040986668,-0.4315789873734416,0.5601241753362517,1.3946864645557406e-05,2.9448873633153156e-07,-4.744737107294128e-10,-9.321358152498797e-07,3.1677111597288385e-08,-8.255780845956766e-09
2,70,369.0,0.23411371237458195,299.0,0.5601276408211094,-0.4315757804701517,-0.43157499900211593,0.5601271212289438,9.286185568881598e-06,3.340851258283725e-07,-4.1765700421844035e-08,-9.628744893566255e-07,3.36041554048793e-08,4.715541957255768e-09
2,71,370.0,0.23745819397993312,299.0,0.5601297284498953,-0.43157326429343634,-0.43157231372263205,0.5601290412770702,4.471813080279674e-06,3.760903200844533e-07,-1.8197297492869605e-08,-8.770693431508444e-07,2.277472455959458e-08,7.708906951295122e-09
2,72,371.0,0.2408026755852843,299.0,0.5601307796574583,-0.4315721132974497,-0.4315709599223961,0.5601299199793214,8.64663442193147e-08,4.0455872578412947e-07,2.0342196418581727e-08,-7.110672450733916e-07,1.15153311559552e-08,-3.1861325438065592e-09
2,73,372.0,0.24414715719063546,299.0,0.5601308799164268,-0.4315722067734768,-0.4315708180137232,0.5601298570364942,-3.4688698564705216e-06,4.189528897288643e-07,4.411431109551942e-09,-4.80150817335284e-07,-8.389447884985979e-09,-3.1348445971636553e-09
2,74,373.0,0.24749163879598662,299.0,0.5601302205500878,-0.4315732965693114,-0.4315716712356957,0.5601290193354126,-5.869623937743144e-06,4.084660798726961e-07,-1.1258425918446353e-08,-2.4496193418163443e-07,-2.8606838215504942e-08,1.2313885917650944e-09
2,75,374.0,0.2508361204013378,299.0,0.5601290452554651,-0.43157505241176397,-0.4315732031394969,0.5601276614566653,-7.094433622470145e-06,3.7270753210323357e-07,-5.094289366215669e-09,-4.014085009154252e-08,-5.78506100322749e-08,-2.275132853766254e-09
2,76,375.0,0.25418060200668896,299.0,0.5601275962136691,-0.43157714259082997,-0.43157508674815986,0.560126048717048,-7.295137878637206e-06,3.003942695628747e-07,-1.6462020127196868e-08,1.3342050866482213e-07,-8.523805008407611e-08,-3.0027997012635415e-09
2,77,376.0,0.25752508361204013,299.0,0.560126091434302,-0.43157926626900706,-0.43157704926641866,0.560124405081371,-6.628035350186539e-06,1.9384670695748212e-07,-3.1469445271208556e-08,2.527011556953398e-07,-1.1597945639253903e-07,4.3665253882093034e-09
2,78,377.0,0.2608695652173913,299.0,0.5601247118132034,-0.4315811700327931,-0.43157885802770657,0.5601229241807856,-5.364529590126954e-06,4.8872386466554906e-08,-9.632964123741549e-09,3.066998134076422e-07,-1.4123174530129082e-07,8.983714476451595e-09
2,79,378.0,0.26421404682274247,299.0,0.5601235674401741,-0.4315826840426155,-0.43158034881554064,0.5601217533259615,-3.8310305245165576e-06,-1.2766729516035545e-07,3.5286396334793686e-08,3.0436935791507215e-07,-1.7038202110005253e-07,5.619803770343517e-10
2,80,379.0,0.26755852842809363,299.0,0.5601227033042379,-0.4315837288269074,-0.43158144987674507,0.5601209640580546,-2.3091837479573953e-06,-3.40644821535551e-07,3.809483459608464e-08,2.6251811700393785e-07,-1.9342913131273426e-07,-8.023871380717029e-09
2,81,380.0,0.2709030100334448,299.0,0.5601221208239368,-0.43158428835909385,-0.43158218376845653,0.5601205499345093,-9.965932013252074e-07,-5.824312356768128e-07,-2.0268751851013055e-09,2.059934958425479e-07,-2.1917189012416576e-07,-3.7084249945919062e-09
2,82,381.0,0.27424749163879597,299.0,0.5601217806510325,-0.4315844039127372,-0.4315826264282424,0.5601204599949176,3.337428096385351e-08,-8.563960983320717e-07,-2.0570732980155074e-08,1.487011565223425e-07,-2.3707451354299458e-07,2.3325463245354705e-09
2,83,382.0,0.27759197324414714,299.0,0.560121608811095,-0.43158415028439434,-0.4315828613634508,0.5601206462392894,7.768801150310701e-07,-1.1527392402611007e-06,-8.907904208126347e-09,8.766777427792831e-08,-2.564398902723013e-07,9.278092888679184e-10
2,84,383.0,0.2809364548494983,299.0,0.5601215301990329,-0.43158360795184836,-0.43158296854938466,0.5601210601404657,1.2152190165013228e-06,-1.4732891031013953e-06,-4.266162516829714e-09,2.6717222906719847e-08,-2.662684399679286e-07,-1.1108700190610826e-09
2,85,384.0,0.2842809364548495,299.0,0.5601214757046244,-0.4315828540857571,-0.4315830417453833,0.5601216391030566,1.348805150421583e-06,-1.8061246530613518e-06,-9.81513642077799e-09,-1.3440265688130921e-08,-2.729944231734374e-07,-4.326877732253791e-09
2,86,385.0,0.28762541806020064,299.0,0.5601213797673092,-0.43158196839534474,-0.4315831719402603,0.5601223171607996,1.2816038762865799e-06,-2.1473676820280493e-06,-3.144221583053217e-08,-3.272309836836544e-08,-2.676826817081758e-07,-5.004729420723276e-09
2,87,386.0,0.2909698996655518,299.0,0.5601212017473026,-0.4315810012888961,-0.43158342119067994,0.5601230482965532,1.1179885876694484e-06,-2.481971034163158e-06,-5.6457608224507203e-08,-4.9706579501817984e-08,-2.5162771929576635e-07,4.280433546028532e-09
2,88,387.0,0.29431438127090304,299.0,0.5601209232209334,-0.4315799808962675,-0.4315838153700099,0.5601238093229258,8.694561104190683e-07,-2.796505683282788e-06,-3.504711849587702e-08,-5.261646705423259e-08,-2.192453478525745e-07,7.360650361550358e-09
2,89,388.0,0.2976588628762542,299.0,0.560120517192329,-0.43157894663793406,-0.43158436262150557,0.5601245905865421,6.06374069059536e-07,-3.0705623680982335e-06,1.7634258252167256e-09,-3.750618110626221e-08,-1.6828830830087096e-07,3.454172836385603e-10
2,90,389.0,0.3010033444816054,299.0,0.5601199849435673,-0.4315779172479173,-0.43158505236042793,0.5601253845255427,4.1884314740830375e-07,-3.280922753473975e-06,3.496096968927615e-09,-3.259248626851185e-08,-9.859971741740843e-08,-9.751374266504512e-10
2,91,390.0,0.30434782608695654,299.0,0.5601193663467949,-0.43157688183649134,-0.43158585315828235,0.5601261838740196,2.5588068163899506e-07,-3.4041724002452633e-06,-1.3754682438747427e-09,-3.4246924435788324e-08,-6.947715430107322e-09,-6.908588751609034e-11
2,92,391.0,0.3076923076923077,299.0,0.5601186873509664,-0.43157585649413593,-0.43158673516317364,0.5601269732862856,8.464607347335939e-08,-3.4128570445323314e-06,-1.7182846097803799e-09,-2.6759921561619902e-08,1.0390498857672775e-07,-1.744717522733517e-09
2,93,392.0,0.3110367892976589,299.0,0.5601179696250647,-0.4315748766001453,-0.43158766762955875,0.5601277275236581,-4.915351655777207e-08,-3.2829758088108757e-06,-1.044100533347883e-08,-1.8674928252211677e-08,2.3607530795749613e-07,1.45450802075629e-09
2,94,393.0,0.31438127090301005,299.0,0.560117253495808,-0.4315739686694519,-0.43158860307500857,0.5601284224167169,-1.42528054744237e-07,-2.9878816738632487e-06,-3.1689494746124726e-09,-8.527239685292617e-09,3.8387887199736213e-07,2.7657736908445722e-09
2,95,394.0,0.3177257525083612,299.0,0.5601165788591487,-0.4315731711026124,-0.43158948045738577,0.5601290355178286,-1.851642252656917e-07,-2.508033083865678e-06,1.0658640775522754e-08,2.9335576730681532e-09,5.446443900277265e-07,-5.263917582893933e-09
2,96,395.0,0.3210702341137124,299.0,0.5601159946972908,-0.43157252284804626,-0.4315902324104333,0.5601295397448512,-1.7049651852584832e-07,-1.8272275963302194e-06,-1.5662339807117903e-08,3.948875100781299e-09,7.126209216293221e-07,-3.183500200429243e-09
2,97,396.0,0.32441471571906355,299.0,0.5601155679859231,-0.43157205547484206,-0.43159079526973537,0.5601298928565428,-1.507520577778534e-07,-9.364514442927056e-07,-3.1580771860525117e-08,2.1906237150481305e-10,8.847592372513381e-07,7.353537935722097e-09
2,98,397.0,0.3277591973244147,299.0,0.5601153422184265,-0.4315718286118706,-0.4315911065652578,0.5601300535535733,-1.4965665627576483e-07,1.6949760227216062e-07,5.186498830160052e-09,7.130493767064321e-09,1.053760087632828e-06,2.818707302894655e-09
2,99,398.0,0.3311036789297659,299.0,0.5601153450488997,-0.4315719191139384,-0.4315910998905756,0.5601299861356546,-1.1400418455125701e-07,1.4866977118140274e-06,1.928011235724829e-08,1.3825704959823384e-08,1.2116992998730306e-06,1.2917005767663275e-09
2,100,399.0,0.33444816053511706,299.0,0.5601156358713177,-0.4315723715741187,-0.43159071129756604,0.5601296461249629,-4.4875574554095385e-08,3.001321836655934e-06,2.573911990352703e-08,7.909887693947346e-09,1.3496399183648543e-06,7.276446800099874e-09
2,101,400.0,0.3377926421404682,299.0,0.5601162666498684,-0.4315732302604536,-0.4315898777673737,0.5601289960050595,-5.325905577161661e-09,4.688371734612401e-06,6.212175278542499e-08,5.420328312078152e-09,1.4621885305442067e-06,-1.9776992225145184e-09
2,102,401.0,0.3411371237458194,299.0,0.560117259827894,-0.43157455820288854,-0.43158855283612885,0.5601280005640803,2.1776608336150813e-08,6.516107397792809e-06,5.223332718293683e-08,3.9304974337571465e-09,1.5380786944152909e-06,-6.1129530081290254e-09
2,103,402.0,0.34448160535117056,299.0,0.5601186560340823,-0.4315763883006571,-0.4315867105716266,0.5601266137957227,4.143011858777361e-08,8.438705765811754e-06,2.166813446204414e-08,-1.493034303101163e-09,1.56911346693288e-06,-9.690053341357528e-11
2,104,403.0,0.34782608695652173,299.0,0.5601204799174574,-0.431578744741642,-0.4315843309507713,0.5601248078264159,3.3965501053945025e-08,1.0400097599477476e-05,2.1182583670664317e-08,-3.0711577007364787e-09,1.5435173118419342e-06,-3.263915832157934e-10
2,105,404.0,0.3511705685618729,299.0,0.5601227255664682,-0.4315816524708304,-0.43158140420771124,0.5601225768502525,1.86103767720929e-08,1.2329494239279047e-05,1.954956689023896e-08,-9.29434189626132e-09,1.4559358482316075e-06,1.0394145771036138e-09
2,106,405.0,0.35451505016722407,299.0,0.5601253846869668,-0.4315851044832794,-0.4315779417539305,0.5601199257389374,-2.786061078179639e-08,1.4149414049567296e-05,2.4745950580477703e-08,-4.573784961807735e-09,1.2986553307348558e-06,-4.824388880348928e-09
2,107,406.0,0.35785953177257523,299.0,0.5601284250180271,-0.43158908029950754,-0.4315739814828248,0.560116873305198,-5.072848848930039e-08,1.5772733212984337e-05,6.25186590723175e-10,1.1292004010562492e-08,1.0677990702106344e-06,-1.0184742626561938e-08
2,108,407.0,0.3612040133779264,299.0,0.5601318174292522,-0.43159351191525486,-0.431569578163352,0.5601134588466428,5.731559924637467e-09,1.7107482050745655e-05,-5.0296126528628435e-08,6.871507043580542e-09,7.613397353121423e-07,2.7538265210157906e-09
2,109,408.0,0.36454849498327757,299.0,0.5601355242657919,-0.4315982905065901,-0.43156479617364124,0.5601097542375887,4.008651401927497e-08,1.8059156719883688e-05,-3.6527287318135625e-08,-3.842856126488504e-09,3.7887692398341327e-07,7.765898893243227e-09
2,110,409.0,0.36789297658862874,299.0,0.5601394399713585,-0.43160332893501163,-0.43155973502455636,0.5601058554840063,2.0870253972232132e-08,1.8532752874860448e-05,2.3000330358028387e-09,-7.503718163202151e-09,-7.27339287552564e-08,-1.590648437144368e-10
2,111,410.0,0.3712374581939799,299.0,0.5601434428019265,-0.4316085137193222,-0.43155453820195977,0.5601018612085482,-1.664820823881403e-08,1.844183546391361e-05,1.50354765720257e-09,-3.92555664147219e-09,-5.885122308800498e-07,6.564389287877851e-10
2,112,411.0,0.3745819397993311,299.0,0.5601474180931169,-0.4316136833412258,-0.4315493774848364,0.5600978781868663,-3.627590632680364e-08,1.7706195175310903e-05,4.7866733602991665e-09,1.4117208400346265e-08,-1.1534420070875037e-06,2.5216693830774425e-09
2,113,412.0,0.3779264214046823,299.0,0.5601512294507497,-0.4316186531181915,-0.4315444275541447,0.5600940505599756,3.4310390931010294e-08,1.626439266644876e-05,1.7396963835428594e-08,9.211287424008961e-09,-1.758449975248455e-06,-2.4086251756132985e-09
2,114,413.0,0.38127090301003347,299.0,0.5601547413687008,-0.43162320204292315,-0.4315398589170972,0.5600905528094493,8.036767463641544e-08,1.406633019738585e-05,5.352164342130708e-09,-1.5295751381277426e-08,-2.380764023596146e-06,-1.9590950757410104e-09
2,115,414.0,0.38461538461538464,299.0,0.5601577922913007,-0.43162711988720753,-0.4315358955839642,0.560087535958258,3.889136402167533e-09,1.1090375167888467e-05,-4.4467223167047545e-09,-6.5289006058581426e-09,-3.0042845970612906e-06,4.3832204770803e-09
2,116,415.0,0.3879598662207358,299.0,0.5601601873147838,-0.4316302236222961,-0.43153278926782973,0.56008514209002,-2.875552149711103e-08,7.3350194215602785e-06,1.7469236943265672e-08,7.931885260691697e-09,-3.601186341856299e-06,3.1731369876273777e-09
2,117,416.0,0.391304347826087,299.0,0.5601617588637714,-0.43163228956026456,-0.4315307391546957,0.5600835577665941,1.0904293358176548e-08,2.8335364942389396e-06,3.333555534264603e-08,-9.329510556294716e-11,-4.155037159393865e-06,-1.1800493485591499e-09
2,118,417.0,0.39464882943143814,299.0,0.5601623632603756,-0.4316330872071159,-0.4315299352869685,0.5600829579326747,1.0438115001564848e-08,-2.3602599550035124e-06,2.7435220359258143e-08,-2.739642297496563e-09,-4.635862372294606e-06,-4.943679388896051e-09
2,119,418.0,0.3979933110367893,299.0,0.5601618485685116,-0.43163242923233786,-0.431530587507153,0.5600834772519201,-3.2602823989148666e-09,-8.155087920371149e-06,2.7169047050566364e-09,1.4168967860342589e-09,-5.02737393187842e-06,-6.542615013002294e-09
2,120,419.0,0.4013377926421405,299.0,0.5601600875147293,-0.4316301469633305,-0.4315328719150099,0.5600852373052498,3.824127613186396e-09,-1.4439305335217693e-05,-2.9996242271804896e-08,4.02993313669555e-09,-5.301343954475098e-06,4.633884617287947e-09
2,121,420.0,0.40468227424749165,299.0,0.5601569812085361,-0.43162609578821653,-0.43153692146800837,0.5600883459344852,2.3975077480288754e-08,-2.106598527830929e-05,-6.8266531756173484e-09,6.650217300767302e-10,-5.446293492042491e-06,9.623084173409538e-09
2,122,421.0,0.4080267558528428,299.0,0.5601524428884761,-0.43162018817022146,-0.4315428163328815,0.5600928954792941,2.7300614884377843e-08,-2.787385214335914e-05,4.129027501824532e-08,-1.1668667335083736e-08,-5.442427158058595e-06,-4.841580178089283e-09
2,123,422.0,0.411371237458194,299.0,0.5601464227825972,-0.43161238341825287,-0.43155060653807326,0.5600989283389555,-3.1046165437752704e-08,-3.46768860909286e-05,1.7084652334215953e-08,-1.0740135915005595e-08,-5.2847523296272685e-06,-1.2919081281194822e-08
2,124,423.0,0.41471571906354515,299.0,0.5601389287984923,-0.43160268449181494,-0.43156032354769047,0.560106409827659,-8.474861837259411e-08,-4.12828265029582e-05,-4.7513979080507154e-08,5.758366919573263e-09,-4.961742854206909e-06,-1.065492305252846e-09
2,125,424.0,0.4180602006688963,299.0,0.5601300156818453,-0.43159113649500896,-0.4315719195026272,0.5601152870035159,-5.595090079563835e-08,-4.748500507071217e-05,-5.2851932923434036e-08,1.235184879934224e-08,-4.4770275897342265e-06,7.781872415701167e-09
2,126,425.0,0.4214046822742475,299.0,0.5601197716541662,-0.43157784209990213,-0.43158524534395987,0.5601255070238509,5.815873248915489e-09,-5.3081289557874974e-05,-1.3950541320011335e-08,2.18745077889818e-09,-3.829767424263513e-06,-1.2329440782478924e-09
2,127,426.0,0.42474916387959866,299.0,0.5601083220680714,-0.4315629712164349,-0.4316001125132788,0.5601369585286247,1.6755348386532403e-08,-5.786849883819964e-05,-2.0114326235581203e-08,-9.537625064723053e-09,-3.0363105384146683e-06,-3.231483395543931e-09
2,128,427.0,0.4280936454849498,299.0,0.560095843056921,-0.43154675486001726,-0.4316163182939383,0.5601494432272114,-3.0929290201269506e-08,-6.166388701121349e-05,-3.626881886344492e-08,-2.3819368933729875e-09,-2.100053742609153e-06,3.6886756473682343e-09
2,129,428.0,0.431438127090301,299.0,0.5600825387046793,-0.43152948499322197,-0.4316336034202585,0.5601627315539803,-4.2832271447781406e-08,-6.428895418947128e-05,-1.7831165792213957e-08,1.4261193535730379e-08,-1.0509493266780905e-06,-1.1188707096305846e-09
2,130,429.0,0.43478260869565216,299.0,0.5600686595309546,-0.43151148677844486,-0.43165162260115836,0.5601765883164703,2.847713073137297e-08,-6.56026408478158e-05,-2.3433805094247656e-08,1.01269794854962e-08,1.0302973613801768e-07,-1.084298434936799e-09
2,131,430.0,0.43812709030100333,299.0,0.5600545131937819,-0.4314930989820969,-0.4316699904401103,0.5601907417451564,7.911664396027536e-08,-6.547385367764145e-05,-2.884970746720872e-08,-6.1906333262276005e-09,1.3231978211198843e-06,3.7042935801103675e-09
2,132,431.0,0.4414715719063545,299.0,0.5600404064943438,-0.4314747314457701,-0.4316883087362454,0.5602048762001702,4.8169155080946054e-08,-6.381985640124055e-05,-1.031269283364268e-08,-7.470068628728474e-09,2.6003137237171767e-06,-1.7881994067686435e-09
2,133,432.0,0.44481605351170567,299.0,0.5600266443466437,-0.43145683941434926,-0.43170616809805434,0.5602186517517903,1.0820794509626459e-08,-6.056946424659432e-05,-1.9244461528937352e-08,-3.4993687036545233e-09,3.891257857278035e-06,-1.8680229076099798e-10
2,134,433.0,0.44816053511705684,299.0,0.5600135777090695,-0.4314398659607466,-0.4317231292775533,0.560231714996677,-6.67254971959978e-09,-5.57053919249978e-05,-2.0176512642887875e-08,-4.7753319828111105e-09,5.183847381495815e-06,2.4000708427707027e-09
2,135,434.0,0.451505016722408,299.0,0.5600015570512586,-0.4314242593428834,-0.4317387332196579,0.5602437244529871,-3.0545843186381124e-08,-4.92255826981304e-05,-8.177283014893402e-09,-2.8140731459578034e-09,6.4410250509016605e-06,-6.097371561393926e-09
2,136,435.0,0.45484949832775917,299.0,0.5599909262880067,-0.43141047683810363,-0.4317525266110208,0.5602543339552161,-4.4615009238241515e-08,-4.1174301384506106e-05,-3.8668656719281145e-08,-1.2629479872638673e-09,7.65351744216075e-06,-4.830253340872353e-09
2,137,436.0,0.45819397993311034,299.0,0.5599820388237066,-0.43139894685082825,-0.43176407597621363,0.56026319489087,-5.092497165019433e-08,-3.160740458180873e-05,-6.282543135355977e-08,6.087751294072966e-10,8.787981223797862e-06,3.3559589870044133e-09
2,138,437.0,0.46153846153846156,299.0,0.5599752218980151,-0.43139009326006916,-0.4317729535290316,0.5602699839373526,-4.787513252305332e-08,-2.062242805206497e-05,-4.605045672250069e-08,7.572292440463037e-09,9.838422326335471e-06,3.1159948330254436e-09
2,139,438.0,0.46488294314381273,299.0,0.559970772339048,-0.43138431963636564,-0.4317787508749712,0.5602744088342307,-1.0010819780579879e-08,-8.324400144149464e-06,-3.047343554497138e-08,3.967513717774312e-09,1.0783752314071115e-05,3.666492158259035e-09
2,140,439.0,0.4682274247491639,299.0,0.5599689815623046,-0.43138198388257154,-0.4317810909590425,0.5602761936440572,9.827506954828723e-09,5.155290248436081e-06,-1.2141219209689163e-08,-3.0226442332127946e-09,1.1625436901722577e-05,3.156078954769484e-09
2,141,440.0,0.47157190635451507,299.0,0.5599701000598929,-0.43138342270169455,-0.43177964742207503,0.5602750804149481,-5.285904731020859e-09,1.9687086375586452e-05,3.6390234389271762e-09,8.14939666885192e-09,1.2342399286312963e-05,-1.3913849253360793e-09
2,142,441.0,0.47491638795986624,299.0,0.559974348114869,-0.4313889400383814,-0.43177413600721304,0.560270833924198,3.546129293376533e-08,3.5115085483476e-05,-3.3175908768620652e-09,1.0997841837174888e-08,1.2939928658529425e-05,1.9294912327702453e-09
2,143,442.0,0.4782608695652174,299.0,0.559981937499594,-0.43139876630606716,-0.4317642949487414,0.5602632664348459,9.045015271946985e-08,5.128999630663692e-05,6.326129431593257e-09,-4.70100461312365e-09,1.3399060099942203e-05,7.294702809141065e-09
2,144,443.0,0.4816053511705686,299.0,0.5599930276478869,-0.43141311015510275,-0.4317499073685144,0.5602522243278795,6.694610291052071e-08,6.803882143156517e-05,4.278572591199498e-08,-7.011634378717276e-09,1.3726042655090177e-05,3.556458881677238e-09
2,145,444.0,0.48494983277591974,299.0,0.560007717656579,-0.4314321598476714,-0.431730828503364,0.5602375740157497,3.1896664311254065e-08,8.519637475042935e-05,6.055435552857771e-08,-3.5216761962495898e-09,1.3893102306108381e-05,-3.5103251906714768e-09
2,146,445.0,0.4882943143812709,299.0,0.560026098017463,-0.4314560287018141,-0.4317069508006072,0.5602192191203517,1.4303760276943942e-08,0.0001025627526330678,4.299457682586826e-08,-7.110569679463907e-09,1.389938404269835e-05,-2.8577393496198393e-09
2,147,446.0,0.4916387959866221,299.0,0.5600482268503231,-0.43148476222245297,-0.43167821804222417,0.5601971078514317,-2.1235858823817812e-08,0.00011993698268644414,2.8701477869407475e-08,-1.3624689495237692e-09,1.3709941121716195e-05,6.577897741326987e-09
2,148,447.0,0.49498327759197325,299.0,0.5600741003142592,-0.4315183677636067,-0.4316446317749684,0.5601712348077144,-2.8037875248777652e-08,0.0001370744090885936,6.159860647435999e-08,5.640258035113975e-10,1.3317172501217845e-05,1.0756717115119749e-08
2,149,448.0,0.4983277591973244,299.0,0.5601036594132435,-0.4315567804668426,-0.4316062394108333,0.5601416696284718,-2.5192419522713332e-08,0.00015372087471511993,1.1539372533940383e-07,-6.938368927204038e-09,1.268129364685347e-05,5.369303938888152e-09
2,150,449.0,0.5016722408026756,299.0,0.5601367934492198,-0.43159986388369637,-0.43156317048036186,0.5601085252112074,-5.98310613521437e-08,0.00016957249177369056,1.42251871139299e-07,1.4460062131059e-09,1.1783692858704413e-05,4.6482792941542445e-09
2,151,450.0,0.5050167224080268,299.0,0.5601733293078252,-0.43164739928410784,-0.43151566309185124,0.560071956396327,-5.2528673082172094e-08,0.00018430210784707387,1.655237089008813e-07,9.449360832397498e-09,1.058624721944654e-05,1.5034996500871275e-08
2,152,451.0,0.5083612040133779,299.0,0.5602130338637968,-0.43169905909863154,-0.4314640196837124,0.5600322122839752,-5.190346355882947e-09,0.00019753491687138334,2.407277368292919e-07,3.375847953140299e-09,9.06949390873642e-06,2.0123681929783245e-08
2,153,452.0,0.5117056856187291,299.0,0.5602555772089374,-0.4317544233384733,-0.43140863625497744,0.5599896380442975,1.1831553381073164e-08,0.00020887178425730305,3.413492285597073e-07,6.262748377597207e-09,7.206624695957935e-06,9.655966408796864e-09
2,154,453.0,0.5150501672240803,299.0,0.5603005356785403,-0.4318129743182261,-0.43135004610992567,0.5599446425067147,4.335918592448013e-08,0.00021788006512724742,3.896216512201432e-07,7.044093318360342e-09,4.982764375924164e-06,5.345372356643279e-10
2,155,454.0,0.5183946488294314,299.0,0.560347423920934,-0.43187404402864304,-0.4312889081313645,0.5598977159697109,7.88343273429271e-08,0.00022410852059714706,3.922659970317154e-07,-3.4942456681055777e-09,2.3868009698693347e-06,3.801601016846337e-09
2,156,455.0,0.5217391304347826,299.0,0.5603956553720553,-0.43193684274478894,-0.4312260093339486,0.5598494460317125,6.162684036393843e-08,0.0002270920218094756,4.112209968796371e-07,-4.9734492107689306e-09,-5.779792249140856e-07,1.1119878662562149e-08
2,157,456.0,0.5250836120401338,299.0,0.5604445139513985,-0.4320004800285999,-0.43116226980163275,0.5598005262284138,3.703975303329445e-08,0.00022636954777832232,4.667784016947878e-07,-2.2081077777056625e-09,-3.897929230255944e-06,7.925221534041138e-09
2,158,457.0,0.5284280936454849,299.0,0.5604931887142883,-0.4320639284062782,-0.4310987220624772,0.5597517655525286,2.631620840676052e-08,0.00022149713624048978,5.06379360806128e-07,-4.077996761848138e-09,-7.544186795611075e-06,-5.612728366506581e-09
2,159,458.0,0.5317725752508361,299.0,0.5605407928038072,-0.43212601923691923,-0.43103652884057236,0.5597040592409614,6.262725395912408e-09,0.00021206690274596184,4.782982388889894e-07,-1.0448266294640094e-08,-1.1480185077450353e-05,-2.3122300941238392e-09
2,160,459.0,0.5351170568561873,299.0,0.5605863614422019,-0.432185465486229,-0.4309769852462622,0.5596583716823403,-4.567429656477568e-08,0.00019771667139913417,4.6673309497961314e-07,-1.324815830360179e-08,-1.5645387874893672e-05,1.3025966293092222e-08
2,161,460.0,0.5384615384615384,299.0,0.5606288238929112,-0.4322409036457322,-0.4309214764275451,0.5596157647896699,-1.1163824104541801e-07,0.0001781599365555023,5.3189000005972e-07,5.621760835968007e-10,-1.9975072635243622e-05,8.670943726352936e-09
2,162,461.0,0.5418060200668896,299.0,0.560667035183728,-0.4322908983790336,-0.4308714502035451,0.5595773836042826,-1.0854304769238215e-07,0.00015319109576143405,5.753043774472343e-07,8.829969820630325e-09,-2.43779987303846e-05,-5.327677696111177e-09
2,163,462.0,0.5451505016722408,299.0,0.5606998519478087,-0.43233391261558357,-0.43082841035966457,0.5595444082964319,-6.412876241278728e-08,0.00012271859734844142,5.4871583706611e-07,4.2966710532613735e-09,-2.876820590792469e-05,-7.0444263974050736e-09
2,164,463.0,0.5484949832775919,299.0,0.5607261188434456,-0.43236838123386984,-0.4307939047262141,0.5595180195556618,-4.2443407696849326e-08,8.675833996352662e-05,5.135172342957452e-07,7.102184048726665e-09,-3.303276534412954e-05,-4.178300279412011e-09
2,165,464.0,0.5518394648829431,299.0,0.5607446529630356,-0.4323927747653627,-0.43076948134830284,0.559499398078626,-6.798902504378704e-09,4.5467383283358994e-05,4.926367164375108e-07,1.007797027890505e-08,-3.7067952936156805e-05,-1.2199581301741219e-08
2,166,465.0,0.5551839464882943,299.0,0.5607543065177857,-0.4324056021561532,-0.4307566288397246,0.5594897047113272,4.3658098440920186e-08,-8.675578868385794e-07,4.316397367545072e-07,9.873234022600095e-09,-4.0750167876648605e-05,-2.565270699197818e-08
2,167,466.0,0.5585284280936454,299.0,0.5607540083607726,-0.4324054401911585,-0.43075676655298933,0.5594900227108368,9.302315281819956e-08,-5.18052677326467e-05,3.033763682798858e-07,8.001175167931675e-09,-4.39719379346521e-05,-3.608615142127439e-08
2,168,467.0,0.5618729096989966,299.0,0.5607427856897695,-0.4323909870463124,-0.4307711998068872,0.559501328065962,1.3298189396691702e-07,-0.00010677019015095456,1.229601346397599e-07,-1.3172467159814707e-10,-4.662028414900573e-05,-4.400230721131102e-08
2,169,468.0,0.5652173913043478,299.0,0.5607197824905267,-0.4323611066053451,-0.43080107072192564,0.5595244736288442,1.3228387280383734e-07,-0.00016504554533720037,-9.700875674997219e-08,-5.672124935486898e-10,-4.860085235468475e-05,-4.5724160571312325e-08
2,170,469.0,0.568561872909699,299.0,0.5606842854287171,-0.4323148736468999,-0.43084732537690357,0.5595601526671968,1.2949582349927828e-07,-0.00022579661078054108,-3.2556403180120706e-07,1.8099741366853296e-09,-4.982145466473927e-05,-5.403407747702051e-08
2,171,470.0,0.5719063545150501,299.0,0.5606357590093308,-0.4322515910683836,-0.43091065708616944,0.5596088933535958,1.387662348935369e-07,-0.00028807342911144697,-5.956467027195807e-07,-6.828566441981269e-09,-5.0219749554994985e-05,-7.70783368710116e-08
2,172,471.0,0.5752508361204013,299.0,0.5605738829011202,-0.4321708151297868,-0.43099149466124,0.5596710105818304,1.0513818423906574e-07,-0.0003508481160551701,-9.809184854903817e-07,-9.919853564879102e-09,-4.9741077691256244e-05,-8.558789851926068e-08
2,173,472.0,0.5785953177257525,299.0,0.5604985652179054,-0.432072387871327,-0.43109000871847886,0.5597465628503356,5.6571365581222075e-08,-0.0004130244631692187,-1.4087473243401935e-06,-4.478031319769143e-09,-4.836831004605194e-05,-8.089514318675646e-08
2,174,473.0,0.5819397993311036,299.0,0.5604099343998906,-0.4319564646450757,-0.4312060378429259,0.5598353965408572,3.5926745775621945e-08,-0.00047348485072676164,-1.8131529436666538e-06,-3.6419009183373144e-09,-4.608409898198873e-05,-9.915220765157821e-08
2,175,474.0,0.5852842809364549,299.0,0.5603083492232662,-0.43182351476166747,-0.4313390801078022,0.5599371429611947,2.029274819946202e-08,-0.0005310899744542268,-2.3088629516553032e-06,-7.69718908419214e-09,-4.2918980753701774e-05,-1.2455968597596917e-07
2,176,475.0,0.5886287625418061,299.0,0.5601944403238923,-0.43167430739610324,-0.43148834479652737,0.5600511493208519,-1.4514544437497368e-08,-0.0005847387003963352,-2.931629046017158e-06,-1.3434956835244404e-08,-3.8897020838651074e-05,-1.196352513327662e-07
2,177,476.0,0.5919732441471572,299.0,0.5600690802060032,-0.43150991873533423,-0.4316527468494127,0.5601765094383092,-7.654656668239561e-08,-0.0006333599764446335,-3.529830756460693e-06,-1.734909773255624e-08,-3.408434086585518e-05,-1.0992483913323848e-07
2,178,477.0,0.5953177257525084,299.0,0.5599333284767841,-0.4313317600081766,-0.43183087088240046,0.5603121268977891,-1.5658504544914674e-07,-0.0006759654025269404,-4.079600414027202e-06,-2.250212619979353e-08,-2.8536322493800096e-05,-1.2193706815139337e-07
2,179,478.0,0.5986622073578596,299.0,0.5597884542783794,-0.43114152255147875,-0.432021017683939,0.5604567015938829,-2.6082270915513166e-07,-0.0007116358056441828,-4.689603359002889e-06,-2.619340021465045e-08,-2.2341073165127618e-05,-1.3077106287224376e-07
2,180,479.0,0.6020066889632107,299.0,0.5596359559566785,-0.4309411347263116,-0.4322212571086888,0.5606087050409321,-3.81777914424189e-07,-0.0007395621471005888,-5.3440156153556145e-06,-2.4080591660846487e-08,-1.5579758867710612e-05,-1.2879573680612041e-07
2,181,480.0,0.6053511705685619,299.0,0.5594775061378563,-0.43073275470203043,-0.43242942882303237,0.5607664427174945,-4.903241499231654e-07,-0.0007590368456852278,-5.9888414562628155e-06,-1.9739110142793086e-08,-8.349219777628916e-06,-1.222441346697825e-07
2,182,481.0,0.6086956521739131,299.0,0.5593149244784773,-0.43051874477219415,-0.43264315696407946,0.560928092010414,-5.753822827241945e-07,-0.0007694733704072683,-6.601178696381895e-06,-1.0142000796571809e-08,-7.423297234498425e-07,-9.876793811454779e-08
2,183,482.0,0.6120401337792643,299.0,0.5591501569233139,-0.43030163622726325,-0.432859896243038,0.561091716303284,-6.108537998193961e-07,-0.0007704012825615883,-7.0963465619642445e-06,-4.688116355663909e-09,7.138533360712341e-06,-8.245571917744581e-08
2,184,483.0,0.6153846153846154,299.0,0.5589852369542948,-0.4300841063333564,-0.4330769472762133,0.561255310964285,-6.17893193650098e-07,-0.0007614781158607073,-7.510036864301694e-06,3.3593350021929035e-09,1.5195848157438962e-05,-8.45510889341591e-08
2,185,484.0,0.6187290969899666,299.0,0.5588222817801926,-0.42986892982865066,-0.4332915317620511,0.5614167872956655,-5.839403377096009e-07,-0.0007424833056639195,-7.934203774445711e-06,3.666933212556147e-08,2.3327112626129887e-05,-5.077461021868769e-08
2,186,485.0,0.6220735785953178,299.0,0.5586634890957805,-0.42965892315997967,-0.4335008292544679,0.5615739904398028,-3.829206084234383e-07,-0.0007133244148812682,-8.189377499219617e-06,6.451627937080806e-08,3.143649727433457e-05,1.3898324063180363e-08
2,187,486.0,0.6254180602006689,299.0,0.5585110574076206,-0.42945693552537967,-0.4337019226670257,0.5617248272633881,-4.2814112346295535e-08,-0.0006740287932883606,-8.12070527406119e-06,6.449871678478967e-08,3.94238223958814e-05,6.290241535542916e-08
2,188,487.0,0.6287625418060201,299.0,0.5583671335052371,-0.4292658527575015,-0.4338918800697497,0.561867251491289,2.961002410581487e-07,-0.0006247490152935183,-7.806279693585124e-06,8.080301300769467e-08,4.720702463390566e-05,1.1731264536939126e-07
2,189,488.0,0.6321070234113713,299.0,0.5582338260991562,-0.4290885426016334,-0.43406787085401427,0.5619992006353717,7.147461688325652e-07,-0.0005657402345011441,-7.219161441433412e-06,1.0716115024777165e-07,5.471170361642235e-05,1.9540134439483064e-07
2,190,489.0,0.6354515050167224,299.0,0.558113200861112,-0.42892778635440043,-0.43422710913799734,0.5621186946073118,1.2628043951032304e-06,-0.0004973506049806223,-6.240941600932908e-06,1.013470898153798e-07,6.188266594907265e-05,2.832973100501442e-07
2,191,490.0,0.6387959866220736,299.0,0.5580072269467283,-0.4287862806687315,-0.43436686821158044,0.5622238735667359,1.778851624136733e-06,-0.00041999727254428545,-4.822570853381087e-06,8.630829925436442e-08,6.86782019577117e-05,3.656458358999148e-07
2,192,491.0,0.6421404682274248,299.0,0.5579177352481676,-0.4286666612788816,-0.43448457325855117,0.5623129465246479,2.216469498536864e-06,-0.00033414952009714797,-2.992100321685553e-06,7.355442167633063e-08,7.507098413040752e-05,4.4410628243737916e-07
2,193,492.0,0.6454849498327759,299.0,0.5578464523670968,-0.42857143868098996,-0.4345777992975671,0.5623842048932768,2.5872410221204395e-06,-0.00024031078993413938,-7.693470142660335e-07,4.5153562653877435e-08,8.106246241443911e-05,5.429620489637604e-07
2,194,493.0,0.6488294314381271,299.0,0.5577950022163294,-0.42850297327899506,-0.43464426176951443,0.5624360435939781,2.813563482198475e-06,-0.00013898271191609035,1.9473284472504985e-06,4.7298571837385035e-09,8.66576283724505e-05,6.503588037619722e-07
2,195,494.0,0.6521739130434783,299.0,0.5577648520364686,-0.4284635263025898,-0.43468181420810165,0.5624669740429252,2.8364008330893484e-06,-3.0660676450525864e-05,5.200295564067262e-06,-5.33597453787022e-08,9.188890573672954e-05,7.451084290865992e-07
2,196,495.0,0.6555183946488294,299.0,0.5577573332997752,-0.4284552426564973,-0.43468845312009735,0.5624756092027072,2.56912375700197e-06,8.420045572038863e-05,8.926098590934652e-06,-1.2213279458651337e-07,9.676585391770635e-05,8.383077783454671e-07
2,197,496.0,0.6588628762541806,299.0,0.5577736733041424,-0.4284801461863295,-0.4346623362685201,0.5624606183183124,1.960714486718013e-06,0.00020515777311752567,1.3116988483815892e-05,-1.7882253228399464e-07,0.00010130449566937235,9.309697125572749e-07
2,198,497.0,0.6622073578595318,299.0,0.5578149887058246,-0.4285401444203254,-0.43460175657398664,0.5624207466113886,1.0746749136015802e-06,0.0003317883927042462,1.777063020638081e-05,-2.2932922235522551e-07,0.00010548526621737701,1.036016615133668e-06
2,199,498.0,0.6655518394648829,299.0,0.5578823119035963,-0.4286370026837161,-0.4345051023851055,0.5623548364187236,-5.428302248034047e-08,0.00046364497547597363,2.2949643477548935e-05,-2.8401242728537893e-07,0.00010927518590098308,1.1443569543830034e-06
2,200,499.0,0.6688963210702341,299.0,0.5579765603759759,-0.4287723586457602,-0.4343708577486477,0.562261843384466,-1.44242383895108e-06,0.0006002389578522096,2.86715036315039e-05,-3.323920148153311e-07,0.00011261591213859559,1.2013368778951515e-06
2,201,500.0,0.6722408026755853,299.0,0.5580985286643153,-0.4289477144748935,-0.4341976372480738,0.5621408208126645,-3.0527548922108406e-06,0.0007410088480254622,3.468078529620271e-05,-3.5073538449171873e-07,0.00011541439353733495,1.2268384220254234e-06
2,202,501.0,0.6755852842809364,299.0,0.5582489599412869,-0.42916434165424794,-0.43398424933206387,0.561990870023877,-4.729335816761295e-06,0.0008852768399471404,4.082176362332637e-05,-3.3408117926172024e-07,0.00011756508148950288,1.2586022171458305e-06
2,203,502.0,0.6789297658862876,299.0,0.5584285176768239,-0.4294232363421717,-0.433729673599837,0.5618112183605936,-6.291326311920024e-06,0.0010322331918090283,4.712733487711016e-05,-3.0274473815082206e-07,0.00011891847250234997,1.2456291938030128e-06
2,204,503.0,0.6822742474916388,299.0,0.558637709070242,-0.4297251160024506,-0.43343304998553767,0.5616013051896266,-7.659111071292816e-06,0.0011808812824369737,5.337496309916839e-05,-2.470571090213686e-07,0.00011935191495524616,1.1644367202598359e-06
2,205,504.0,0.68561872909699,299.0,0.5588768945935615,-0.43007033973329306,-0.4330938142982385,0.5613607287206893,-8.70530842542359e-06,0.0013300711761310357,5.922428019770405e-05,-1.4392420435676558e-07,0.00011873716473989536,1.040143869460294e-06
2,206,505.0,0.6889632107023411,299.0,0.5591462985055409,-0.4304588267110984,-0.43271175344970986,0.5610892567150462,-9.188612213708532e-06,0.0014784926320559055,6.445973567793169e-05,-1.1311675191691004e-08,0.00011700590298961236,8.684793647794453e-07
2,207,506.0,0.6923076923076923,299.0,0.5594459644883344,-0.4308900071309529,-0.43228699237621,0.560786921243023,-8.959261096018775e-06,0.001624750010792917,6.884288862464943e-05,1.3199201251891213e-07,0.00011409497433004664,6.388838365849063e-07
2,208,507.0,0.6956521739130435,299.0,0.5597757253467388,-0.43136281997717585,-0.4318200498751906,0.5604540120880172,-7.963743770801816e-06,0.0017673687287054676,7.20809778795433e-05,2.951042860927342e-07,0.00010999691194052133,3.436392918389313e-07
2,209,508.0,0.6989966555183946,299.0,0.5601351823373845,-0.4318757076189951,-0.43131190113554035,0.5600910595094375,-6.1060414932880904e-06,0.0019048648686311059,7.384139941150912e-05,4.680775528683415e-07,0.00010471386555968816,-3.1895277180709114e-08
2,210,509.0,0.7023411371237458,299.0,0.5605237258109985,-0.432426594696404,-0.43076397920319265,0.5596988365046048,-3.3436801529248883e-06,0.0020357572005806975,7.371681697637309e-05,6.299878984585534e-07,9.829444332117448e-05,-4.792623199433867e-07
2,211,510.0,0.705685618729097,299.0,0.5609405478700021,-0.4330128901409408,-0.43017820792867095,0.5592783283243533,2.564679689541673e-07,0.002158625254732143,7.134092638406739e-05,7.746786639102931e-07,9.078928749977735e-05,-9.879734130278552e-07
2,212,511.0,0.7090301003344481,299.0,0.5613846232855308,-0.4336315464208882,-0.4295570095103494,0.5588307101939405,4.591856288311721e-06,0.0022721118641068406,6.639939851971396e-05,8.84263768224478e-07,8.226664432860438e-05,-1.5802616093338198e-06
2,213,512.0,0.7123745819397993,299.0,0.5618547039661774,-0.4342791014194091,-0.4289032884085349,0.5583573437058831,9.465775605940325e-06,0.0023749451695175743,5.8466790726600624e-05,9.372292167736372e-07,7.276258329038674e-05,-2.261797013619343e-06
2,214,513.0,0.7157190635451505,299.0,0.5623493510728544,-0.4349517080207089,-0.42822046082559495,0.5578597102490153,1.4568487569214166e-05,0.002465898398630539,4.709036335245598e-05,9.359307990956925e-07,6.231069771554318e-05,-2.9885668789687956e-06
2,215,514.0,0.7190635451505016,299.0,0.5628669307898885,-0.4356451760275135,-0.42751248259866087,0.5573393727030076,1.9596500877365723e-05,0.0025437867707749544,3.203975553562017e-05,8.791081829602562e-07,5.088513544606012e-05,-3.7363200259806183e-06
2,216,515.0,0.7224080267558528,299.0,0.5634055656065617,-0.43635503322322944,-0.42678379025450713,0.5567980336486936,2.4236547337577872e-05,0.002607393190082522,1.3208607405343678e-05,7.575890339772267e-07,3.844468668578088e-05,-4.503555111868415e-06
2,217,516.0,0.725752508361204,299.0,0.5639630937753116,-0.43707654895454945,-0.42603928855891265,0.5562375787828349,2.8127810810337172e-05,0.002655449048439748,-9.498750614769038e-06,5.796687889712937e-07,2.487539881371155e-05,-5.239904672090075e-06
2,218,517.0,0.7290969899665551,299.0,0.564537048038341,-0.4378047387623699,-0.4252843785396083,0.5556600846495047,3.0950482447415825e-05,0.002686543296956894,-3.592234954362623e-05,3.5247506681520477e-07,1.0104944936522197e-05,-5.897427894227343e-06
2,219,518.0,0.7324414715719063,299.0,0.5651245662648661,-0.43853437091210706,-0.42452493285556925,0.5550679342886005,3.2423335078896126e-05,0.0026991744781275557,-6.565893802620306e-05,8.284264585249612e-08,-5.926274276923147e-06,-6.4621144871123564e-06
2,220,519.0,0.7357859531772575,299.0,0.5657223164335656,-0.4392599850815244,-0.4237672595531284,0.5544639177232408,3.230587199692371e-05,0.002691766635281411,-9.823205875817579e-05,-2.0921732930168366e-07,-2.3173208308711646e-05,-6.890597115665342e-06
2,221,520.0,0.7391304347826086,299.0,0.5663264728038286,-0.43997587832948293,-0.4230180976594683,0.5538512813487799,3.0466530869728476e-05,0.00266280012489553,-0.00013294592355790987,-5.1927747153329e-07,-4.15928322734829e-05,-7.1463727735169155e-06
2,222,521.0,0.7424749163879598,299.0,0.5669326940868435,-0.4406761385012299,-0.42228452439738606,0.5532338039910133,2.680811740753153e-05,0.0026108090845536835,-0.00016892116591863895,-8.363776408920285e-07,-6.108051245623228e-05,-7.219249410107591e-06
2,223,522.0,0.745819397993311,299.0,0.5675360942234758,-0.44135468954282725,-0.42157389092008735,0.5526158469909224,2.1303165778924543e-05,0.0025344584439833937,-0.0002052273852122555,-1.1256568691624016e-06,-8.149766095769683e-05,-7.087034508101699e-06
2,224,523.0,0.7491638795986622,299.0,0.5681312731776365,-0.4420053191741037,-0.4208937548378639,0.5520023563922644,1.4114459907720865e-05,0.0024325863677862633,-0.00024082453318431,-1.3742598965599795e-06,-0.0001025642592416704,-6.722149794410648e-06
2,225,524.0,0.7525083612040134,299.0,0.5687123660515528,-0.44262169535552087,-0.4202517536629742,0.5513988965278033,5.485680155437715e-06,0.002304381043734154,-0.00027453828526344883,-1.5685592239129843e-06,-0.00012392090277793953,-6.101836893802808e-06
2,226,525.0,0.7558528428093646,299.0,0.5692730972478925,-0.4431974663468448,-0.41965545178402025,0.5508116269572574,-4.255039389576839e-06,0.0021494799152617025,-0.0003050853918779426,-1.67340690091361e-06,-0.00014516975007395532,-5.213600057119357e-06
2,227,526.0,0.7591973244147158,299.0,0.5698068616025124,-0.443726380149504,-0.41911216249259936,0.5502472492378448,-1.4589399431243462e-05,0.001968017727669232,-0.0003311259524675421,-1.6604930517128296e-06,-0.0001660000933670008,-4.044054317822361e-06
2,228,527.0,0.7625418060200669,299.0,0.5703068516331095,-0.4442023744325018,-0.4186287374529755,0.5497129484647236,-2.4846849917320312e-05,0.0017605176109604596,-0.0003512600862840623,-1.5081196940548014e-06,-0.0001861803346601849,-2.5658074259795307e-06
2,229,528.0,0.7658862876254181,299.0,0.5707661510068609,-0.44461964643780777,-0.41821139580276867,0.5492163501663153,-3.424264558185882e-05,0.0015277921926352114,-0.00036395789287699173,-1.2103276942284714e-06,-0.000205546901477988,-7.972473047892061e-07
2,230,529.0,0.7692307692307693,299.0,0.5711777782938059,-0.44497272007809135,-0.4178655755241805,0.5487655098318781,-4.196243625944983e-05,0.0012708585657877157,-0.0003677871829850025,-7.81458350629573e-07,-0.0002239799451799975,1.2145608610105009e-06
2,231,530.0,0.7725752508361204,299.0,0.5715347555981493,-0.44525646548644526,-0.41759588234624784,0.5483688377260404,-4.7271937717874746e-05,0.0009908836343127216,-0.00036155439566406134,-2.430374581135535e-07,-0.0002414807962822422,3.4370856860703288e-06
2,232,531.0,0.7759197324414716,299.0,0.5718301789347512,-0.445466105256651,-0.41740611539935046,0.5480349719339304,-4.9561891137944194e-05,0.0006890326389599422,-0.00034422844723626796,3.6963864681453063e-07,-0.0002582329680173475,5.786336274104657e-06
2,233,532.0,0.7792642140468228,299.0,0.5720572251278723,-0.44559720804632924,-0.4172993313793506,0.5477726969791538,-4.8425243066530504e-05,0.00036624142893830014,-0.0003151943194312163,1.0115610817601514e-06,-0.00027460493477938076,8.161878529960812e-06
2,234,533.0,0.782608695652174,299.0,0.572209162774875,-0.44564558926081893,-0.417278051425359,0.5475908242630704,-4.371374301751053e-05,2.298526046412232e-05,-0.0002743317225228849,1.636892652990095e-06,-0.0002910016505464567,1.047989068380836e-05
2,235,534.0,0.7859531772575251,299.0,0.572279323197898,-0.44560714859325995,-0.4173445671706237,0.5474980893579035,-3.554819333044352e-05,-0.0003407668027189091,-0.0002219292553790461,2.18886378350178e-06,-0.0003076880953349722,1.2636274429704974e-05
2,236,535.0,0.7892976588628763,299.0,0.5722610353523555,-0.4454777159885757,-0.4175012432887078,0.5475030813345735,-2.4376995102130852e-05,-0.0007253769218875969,-0.00015878422419925292,2.626696821307735e-06,-0.0003246980870294846,1.4550328792626512e-05
2,237,536.0,0.7926421404682275,299.0,0.5721476107096006,-0.4452529409012511,-0.4177508076041015,0.5476140914590273,-1.0897976107825521e-05,-0.0011312495306744312,-8.608562784022598e-05,2.988484609558679e-06,-0.00034190351661348957,1.615417689857946e-05
2,238,537.0,0.7959866220735786,299.0,0.5719323731263858,-0.44492826163344795,-0.41809651010083676,0.547838946258862,4.336598761893549e-06,-0.0015586289264412777,-5.351729070895224e-06,3.3602578695187765e-06,-0.0003589867057753562,1.735069337103845e-05
2,239,538.0,0.7993311036789298,299.0,0.5716088014972915,-0.44449882885556574,-0.4185421009436577,0.5481848950328604,2.1162910826128368e-05,-0.0020073623086604786,8.142201363313324e-05,3.820939495739124e-06,-0.0003752950282033841,1.806024507742824e-05
2,240,539.0,0.802675585284281,299.0,0.5711708166151581,-0.4439593926306818,-0.4190917060535536,0.5486584530054675,3.977727716170075e-05,-0.002476481093914746,0.00017185068268441746,4.449849898790497e-06,-0.00038989809250975475,1.8267210709134524e-05
2,241,540.0,0.8060200668896321,299.0,0.5706131264064005,-0.44330433037106626,-0.41974957040279703,0.5492651718380644,6.074977187481468e-05,-0.002963853709551995,0.00026348225961075476,5.307070644262883e-06,-0.00040205294097334104,1.8003784554385742e-05
2,242,541.0,0.8093645484949833,299.0,0.5699315612308397,-0.44252783500789533,-0.4205196270186004,0.5500094310835787,8.494235584725631e-05,-0.0034664198857687224,0.00035404134284744253,6.449865240211127e-06,-0.00041154737231113565,1.727328289617184e-05
2,243,542.0,0.8127090301003345,299.0,0.5691232790134637,-0.44162411665520174,-0.4214051029231889,0.5508943386917272,0.00011350991035673752,-0.003980854101157688,0.0004412910900895216,7.877342800225974e-06,-0.00041841147351140407,1.6110413020632845e-05
2,244,543.0,0.8160535117056856,299.0,0.5681868733850746,-0.4405873966984005,-0.42240834657894694,0.5519217443950382,0.00014762646927221778,-0.004503868443047001,0.0005231987386936565,9.404646589966348e-06,-0.00042255409670861194,1.4651800986210946e-05
2,245,544.0,0.8193979933110368,299.0,0.5671223156522156,-0.43941193489550784,-0.42353078195056776,0.5530923140740447,0.00018758043405003492,-0.005032061063932827,0.0005984523836812998,1.0718491672113377e-05,-0.00042393709158256064,1.3002479580131157e-05
2,246,545.0,0.822742474916388,299.0,0.5659305905133759,-0.4380924677553449,-0.4247729581516267,0.554405529614101,0.00023213853120027098,-0.005561982428411053,0.0006662964876354237,1.150951573448653e-05,-0.00042301586194217627,1.1269647995396853e-05
2,247,546.0,0.8260869565217391,299.0,0.5646132286528953,-0.4366247766990353,-0.42613483624807263,0.555859522583579,0.00027856831173675965,-0.006090752255838738,0.0007265181374033846,1.1582629931059142e-05,-0.00042048953645972584,9.657755674967692e-06
2,248,547.0,0.8294314381270903,299.0,0.5631717231105917,-0.43500607590295315,-0.4276162549944983,0.5574510418548846,0.0003232063337783283,-0.0066163641764133176,0.0007798969621458563,1.0892099128617497e-05,-0.00041670400713277934,8.238837038099872e-06
2,249,548.0,0.8327759197324415,299.0,0.5616068829432445,-0.43323524853025397,-0.4292172328361792,0.5591757300742115,0.00036218658938476784,-0.007137244185329206,0.0008275064939123876,9.473094097386313e-06,-0.0004114636453370431,6.709632344737206e-06
2,250,549.0,0.8361204013377926,299.0,0.5599186344155779,-0.4313128497907226,-0.4309380995666456,0.5610282564402426,0.00039183372236212803,-0.007651573742000424,0.0008688097019908104,7.482576168999494e-06,-0.000404567707855667,4.658058657377186e-06
2,251,550.0,0.8394648829431438,299.0,0.5581065884109712,-0.42924077901841917,-0.43277974237631817,0.5630018525358718,0.0004093033216053618,-0.008157283376819908,0.0009010944305762612,5.11636331269623e-06,-0.0003961836684726202,1.8986908357173575e-06
2,252,551.0,0.842809364548495,299.0,0.5561709157820651,-0.42702164982661595,-0.4347437883923781,0.5650878366572091,0.0004128336782920015,-0.008652512962410586,0.0009206042906720774,2.3935414336849196e-06,-0.00038663406640639656,-1.7262765575769659e-06
2,253,552.0,0.8461538461538461,299.0,0.5541128668694605,-0.4246582022556434,-0.43683259336767016,0.5672756198223746,0.00040090474689793624,-0.009135805545418534,0.0009226890610929963,-8.117059101644231e-07,-0.0003756206759722717,-6.483954411041815e-06
2,254,553.0,0.8494983277591973,299.0,0.5519350288143431,-0.4221529240716307,-0.4390494810456026,0.569552620080148,0.00037155769425437486,-0.009605331390383895,0.0009012570859283562,-4.66099910431246e-06,-0.0003624799763589397,-1.2459845587890905e-05
2,255,554.0,0.8528428093645485,299.0,0.5496417692772269,-0.41950795505384786,-0.4413990707008759,0.5719037177938513,0.0003222821074251,-0.01005843136083261,0.0008496647149615088,-9.352790649881269e-06,-0.00034655488902670854,-1.9491337313697323e-05
2,256,555.0,0.8561872909698997,299.0,0.5472395172657903,-0.4167253418071448,-0.44388732166771044,0.5743108449422397,0.00024987932064179523,-0.01049162497211601,0.0007619330347446544,-1.5058814420537005e-05,-0.00032811947342792846,-2.7352388878581594e-05
2,257,556.0,0.8595317725752508,299.0,0.5447366778127986,-0.41380759516694415,-0.44652136954197647,0.5767528873817346,0.0001506035647063158,-0.010901774313900906,0.0006330360392404849,-2.190163373844428e-05,-0.00030714172737137573,-3.572036091549943e-05
2,258,557.0,0.862876254180602,299.0,0.5421432393189357,-0.4107579383291187,-0.44930958855521896,0.5792059376241133,2.0391812004506398e-05,-0.011285701473115141,0.0004593597726309262,-3.015505298560744e-05,-0.00028367016894182475,-4.4147892717076344e-05
2,259,558.0,0.8662207357859532,299.0,0.5394703768898653,-0.4075807017876807,-0.4522613925807317,0.5816436340715505,-0.00014593599249330502,-0.011640289184292479,0.0002393106987938199,-4.010563720311944e-05,-0.0002570201505612436,-5.183625553177345e-05
2,260,559.0,0.8695652173913043,299.0,0.5367296861681001,-0.40428204270655976,-0.45538717825537983,0.5840374919933862,-0.00035482108836353563,-0.011961564372494102,-2.4966805203475993e-05,-5.170143809253896e-05,-0.00022828436663601873,-5.759122588771633e-05
2,261,560.0,0.8729096989966555,299.0,0.5339320903301918,-0.4008713618102888,-0.45869773131082786,0.5863574555773292,-0.0006124323409386198,-0.012246919830789134,-0.00032565558990952314,-6.462912309676381e-05,-0.00019855177413305387,-6.091240895088938e-05
2,262,561.0,0.8762541806020067,299.0,0.5310859704772586,-0.39736211751957745,-0.4622034187666357,0.5885737332042252,-0.0009236131208337184,-0.012495109548455466,-0.0006527188692054687,-7.839737799440981e-05,-0.00016941471054521343,-6.274274203556727e-05
2,263,562.0,0.8795986622073578,299.0,0.5281964807859547,-0.39377159050204974,-0.46591377891745184,0.5906579069293062,-0.0012911326288067605,-0.012706877936637048,-0.0010010545190842924,-9.22379838937196e-05,-0.00013921884395004752,-6.39090771819641e-05
2,264,563.0,0.882943143812709,299.0,0.5252669438558262,-0.39011861088957556,-0.46983845936090746,0.5925824241897438,-0.001714161690520554,-0.01288090149157469,-0.0013698186647242408,-0.00010537547902024773,-0.00010663367661667441,-6.395188130252271e-05
2,265,564.0,0.8862876254180602,299.0,0.5223012854794554,-0.3864222129932457,-0.4739864455176709,0.5943198551432508,-0.0021881055703566275,-0.013014193587345456,-0.001755817891709815,-0.00011727403461877851,-7.26659863979848e-05,-6.295926247568771e-05
2,266,565.0,0.8896321070234113,299.0,0.5193044526941303,-0.3827016906722567,-0.4783640377808664,0.5958440643268067,-0.0027059241359828775,-0.013105026070342685,-0.0021560435749602867,-0.0001274330709850332,-4.0786669542520404e-05,-6.317113005652316e-05
2,267,566.0,0.8929765886287625,299.0,0.5162826158331093,-0.3789755671773109,-0.48297448161298173,0.5971309994043069,-0.0032583245430468605,-0.0131560094072707,-0.0025782829916358198,-0.00013433784378257137,-1.1903640775684015e-05,-6.680656815163453e-05
2,268,567.0,0.8963210702341137,299.0,0.5132457211257938,-0.37525713485454093,-0.48782043754688226,0.5981572815775829,-0.0038282540305793035,-0.013170888958240425,-0.0030409155827070974,-0.00013564351282265157,1.868374825714994e-05,-7.1875368505876e-05
2,269,568.0,0.8996655518394648,299.0,0.5102117519709674,-0.3715494826084874,-0.49290382307913266,0.5988996340629205,-0.00438631688630922,-0.013147534272919145,-0.0035515569885049302,-0.00013086288376428876,5.250109166877996e-05,-7.394600823484449e-05
2,270,569.0,0.903010033444816,299.0,0.507207133051529,-0.36784666716872616,-0.49821844941452736,0.599339745629878,-0.004900548535152675,-0.013081907908333006,-0.004094294839386721,-0.00012211197106407455,8.559717324243652e-05,-7.349940773538012e-05
2,271,570.0,0.9063545150501672,299.0,0.5042605110228079,-0.36413957225607224,-0.5037444046180668,0.5994708368268835,-0.005350424527143767,-0.01297491144177964,-0.00465411748851623,-0.00011067271679169731,0.0001129509321231319,-7.467548824048904e-05
2,272,571.0,0.9096989966555183,299.0,0.5013995894477189,-0.3604173750949,-0.5094530390860991,0.5992957275421179,-0.005722627664776182,-0.012833722776625771,-0.005235758777394878,-9.413723115868885e-05,0.00013786995655362742,-7.755309766791787e-05
2,273,572.0,0.9130434782608695,299.0,0.49865404879180575,-0.35666265700063987,-0.5153143783568305,0.5988213265384749,-0.0059917310180577854,-0.012661385330934135,-0.005843852196544789,-6.96029150593286e-05,0.00016551549011780336,-7.61763375605194e-05
2,274,573.0,0.9163879598662207,299.0,0.496058616173221,-0.35284965953669617,-0.5212924379701094,0.5980611694046841,-0.006117771794315365,-0.012454490968287064,-0.006452324794913031,-3.8992522100963485e-05,0.00019305434007076347,-6.587001068691123e-05
2,275,574.0,0.919732441471572,299.0,0.49364801888430293,-0.34895070792219196,-0.5273339497921771,0.5970460146670936,-0.006071653144207826,-0.012213173043198394,-0.007010256045899947,-3.7382525988552124e-06,0.00021537155682311765,-4.7631055197294745e-05
2,276,575.0,0.9230769230769231,299.0,0.4914466875685698,-0.3449448329085171,-0.5333685383322825,0.5958281793892649,-0.00583349198651446,-0.011943958597169402,-0.007470873783457481,3.989347787592958e-05,0.00023704076483862401,-2.5202983632581233e-05
2,277,576.0,0.9264214046822743,299.0,0.4894667200742682,-0.34081763491204065,-0.5393142881228965,0.59447941076893,-0.005366329199812258,-0.011647657641121452,-0.007805913660026932,9.482691074487778e-05,0.0002662386016455288,-7.266835707748288e-06
2,278,577.0,0.9297658862876255,299.0,0.4877178291348887,-0.3365543255700238,-0.5450748920984347,0.5930901015577158,-0.004619433047967499,-0.011314859389064692,-0.008029763245190922,0.00016113554128299103,0.00030016567671848157,-1.8873738096011724e-06
2,279,578.0,0.9331103678929766,299.0,0.48622492374732923,-0.33212808202705046,-0.5505405985925336,0.5917611944849845,-0.0035411885226961253,-0.01093965229316637,-0.008196004737144122,0.00023424815280059406,0.0003264617945737445,1.5625200705319376e-06
2,280,579.0,0.9364548494983278,299.0,0.4850384279263153,-0.3274878021646687,-0.5555952313045215,0.5905958031091847,-0.002100963401115208,-0.01053157504994906,-0.008304410726909123,0.00030194913611378054,0.0003434114260521924,2.3533264305557312e-05
2,281,580.0,0.939799331103679,299.0,0.48420986905024294,-0.32257292216387407,-0.5601167133186365,0.5897090642091061,-0.00032884307734266764,-0.010102310767384111,-0.008253125166928936,0.00035645229851205524,0.00036547883974149956,5.854437478708051e-05
2,282,581.0,0.9431438127090301,299.0,0.4837507626986554,-0.3173556390413951,-0.5639786613248786,0.5892356645023487,0.0017035435724981668,-0.009645462217707759,-0.007970371361778528,0.0004109348988129877,0.0003927295220365444,7.922106521881772e-05
2,283,582.0,0.9464882943143813,299.0,0.483639731566438,-0.3118480197554442,-0.5670632258282494,0.5893069845042871,0.003988851582406405,-0.009154550315161642,-0.007524971894344087,0.0004727817264448513,0.0004218951277992774,8.026350418333682e-05
2,284,583.0,0.9498327759197325,299.0,0.48387389093730104,-0.30604639195174443,-0.5692638763377604,0.5900341549166731,0.006559423323359799,-0.008627181405411924,-0.007014106008714251,0.0005137198989176226,0.00043809760093800273,9.132566419257943e-05
2,285,584.0,0.9531772575250836,299.0,0.48448126053818685,-0.2999114877339545,-0.5704774223194612,0.5915120618615802,0.009309558325869912,-0.008079559404239201,-0.006387710311742466,0.0005215253811699963,0.00045404465236845084,0.00014449936415928473
2,286,585.0,0.9565217391304348,299.0,0.48545020226261487,-0.2934375595865941,-0.5706253896825799,0.5938174512637265,0.012072015013893352,-0.007512003588778994,-0.0054395624208134164,0.0005417869617160895,0.00047255514394613305,0.00022627060095286092
2,287,586.0,0.959866220735786,299.0,0.48667910210712173,-0.2867165870165018,-0.5696460197488378,0.5970263505801009,0.014903535871113337,-0.006921309658846525,-0.004036154255313552,0.0005916045232036523,0.0004958738666137654,0.0002786885624294665
2,288,587.0,0.9632107023411371,299.0,0.4880317105937923,-0.2798640962228543,-0.5674396017656854,0.6012598738801691,0.017945364950397634,-0.006301467325578765,-0.0023332554813443717,0.0006113855072298587,0.0005058601312501962,0.0002917633675154034
2,289,588.0,0.9665551839464883,299.0,0.48943401647103113,-0.2729160037632453,-0.5638828531734471,0.606636075846668,0.021046397571303336,-0.005669142161515541,-0.0005351908892347983,0.000591803437428064,0.0005048823831353258,0.00031755591345471016
2,290,589.0,0.9698996655518395,299.0,0.4908408222400536,-0.2658790696528346,-0.5589260598041145,0.6131763804062123,0.024014513450444693,-0.005038039182597255,0.0014105364913106053,0.0005830461491612206,0.0005044180922055408,0.00035328503782233885
2,291,590.0,0.9732441471571907,299.0,0.4921558049387169,-0.25881510895685234,-0.5525703716551189,0.6208569851967807,0.026908424756995404,-0.00440751656734121,0.0035399207919619715,0.0005850351606385982,0.0005167406022651781,0.00036736345157287013
2,292,591.0,0.9765886287625418,299.0,0.49327478811752656,-0.2517791111266437,-0.5447917543586135,0.6296738952183347,0.029786793575353868,-0.0037615908145095054,0.0057325360671503555,0.0005642851514900815,0.0005260868299343539,0.00035374793398949654
2,293,592.0,0.979933110367893,299.0,0.49413753733724836,-0.24478067272460832,-0.5355565888497825,0.6396011741272413,0.03254352897378195,-0.0031039822770905123,0.007837412919779917,0.000503883684935094,0.0005205759373383,0.0003082612525347707
2,294,593.0,0.9832775919732442,299.0,0.494713128191815,-0.23781196383836056,-0.524881666272662,0.6505410294881485,0.03498996579838207,-0.0024532623554175135,0.00968176282991926,0.0004258666695818466,0.0005144684285519884,0.00025279758513656325
2,295,594.0,0.9866220735785953,299.0,0.4949987202447193,-0.2308609044795867,-0.5128698617265148,0.6623020592380529,0.03704804337891677,-0.0018101768197284684,0.01120326957127434,0.00036912272284638924,0.0005176131128903155,0.0002186889429877687
2,296,595.0,0.9899665551839465,299.0,0.49500812729500576,-0.22392211192572997,-0.4996607568086593,0.6746591526731583,0.03883281724148438,-0.0011631604286160722,0.01249790495110159,0.0003337995999162412,0.0005169218288891088,0.00018821057915380533
2,297,596.0,0.9933110367892977,299.0,0.4947463428189314,-0.2169946794116769,-0.4853468713181381,0.6874429295417087,0.04045820289690976,-0.0005170081425049511,0.013574467105002729,0.00028379466931392674,0.0005000233832143883,0.00015037527376655444
2,298,597.0,0.9966555183946488,299.0,0.4942320438504223,-0.21005398146799267,-0.4699862789669347,0.7005176013861539,0.041856121660155565,0.0001080210865130717,0.014389095896240676,0.00021660002670403797,0.0004847784508679613,0.00013338064656455767
2,299,598.0,1.0,299.0,0.4934925737754835,-0.20307896777422924,-0.4536741060970412,0.7137253098991584,0.04294378544986341,0.0007139941500983075,0.015042433754463498,0.00021660002670403797,0.0004847784508679613,0.00013338064656455767
3,0,598.0,0.0,299.0,0.49349257377542954,-0.20307896777423282,-0.4536741060970714,0.7137253098991755,0.04294378544986342,0.0007139941500983355,0.015042433754463524,0.0002187044625251488,0.00048582272016600177,0.00013921327193685794
3,1,599.0,0.0033444816053511705,299.0,0.49251926951284497,-0.19609775672309604,-0.4365295287349201,0.7269198097695181,0.044069528014600165,0.0013212725503057173,0.015646515753010036,0.0001673470393185527,0.0004614014196469527,0.00012304674902629956
3,2,600.0,0.006688963210702341,299.0,0.4913071019724395,-0.18908751146881456,-0.41853473103346034,0.740062109331237,0.044968287448111065,0.0018980243248656655,0.016087062324653095,8.779560749307029e-05,0.0004562047864785374,8.864688385502661e-05
3,3,601.0,0.010033444816053512,299.0,0.48986288440642856,-0.18205638745860844,-0.3997901398570473,0.7530323204537535,0.04549887089225486,0.0024682803079632753,0.016274242032701496,1.8343750680004185e-05,0.00045139297808789166,1.9228856064352486e-05
3,4,602.0,0.013377926421404682,299.0,0.48822724772257614,-0.1750421772057976,-0.3804579914081006,0.7656671029072504,0.045711097076172054,0.003032521530573699,0.016033473073286304,-6.745018452962369e-05,0.00043752205610502945,-1.3395886115682515e-05
3,5,603.0,0.016722408026755852,299.0,0.4865230454837468,-0.16804359918780695,-0.36070460164356877,0.7777845897907147,0.04551971056316402,0.003579424100705139,0.015550636399094675,-0.00013845030299135459,0.0004092956975154099,-5.1449012982718675e-05
3,6,604.0,0.020066889632107024,299.0,0.4848043901812479,-0.16111880642684248,-0.34072203412141544,0.7892489667057512,0.04499444768435521,0.004091043722598811,0.01480458569291528,-0.0001965738998758652,0.00040203321515534996,-0.00016762934846265685
3,7,605.0,0.023411371237458192,299.0,0.48314698585350785,-0.15430372068554582,-0.3206874069210321,0.7999493379923032,0.04419328253563228,0.004593585241542781,0.013414209241594212,-0.00029174496864572144,0.0003630354396331998,-0.000277642644275557
3,8,606.0,0.026755852842809364,299.0,0.48179781094075236,-0.14757505191851727,-0.3007820271064232,0.809705286393373,0.0429194181701202,0.005047379541084891,0.011416979063453172,-0.00035812217762872927,0.00032322794987484587,-0.0003022336659830921
3,9,607.0,0.030100334448160536,299.0,0.4809813557088624,-0.14095996178335177,-0.2812741514729354,0.818334944157882,0.041301682100097416,0.005451414478428424,0.009255917751477709,-0.0003473796940395687,0.0002647233012758554,-0.0003547877413510861
3,10,608.0,0.033444816053511704,299.0,0.48076226366438024,-0.13452795690667235,-0.26234887609851976,0.8257983692767339,0.03971615828814153,0.005782318605023859,0.006806522167127052,-0.00030935812651573997,0.00024638411453578916,-0.00044069984782159734
3,11,609.0,0.03678929765886288,299.0,0.48128218942678774,-0.12823386601098546,-0.24404923068291973,0.8320838339998639,0.03828744004988194,0.006090298748192759,0.00391406914930305,-0.0003425525457922246,0.0001919930406032489,-0.0004687046801823411
3,12,610.0,0.04013377926421405,299.0,0.48276037124971677,-0.12200782370413046,-0.22635831551239918,0.8371489904682565,0.03664619115092293,0.006330290048947868,0.0008710043910303206,-0.0003830344288591267,0.00016169609786550863,-0.00041185323889375434
3,13,611.0,0.043478260869565216,299.0,0.48526415788505145,-0.11588968576535555,-0.20939983563359457,0.8409756185983126,0.03474756002363999,0.006532410171278344,-0.001884205291982735,-0.00033416656822678745,0.00011871120984701227,-0.00034173676498838203
3,14,612.0,0.046822742474916385,299.0,0.4886776057365726,-0.10999048355752845,-0.19328114650945863,0.8436460712926704,0.033039800845001945,0.006680799183586274,-0.00427384536426496,-0.00029320541668554126,8.890473333532607e-05,-0.00034635985326047033
3,15,613.0,0.05016722408026756,299.0,0.4928723522392927,-0.10430706596169237,-0.17791970571625296,0.8453055422721335,0.03148812218894432,0.006791930100255501,-0.0066678399502256925,-0.0003193099887345644,3.740820032048022e-05,-0.0003299186516339701
3,16,614.0,0.05351170568561873,299.0,0.4978700656108031,-0.09881085057515118,-0.1632617334398921,0.8459949296679907,0.02975571970923464,0.006838690350656256,-0.008959029101781516,-0.0003595345686513486,4.503364625274043e-06,-0.00023706044088750363
3,17,615.0,0.056856187290969896,299.0,0.5036248029473339,-0.09355274167683483,-0.1493952983461246,0.845748774469466,0.027774246338269592,0.00684431955643755,-0.010754802819911246,-0.00036255634444568106,-2.7476627406971258e-05,-0.0001942438154501444
3,18,616.0,0.06020066889632107,299.0,0.5099241272549362,-0.08863904098904783,-0.13641293133568605,0.8446964065983621,0.025740636686018926,0.0068099737721797685,-0.012296309283780255,-0.0002941061407028831,-5.338234978695492e-05,-0.00021635153338663801
3,19,617.0,0.06354515050167224,299.0,0.5166676788558853,-0.08410428041985597,-0.12433586655023261,0.8429244176283059,0.02401889245789694,0.006743245834946226,-0.013903945030387803,-0.0002309140654071947,-9.724808189459086e-05,-0.00020738623757590334
3,20,618.0,0.06688963210702341,299.0,0.523903998371878,-0.07986860074721437,-0.11304319926388125,0.8404563304790259,0.022583045522128035,0.006621685732577595,-0.015426771950266512,-0.0002788858939021493,-0.00013131765368381036,-0.00017019766228984045
3,21,619.0,0.07023411371237458,299.0,0.5316107598825135,-0.07585582786565401,-0.1024238227711419,0.8373441684206645,0.020882153973240444,0.006457538665472482,-0.01672637982141513,-0.00029881126853780447,-0.00016176845851875436,-0.0001552897473187104
3,22,620.0,0.07357859531772576,299.0,0.5396857541062737,-0.07214517519864744,-0.09258960793793106,0.8336435269788298,0.019064061813651258,0.006255328092324865,-0.01790737262544332,-0.00020808091324235535,-0.00019215776082738307,-0.00013148154193512142
3,23,621.0,0.07692307692307693,299.0,0.5480781716493867,-0.06877279157716973,-0.08359320209166733,0.8293930324090896,0.017687607764444422,0.006015130891291047,-0.018922536271549883,-0.00014997541127801962,-0.00023819371490113765,-8.539036049726463e-05
3,24,622.0,0.0802675585284281,299.0,0.5567362067306587,-0.06562326528957459,-0.07525336632243468,0.8246667912476816,0.0165962644765828,0.005717388747664363,-0.01966866929392173,-0.00014554139129213057,-0.00027129336707390283,-1.8273436606661465e-05
3,25,623.0,0.08361204013377926,299.0,0.5655573111565241,-0.06261518372168344,-0.06745768221160112,0.8195570323776724,0.015531196343425138,0.00537827203882122,-0.02004469857232501,-0.00010629991454857761,-0.00028741138951521235,5.921389058252298e-05
3,26,624.0,0.08695652173913043,299.0,0.5743910955104479,-0.059745929401263574,-0.060194559124044526,0.8141756017018235,0.014676279609186375,0.005019007801927323,-0.019999222256827202,-7.657332326827178e-05,-0.0002983914412079024,0.00013297002559584852
3,27,625.0,0.0903010033444816,299.0,0.5830757948688128,-0.056967511763615454,-0.053371386219660866,0.8086586538174078,0.01399228463412494,0.004646018500418746,-0.019555353697148146,-7.577401909326886e-05,-0.00031909247924750804,0.00017917176981257672
3,28,626.0,0.09364548494983277,299.0,0.59146120873801,-0.05424070057311137,-0.046912574552103195,0.8031380947646715,0.013340850741106067,0.004247152901359682,-0.018854519656328037,-4.293951948486491e-05,-0.00033217355609075375,0.00021583764300740172
3,29,627.0,0.09698996655518395,299.0,0.5994530724569861,-0.0515549930137943,-0.04080753588222155,0.7977047352038846,0.01288591941624125,0.0038319359562451025,-0.01794531356740912,-6.560145863841221e-06,-0.00032546374781416645,0.00026401970160730946
3,30,628.0,0.10033444816053512,299.0,0.6069831242999773,-0.04885178237495486,-0.0349795661120074,0.7924401690846479,0.012646823605040353,0.0034251062714768478,-0.01677335028104174,-5.770394468015673e-06,-0.000312731244916856,0.0002856351049069768
3,31,629.0,0.10367892976588629,299.0,0.6139633726208363,-0.046074597987536804,-0.029336979448348545,0.7874423477584878,0.012445620087489263,0.0030341922153312353,-0.015475124859497745,-1.0386635080154415e-05,-0.00030744296214206866,0.00028316484746107004
3,32,630.0,0.10702341137123746,299.0,0.6203563967569892,-0.0432193732783049,-0.023860551088878863,0.7827647806280525,0.012252823351201711,0.0026498885126539965,-0.014172587772447433,-1.4842861354985643e-05,-0.0003161544268388285,0.0002935086817214311
3,33,631.0,0.11036789297658862,299.0,0.6261718425272386,-0.04028496097153343,-0.018548350837952865,0.7784227033484079,0.012065941747179981,0.00225469547910533,-0.012802450148191525,-3.6788091249151234e-05,-0.0003103121135471091,0.0003165602657271193
3,34,632.0,0.11371237458193979,299.0,0.6313939591984715,-0.03726456089165349,-0.013403447248929399,0.7744503659521925,0.011795404325847974,0.0018668053371706942,-0.0113012639674467,-4.7574693533368364e-05,-0.00029762448947578886,0.00032801763399627264
3,35,633.0,0.11705685618729098,299.0,0.6359809913998031,-0.03418669894338553,-0.008456795889678785,0.7709007274714683,0.011494239079584726,0.001494774725326259,-0.009727234958476655,-3.722604339400867e-05,-0.0002795859904446637,0.00031765873419560634
3,36,634.0,0.12040133779264214,299.0,0.6399149128007975,-0.031065722421844622,-0.0037170870704807558,0.7678085760813135,0.011264488898837416,0.0011452922372711112,-0.00819048497732256,-4.485635657981738e-05,-0.00027693275268117197,0.0003015528769328396
3,37,635.0,0.12374581939799331,299.0,0.6432207257116237,-0.02788529295812813,0.0008466754930304016,0.765172394076493,0.011012065375263877,0.0007991262964198649,-0.006721424299219753,-7.665279165637619e-05,-0.000273645390091977,0.00029280921778755226
3,38,636.0,0.12709030100334448,299.0,0.6459319961217782,-0.024651718789609322,0.005222984423861076,0.762978944933409,0.010612687699433104,0.00045706955880425336,-0.005283778220615422,-9.711842842841198e-05,-0.00026577143644667143,0.0002829222801245118
3,39,637.0,0.13043478260869565,299.0,0.6480659412397672,-0.021411932539156655,0.009353987639847662,0.7612257013004347,0.010119850533163003,0.00012485526324563503,-0.0038837189588162998,-9.840490447311603e-05,-0.0002528471210998514,0.0002543338967749733
3,40,638.0,0.13377926421404682,299.0,0.6496423663285806,-0.018198154259934495,0.013204454683680053,0.7599074060338004,0.00962637105908793,-0.00019120363812884995,-0.0026158400334975714,-0.00010370524854725015,-0.00024942131347122386,0.00021419502709843255
3,41,639.0,0.13712374581939799,299.0,0.650717029694243,-0.015015713681629102,0.016775942110309746,0.7589864581173892,0.009109345319653734,-0.0005029802799674614,-0.001539343115945402,-0.00011865266931626717,-0.0002494366939219499,0.000181955140619667
3,42,640.0,0.14046822742474915,299.0,0.6513668453610326,-0.011873795551182556,0.02005747963721427,0.7584048677317289,0.008518404934767227,-0.0008147761473702076,-0.0006158219891581878,-0.00013626691647922228,-0.0002428621128945503,0.00015604927634195394
3,43,641.0,0.14381270903010032,299.0,0.6516531166407857,-0.008796603323669001,0.023018470703437807,0.7581167360351672,0.0078385757736299,-0.0011183537884889038,0.00018524616730412996,-0.00015057184609152194,-0.0002258290522842537,0.0001267668363703266
3,44,642.0,0.14715719063545152,299.0,0.6516251357994798,-0.0058164725636307086,0.025625986542468858,0.7580858526833173,0.00708509498569418,-0.0014006401038442295,0.0008453792883745275,-0.0001581399004749001,-0.00020763733316156327,9.419601631081978e-05
3,45,643.0,0.1505016722408027,299.0,0.6513389461312636,-0.0029662927958548106,0.027857479833182857,0.7582695691969829,0.006290843312350233,-0.0016601867702957947,0.0013461305944357494,-0.00016474848154545476,-0.00019079329628826912,6.691604086942295e-05
3,46,644.0,0.15384615384615385,299.0,0.6508574426746007,-0.00026936127548977013,0.02970372461799984,0.7586186170248321,0.0054603964226200685,-0.001898678390655995,0.0017120428485731486,-0.00017386940291115558,-0.0001709882857111104,4.6295293535337174e-05
3,47,645.0,0.15719063545150502,299.0,0.6502340266331276,0.002253219330380109,0.031157112706985256,0.7590914757289734,0.004581297570307219,-0.0021124137477951193,0.001974621920142299,-0.00018048266510914087,-0.00014464099951838798,2.650037168350667e-05
3,48,646.0,0.1605351170568562,299.0,0.6495099296834106,0.004575185344453636,0.03220680278344873,0.7596569234419839,0.0036663706183719365,-0.0022932149971932963,0.0021361565813469655,-0.00018098108202890608,-0.00011768585440801725,5.296404018814309e-06
3,49,647.0,0.16387959866220736,299.0,0.6487252100261487,0.006671269757844243,0.03284968081193021,0.760284154197554,0.0027467691912689634,-0.00244032231520313,0.002187861904992424,-0.00017844877245406596,-9.453442447497385e-05,-1.4412822059865767e-05
3,50,648.0,0.16722408026755853,299.0,0.6479229491157551,0.008525806782092657,0.033094920891311504,0.760938821125891,0.0018385080661088994,-0.0025584903457965226,0.002135906782145661,-0.00017588379814875677,-7.61053392582545e-05,-2.9768552269334912e-05
3,51,649.0,0.1705685618729097,299.0,0.6471436280864583,0.010130167278072925,0.03295639963375641,0.7615880648766903,0.0009426949728611216,-0.002653622019869145,0.0020011754788113014,-0.00017273830474014238,-5.870942253386659e-05,-4.214462664888346e-05
3,52,650.0,0.17391304347826086,299.0,0.6464195793018549,0.011478640160342316,0.03244654987373612,0.7622054775398875,6.307237705081019e-05,-0.0027270087980364676,0.001797957077723299,-0.0001691096319304567,-4.12929452116145e-05,-5.175143315078318e-05
3,53,651.0,0.17725752508361203,299.0,0.6457773897582002,0.012567449181941819,0.0315788289628163,0.7627689032806211,-0.000797184838047649,-0.002778624979550973,0.001539715906258834,-0.00016473553335694398,-2.4473441432330672e-05,-5.684812110848925e-05
3,54,652.0,0.1806020066889632,299.0,0.645238182521101,0.013394065516533549,0.030367891438475327,0.7632601641467974,-0.001633697306259267,-0.002809216781341328,0.001248829949713452,-0.0001582174391168004,-9.459837900120798e-06,-5.8417610121708716e-05
3,55,653.0,0.18394648829431437,299.0,0.644814210048774,0.013958026759530088,0.028829707661755962,0.7636678965945637,-0.002435309218486901,-0.002821041578716458,0.000942973447667778,-0.00014877315591636808,5.042542886171215e-06,-5.779567864769842e-05
3,56,654.0,0.18729096989966554,299.0,0.6445106208341418,0.014263602022047137,0.026983666822287426,0.7639859236963656,-0.003187155671305848,-0.0028147384001088343,0.0006333844736407285,-0.00013655191281043415,2.1180227817984005e-05,-5.453739730837677e-05
3,57,655.0,0.19063545150501673,299.0,0.6443278898145957,0.014320246913282843,0.02485455339223266,0.7642111966331236,-0.0038752639430944414,-0.0027882631153365416,0.0003337843152188962,-0.00012206857817261903,3.9120561801702366e-05,-4.850310407249231e-05
3,58,656.0,0.1939799331103679,299.0,0.6442609022793415,0.014141294693863977,0.02247305656860711,0.7643447367216607,-0.004488399067832283,-0.0027393624130845917,5.8853053569174575e-05,-0.0001046401137788637,5.745881307375227e-05,-3.98362174972644e-05
3,59,657.0,0.19732441471571907,299.0,0.6442987000014089,0.013742966144378614,0.01987479152794001,0.7643921179991976,-0.005012083350735884,-0.002667538896742517,-0.00017721403582564706,-8.315763310483236e-05,7.538979039185828e-05,-2.901214288827e-05
3,60,658.0,0.20066889632107024,299.0,0.6444247802797104,0.013146033906685492,0.017100988346657388,0.7643634225998595,-0.0054264533320413895,-0.002573301658752784,-0.0003623845503660894,-5.850292559430081e-05,9.262533754590464e-05,-1.8604806969422176e-05
3,61,659.0,0.2040133779264214,299.0,0.6446180317947159,0.012377875325817191,0.014200256360494637,0.764272683744299,-0.0057161703595147205,-0.002457519986820465,-0.0004973003539479384,-3.3184240571736935e-05,0.00010826351388378961,-1.1093260371086096e-05
3,62,660.0,0.20735785953177258,299.0,0.6448577541502495,0.011471020045550308,0.011226832459965712,0.7641340535419933,-0.005878425135363265,-0.0023221905944657514,-0.0005949095604772151,-9.110041101414763e-06,0.00012111796083147661,-5.420591941371116e-06
3,63,661.0,0.21070234113712374,299.0,0.6451285514212882,0.010459482895882293,0.008235499268461738,0.7639580673423216,-0.005919830806186754,-0.002170793143426411,-0.0006629651121948622,1.3529021153921927e-05,0.00013040751049935188,6.90524392559145e-07
3,64,662.0,0.2140468227424749,299.0,0.6454184460884779,0.009376373756662117,0.005277458386369937,0.7637534039547427,-0.005847868219296657,-0.0020077837553022057,-0.0006980647864114525,3.540556202246779e-05,0.00013593882561158338,6.961730916287187e-06
3,65,663.0,0.21739130434782608,299.0,0.6457146105808768,0.008254053027680345,0.0023996151770384515,0.7635304542181178,-0.00566663578347795,-0.001837860223287684,-0.0006984799663849292,5.640192931946681e-05,0.0001379093672859569,1.1503067307870398e-05
3,66,664.0,0.22073578595317725,299.0,0.6460039530637045,0.007125295940789615,-0.0003541999365944074,0.7633007255177562,-0.005380775081779172,-0.0016654735141801889,-0.0006722081169997086,7.50224215678886e-05,0.0001372756854094883,1.3930278278858877e-05
3,67,665.0,0.22408026755852842,299.0,0.646276777550972,0.006023015398235671,-0.0029433262007216147,0.7630736446076529,-0.005002304368755657,-0.0014938789074182928,-0.0006294413689980435,9.000760288983511e-05,0.00013538382254272617,1.5876624547002865e-05
3,68,666.0,0.22742474916387959,299.0,0.646527564517618,0.00497745534762157,-0.0053327106473626965,0.7628557502036263,-0.004549445426784646,-0.001324649129239856,-0.000572476784809895,0.00010197688584066029,0.00013308509991744364,1.853902294537646e-05
3,69,667.0,0.23076923076923078,299.0,0.6467518722650958,0.004013555677991564,-0.007494765064812238,0.7626530900539722,-0.00403728600072703,-0.001158292754343019,-0.000497860940628831,0.00011207687807623321,0.0001306543559660866,2.102577078259567e-05
3,70,668.0,0.23411371237458195,299.0,0.6469440348481516,0.0031515396484657525,-0.009407836110763445,0.7624729348574466,-0.0034751716018887728,-0.0009949748093853856,-0.0004067611677293488,0.0001198602953807422,0.00012834127586080845,2.1971751015220733e-05
3,71,669.0,0.23745819397993312,299.0,0.6470988326766615,0.0024086481218299756,-0.011053887334848097,0.7623221831616958,-0.0028746559721973468,-0.0008345482145593698,-0.0003072755378522188,0.00012392292365558395,0.0001265019163832763,2.1536940604742615e-05
3,72,670.0,0.2408026755852843,299.0,0.6472140712288257,0.0017983479643146627,-0.012419228845214958,0.762205008444807,-0.0022542720448993714,-0.0006764208190802781,-0.00020678795132197532,0.00012383037813141787,0.00012513774669543074,2.0659652972530104e-05
3,73,671.0,0.24414715719063546,299.0,0.6472902536885609,0.001327918272711492,-0.013497037247904011,0.7621229522076475,-0.0016347005270024527,-0.0005199986357109843,-0.00010806419625367172,0.00012035460796511215,0.0001237426873570323,1.9315651002435157e-05
3,74,672.0,0.24749163879598662,299.0,0.6473287699044897,0.0009977356968755105,-0.014288176835197583,0.7620763192430117,-0.0010327589029431442,-0.0003653202765146862,-1.4036070303341815e-05,0.00011428698308525362,0.00012172119636713931,1.6768435294993314e-05
3,75,673.0,0.2508361204013378,299.0,0.647331926399152,0.0008027695338212065,-0.014799929376211204,0.7620641015505454,-0.0004613085984594365,-0.00021316878105577064,6.867423586421615e-05,0.00010585777064412042,0.0001188068554045752,1.3054738907092169e-05
3,76,674.0,0.25418060200668896,299.0,0.6473043457614631,0.0007341755733648304,-0.01504472529015535,0.7620828047650966,6.793633869368721e-05,-6.466021180007556e-05,0.00013365291642156293,9.518112690343585e-05,0.00011503479651960179,9.142348110537183e-06
3,77,675.0,0.25752508361204013,299.0,0.6472529049731935,0.0007797961496904734,-0.015039815161326272,0.7621265465673647,0.0005438160454318693,7.913328384941097e-05,0.00017937784471303402,8.272196526032058e-05,0.00011052734977728635,5.7748424502601245e-06
3,78,676.0,0.2608695652173913,299.0,0.6471849066691928,0.0009242856831026148,-0.014807046527797142,0.7621886864276417,0.0009574684522481009,0.0002172924710710263,0.00020812297461829184,6.92489945049003e-05,0.00010542991102320093,2.8556892814150737e-06
3,79,677.0,0.26421404682274247,299.0,0.6471066769422447,0.0011497653520376539,-0.014371940847928965,0.7622631265270566,0.0013038490916277173,0.00034907985985004427,0.00022177728371526527,5.5477697957071795e-05,9.994590497470614e-05,-1.7830312036796582e-08
3,80,678.0,0.26755852842809363,299.0,0.6470237582024163,0.001436990753097349,-0.01376218103230093,0.7623442751129841,0.0015814698344796948,0.00047401224106842927,0.00022032269310445576,4.1853781469312655e-05,9.425521538020744e-05,-2.845424512555977e-06
3,81,679.0,0.2709030100334448,299.0,0.646941678412283,0.0017664181774812418,-0.013006173819605994,0.7624265105506606,0.001791052049045544,0.0005918312602936734,0.0002038466610796283,2.866251432290652e-05,8.836832738873405e-05,-5.230147162585416e-06
3,82,680.0,0.27424749163879597,299.0,0.646865945138811,0.0021188308871789327,-0.012132135201163893,0.7625042760014135,0.0019347265488548998,0.000702291669529578,0.00017451592556646319,1.6198495800133597e-05,8.21053805976121e-05,-6.840113521075968e-06
3,83,681.0,0.27759197324414714,299.0,0.6468012760452746,0.0024757752283535864,-0.011167550870804835,0.7625727937042261,0.0020160867104535773,0.0008049233952765994,0.00013623913625375063,4.7417489917998e-06,7.526395920771361e-05,-7.69348989005672e-06
3,84,682.0,0.2809364548494983,299.0,0.6467509462442046,0.0028201103565371733,-0.010138693940432127,0.7626286563192958,0.002040124441243908,0.0008990033442862602,9.290330532401686e-05,-5.540631190385451e-06,6.776997935878554e-05,-8.019938853387793e-06
3,85,683.0,0.2842809364548495,299.0,0.6467167990475053,0.00313656092782734,-0.009070174539015792,0.7626698340658876,0.0020126718466850933,0.000983715818484752,4.7301376833800485e-05,-1.4607033493442878e-05,5.9666457174956354e-05,-7.89161532187246e-06
3,86,684.0,0.28762541806020064,299.0,0.6466996603121197,0.0034120335434597434,-0.007984648433069579,0.7626953210924251,0.0019397762726340434,0.001058298889953437,1.903608971007123e-06,-2.2401406667659933e-05,5.0999793391229306e-05,-7.2184209272752175e-06
3,87,685.0,0.2909698996655518,299.0,0.6466994554509907,0.003635670338663101,-0.00690271711995361,0.7627050208075258,0.0018277752837245996,0.001122048631692452,-4.0347084277089625e-05,-2.8787425065335974e-05,4.179366745679253e-05,-6.04080065831161e-06
3,88,686.0,0.29431438127090304,299.0,0.6467150199453713,0.003798922047186522,-0.0058427991983072995,0.7626998839054339,0.0016837023471798006,0.0011742907160134262,-7.670364431820156e-05,-3.366643980365775e-05,3.2147047172988696e-05,-4.541894922647666e-06
3,89,687.0,0.2976588628762542,299.0,0.6467441622002136,0.0038957662115218184,-0.0048208550880928435,0.7626818281940487,0.0015150999359894936,0.0012144745249796545,-0.00010534458624694982,-3.7045550518476585e-05,2.232812565538885e-05,-2.9034334037470405e-06
3,90,688.0,0.3010033444816054,299.0,0.6467840048484559,0.0039228304860939615,-0.0038501510157322345,0.7626534198692699,0.0013294883738866467,0.0012423846820488822,-0.00012538190572717898,-3.898754919433285e-05,1.2714751658302483e-05,-1.2579249001984426e-06
3,91,689.0,0.30434782608695654,299.0,0.6468313313564299,0.003879261675502463,-0.0029411569184123513,0.7626175514126363,0.001134083315289628,0.0012582781216217422,-0.00013662674291287902,-3.957031175258601e-05,3.623035576796739e-06,3.286945884532071e-07
3,92,690.0,0.3076923076923077,299.0,0.6468828455122103,0.0037664490299750076,-0.0021015081766360415,0.7625771972241776,0.0009357160179294731,0.0012628069160927143,-0.0001392642551386732,-3.891342316284434e-05,-4.810206026720241e-06,1.8006060447281297e-06
3,93,691.0,0.3110367892976589,299.0,0.6469353088101373,0.0035877496500610903,-0.0013360234226885684,0.7625352774338648,0.0007406213150353795,0.0012567941585592975,-0.00013380612425523673,-3.7203897614415416e-05,-1.259626280349343e-05,3.061137754518658e-06
3,94,692.0,0.31438127090301005,299.0,0.646985662197401,0.003348230191637982,-0.0006468758974615317,0.7624945402124587,0.0005540973307623057,0.0012410488300549298,-0.00012129287869865511,-3.4664760898724716e-05,-1.9782321603586974e-05,4.010273877789141e-06
3,95,693.0,0.3177257525083612,299.0,0.647031227987553,0.0030543687014725307,-3.395424350580418e-05,0.7624573822516291,0.00038032193828382995,0.0012163209280504595,-0.00010330451338264476,-3.151886216099117e-05,-2.6393908091810345e-05,4.619322027974502e-06
3,96,694.0,0.3210702341137124,299.0,0.6470699182577063,0.0027137135040483005,0.0005046919368240887,0.7624256698359302,0.00022235067484411094,0.0011833285429357168,-8.159569964213926e-05,-2.796377290496869e-05,-3.24633045601465e-05,4.906077089181249e-06
3,97,695.0,0.32441471571906355,299.0,0.6471003054976913,0.0023345306301123677,0.0009724136115419989,0.7624006814842588,8.224214676594109e-05,0.001142749412235557,-5.785466720130403e-05,-2.4189070856985483e-05,-3.8078695575197724e-05,4.849704932833392e-06
3,98,696.0,0.3277591973244147,299.0,0.6471216016708226,0.0019254951319621592,0.0013735684407679824,0.7623831310951237,-3.890154880858128e-05,0.0010951510427665877,-3.388809604333992e-05,-2.0345903082304998e-05,-4.335765145875936e-05,4.464847320838621e-06
3,99,697.0,0.3311036789297659,299.0,0.6471337076245417,0.0014954222320745232,0.0017131198470244165,0.7623731327596139,-0.00014074240327958945,0.0010409539784431727,-1.1436053693264057e-05,-1.655687789229195e-05,-4.837179049777365e-05,3.816109066899414e-06
3,100,698.0,0.33444816053511706,299.0,0.6471371912281542,0.0010530749991978492,0.001996297236410946,0.7623702261548547,-0.00022356250628934377,0.000980489240320992,8.084010211812801e-06,-1.2926122542237162e-05,-5.30875141287567e-05,2.9736450983144314e-06
3,101,699.0,0.3377926421404682,299.0,0.6471331669483696,0.0006069972438465031,0.0022283295424348044,0.7623734849091133,-0.00028816933858480604,0.0009141298476600774,2.360983934079223e-05,-9.524300088893466e-06,-5.739201936966885e-05,2.0466883652309057e-06
3,102,700.0,0.3411371237458194,299.0,0.6471231617950313,0.00016532734731272805,0.002414257651515697,0.7623816351574294,-0.0003357260882755748,0.0008423898234480113,3.463355674098479e-05,-6.402268564945646e-06,-6.116034918919547e-05,1.1222138254574688e-06
3,103,701.0,0.34448160535117056,299.0,0.6471089040575543,-0.000264370178711688,0.0025588438139432634,0.7623932376504353,-0.00036764990222778034,0.0007659393869615244,4.1093065692192986e-05,-3.5990790225507954e-06,-6.430511904621752e-05,2.644890401726451e-07
3,104,702.0,0.34782608695652173,299.0,0.6470921524311104,-0.0006752458354095155,0.0026665252085304797,0.762406833664201,-0.0003855508696997612,0.0006855579881537498,4.326030589958812e-05,-1.1444619915338231e-06,-6.677260709357612e-05,-4.4540382031522516e-07
3,105,703.0,0.3511705685618729,299.0,0.6470745670587461,-0.0010612686151266976,0.0027413758924731565,0.7624210538008565,-0.0003911842054656186,0.0006020922292867688,4.1826240591227275e-05,9.493141263195769e-07,-6.852248843123485e-05,-9.814894428253636e-07
3,106,704.0,0.35451505016722407,299.0,0.6470575477550147,-0.001417297779796147,0.0027870736551464325,0.7624347535430117,-0.0003863620845017714,0.0005164391187477069,3.7625380707269434e-05,2.687031878648666e-06,-6.952620795914885e-05,-1.3471117368509193e-06
3,107,705.0,0.35785953177257523,299.0,0.6470421770716883,-0.0017391200857586756,0.002806895146718114,0.7624470590871064,-0.00037286863165099973,0.00042953135879874617,3.148841929571117e-05,4.0802863204554344e-06,-6.97907415151086e-05,-1.5293054721230826e-06
3,108,706.0,0.3612040133779264,299.0,0.6470292196405973,-0.0020234541453384306,0.002803738570816332,0.7624573651219161,-0.00035242662464514385,0.00034229293190483185,2.4322367839996803e-05,5.149195122766775e-06,-6.937495496490443e-05,-1.5664916037971356e-06
3,109,707.0,0.36454849498327757,299.0,0.647019091276988,-0.002267927030235325,0.0027801447204941158,0.7624653584511608,-0.00032665567304967743,0.0002555742381986732,1.68518090938281e-05,5.919018653697869e-06,-6.837500172687641e-05,-1.503927055722305e-06
3,110,708.0,0.36789297658862874,299.0,0.6470119271989307,-0.002471013034398424,0.0027383126588431807,0.7624709580144711,-0.000297047658780204,0.00017010548604005422,9.582628518648526e-06,6.418191028801204e-06,-6.688861120809889e-05,-1.349788134857778e-06
3,111,709.0,0.3712374581939799,299.0,0.647007664572833,-0.0026319468125052836,0.0026801094915309344,0.762474243416894,-0.0002649518126831258,8.649472202991446e-05,2.985277096770453e-06,6.682675198473401e-06,-6.498504714759845e-05,-1.1293443808917016e-06
3,112,710.0,0.3745819397993311,299.0,0.6470060556164341,-0.0027506307114453996,0.002607085302366214,0.7624754429912101,-0.0002315376610512752,5.263413095408521e-06,-2.5926926567919006e-06,6.747342652450803e-06,-6.269744518670479e-05,-8.671666713561182e-07
3,113,711.0,0.3779264214046823,299.0,0.6470067144156706,-0.00282754381822953,0.0025205135595281823,0.7624748937218164,-0.00019780098768669568,-7.310839338797212e-05,-6.9248684469711255e-06,6.6353499590179405e-06,-6.0031316160202234e-05,-5.953930401205385e-07
3,114,712.0,0.38127090301003347,299.0,0.6470091633292179,-0.0028636701556024272,0.002421443801742972,0.7624730019074505,-0.00016462271811510456,-0.00014814753858821664,-9.945214893517205e-06,6.371838150520464e-06,-5.697436049230436e-05,-3.4281935133447184e-07
3,115,713.0,0.38461538461538464,299.0,0.6470128944913703,-0.0028604591329780484,0.0023107429511113387,0.7624701913441554,-0.00013275910647602158,-0.00021936548920358144,-1.1732475721246e-05,5.989047725084812e-06,-5.350052745461631e-05,-1.0704173195309274e-07
3,116,714.0,0.3879598662207358,299.0,0.6470174255712828,-0.002819791268310835,0.002189147571948826,0.7624668566693809,-0.00010280614624653428,-0.0002862411485218301,-1.2355051733974653e-05,5.509983020164598e-06,-4.9572715505402464e-05,1.0200482972828718e-07
3,117,715.0,0.391304347826087,299.0,0.6470222966044715,-0.0027439387489803365,0.0020573354829620115,0.7624633669748833,-7.524562139058785e-05,-0.00034820704290355734,-1.1933309137375745e-05,4.961519038832493e-06,-4.5151803650637745e-05,2.6623229342618577e-07
3,118,716.0,0.39464882943143814,299.0,0.6470270906379391,-0.00263554622151866,0.001915984203868886,0.7624600494397138,-5.0425560416933745e-05,-0.0004046467974668269,-1.0680750875199448e-05,4.3677305554618995e-06,-4.021043975039873e-05,3.7287347346600966e-07
3,119,717.0,0.3979933110367893,299.0,0.6470314701976886,-0.0024976062429125753,0.0017658376326602854,0.7624571597495127,-2.8573941857376134e-05,-0.0004549098471547981,-8.877597712496344e-06,3.7508876634302036e-06,-3.474787242608082e-05,4.28897682977878e-07
3,120,718.0,0.4013377926421405,299.0,0.6470352037400672,-0.0023334335024246377,0.0016077628049496974,0.7624548612125411,-9.807387874030924e-06,-0.0004983446876873742,-6.772106018467292e-06,3.1385597976089384e-06,-2.8796579115809286e-05,4.529629784048995e-07
3,121,719.0,0.40468227424749165,299.0,0.647038154513959,-0.0021466290735921803,0.0014427927320709664,0.7624532359361662,5.895536034459097e-06,-0.0005343404115821146,-4.521954777243649e-06,2.547244294892112e-06,-2.2422823850764017e-05,4.2876932260837164e-07
3,122,720.0,0.4080267558528428,299.0,0.6470402470968243,-0.0019410201551679585,0.001272166047523461,0.7624523150335161,1.8639006884390697e-05,-0.0005623689413955535,-2.368658796040399e-06,1.991395637816098e-06,-1.572194546957258e-05,3.6057337970474166e-07
3,123,721.0,0.411371237458194,299.0,0.6470415002800513,-0.0017206017434284544,0.001097331708300274,0.7624520524712821,2.8599981986336374e-05,-0.0005820213732325088,-5.343470365959807e-07,1.4860146639277683e-06,-8.812968768777673e-06,2.9039504667461646e-07
3,124,722.0,0.41471571906354515,299.0,0.6470420204593144,-0.001489467583869756,0.0009199382708053638,0.76245233225438,3.603098920472225e-05,-0.0005930375841934765,9.675647534910356e-07,1.0366939276750633e-06,-1.832980755561877e-06,2.2561783532762915e-07
3,125,723.0,0.4180602006688963,299.0,0.647041922661379,-0.0012517288499297942,0.0007418147910026713,0.7624530367228918,4.1212738342198854e-05,-0.0005953288101379309,2.159756618268029e-06,6.451770936308117e-07,5.069411727756521e-06,1.505861319676113e-07
3,126,724.0,0.4214046822742475,299.0,0.6470413171121515,-0.001011439682370864,0.0005649261521487424,0.7624540588242815,4.4434767155366476e-05,-0.0005889920454782431,2.9862924929993726e-06,3.1220340288012436e-07,1.174151736172547e-05,6.339174780069093e-08
3,127,725.0,0.42474916387959866,299.0,0.6470403392864279,-0.000772523545226163,0.0003913162801113641,0.7624552770238182,4.599050775510526e-05,-0.0005743151487760992,3.381766485757703e-06,3.364258844619756e-08,1.803457966262577e-05,-1.2183123243747826e-08
3,128,726.0,0.4280936454849498,299.0,0.647039153358644,-0.000538699189933354,0.0002230478907269162,0.7624565523056589,4.6152894235779834e-05,-0.0005517719241978343,3.4000902360108268e-06,-1.9498133605110755e-07,2.381084189100066e-05,-5.7979211107874804e-08
3,129,727.0,0.431438127090301,299.0,0.6470379063290795,-0.00031341636865648566,6.213456900178608e-05,0.7624577665670814,4.5172359479591446e-05,-0.0005220083718341039,3.186592066032023e-06,-3.752355334659031e-07,2.894904192153158e-05,-8.635778993492277e-08
3,130,728.0,0.43478260869565216,299.0,0.6470366926096541,-9.979747820183241e-05,-8.95235258806822e-05,0.7624588517362744,4.3291191639141475e-05,-0.000485822069432212,2.8255443968277464e-06,-5.151309106745276e-07,3.334844469165243e-05,-1.0567447406614087e-07
3,131,729.0,0.43812709030100333,299.0,0.6470355766091185,9.941755965111435e-05,-0.00023019185725470657,0.762459769367059,4.0711418956881445e-05,-0.0004441365135676699,2.360267635604802e-06,-6.179115223927113e-07,3.6931729367029564e-05,-1.259953384085957e-07
3,132,730.0,0.4414715719063545,299.0,0.6470346075785129,0.00028190626403093964,-0.00035835762093422576,0.7624604966109796,3.761871645383644e-05,-0.00039797185185890617,1.7845353119548877e-06,-6.880037966695078e-07,3.9647406520881236e-05,-1.3806489861677325e-07
3,133,731.0,0.44481605351170567,299.0,0.6470338377252918,0.0004457951511123825,-0.0004727672525675317,0.7624610093551337,3.417656687381166e-05,-0.00034841259370782654,1.139124405040497e-06,-7.320122505679313e-07,4.147115534028043e-05,-1.187115593265833e-07
3,134,732.0,0.44816053511705684,299.0,0.6470333035638379,0.0005896770807854312,-0.0005724557177861747,0.7624612966153766,3.0515314994465954e-05,-0.0002965736495324957,5.81289195607475e-07,-7.492585283693903e-07,4.240631159528229e-05,-9.145142442670831e-08
3,135,733.0,0.451505016722408,299.0,0.6470329808786436,0.0007126120845871596,-0.0006567690233465899,0.7624613974864696,2.676850521805146e-05,-0.00024356576003840973,1.5118207731130629e-07,-7.431348642717055e-07,4.248276823254897e-05,-7.551856163836819e-08
3,136,734.0,0.45484949832775917,299.0,0.6470328288581003,0.0008141268270465992,-0.0007253616361115497,0.7624613626708314,2.3052720523346766e-05,-0.00019046229974773704,-2.0685121578518598e-07,-7.193303561531289e-07,4.175471813963419e-05,-5.857914085666327e-08
3,137,735.0,0.45819397993311034,299.0,0.6470328262689019,0.0008941949039325637,-0.0007781908245067746,0.7624612230626744,1.9456187066206968e-05,-0.00013826890207320415,-4.865750967440724e-07,-6.807271617558738e-07,4.0297190890070715e-05,-3.7922778199467025e-08
3,138,736.0,0.46153846153846156,299.0,0.6470329476813266,0.0009532018249311592,-0.0008155055702345293,0.7624610095290824,1.605275320527079e-05,-8.789741346062188e-05,-6.681186630009004e-07,-6.318443246424534e-07,3.8201586497365006e-05,-1.3408350518906512e-08
3,139,737.0,0.46488294314381273,299.0,0.6470331582430927,0.0009919046017788282,-0.000837821713066288,0.7624607572643256,1.2893707820341129e-05,-4.014543033891807e-05,-7.309276786643944e-07,-5.759096144741365e-07,3.557065264284049e-05,6.228094781706268e-09
3,140,738.0,0.4682274247491639,299.0,0.6470334135320317,0.0010113808935818408,-0.0008458935895651992,0.7624605061104617,1.0014247811136694e-05,4.317885464633523e-06,-6.982345730383073e-07,-5.151500490823039e-07,3.2513157801527466e-05,1.2524258821369568e-08
3,141,739.0,0.47157190635451507,299.0,0.6470336764674351,0.0010129748567646222,-0.0008406785941624358,0.7624602866214394,7.438488548895257e-06,4.4959332716546894e-05,-6.357431992623848e-07,-4.530041846164605e-07,2.9138752437973773e-05,1.9442452722080432e-08
3,142,740.0,0.47491638795986624,299.0,0.647033933791252,0.0009982417471544032,-0.0008232973947334158,0.7624601066439685,5.173381880301304e-06,8.138277326402073e-05,-5.395343701774328e-07,-3.9201272308163397e-07,2.555328161623059e-05,3.089586715685849e-08
3,143,741.0,0.4782608695652174,299.0,0.6470341698574129,0.0009688900862399525,-0.0007949961681553429,0.7624599742091457,3.213186518356802e-06,0.00011332437528431763,-3.86318203398463e-07,-3.3328068539268593e-07,2.1854947079070842e-05,3.2028979944360036e-08
3,144,742.0,0.4816053511705686,299.0,0.6470343595832273,0.0009267271088601327,-0.000757108645154343,0.7624599041799016,1.546651739361953e-06,0.00014064305913316627,-2.2726576060069482e-07,-2.782412246977423e-07,1.8131480371489463e-05,2.2789621718426564e-08
3,145,743.0,0.48494983277591974,299.0,0.6470344971486255,0.0008736102143453329,-0.0007110184621994659,0.7624598945250654,1.553497151960456e-07,0.00016330740959753898,-1.1397026632901254e-07,-2.271483169083331e-07,1.4458489910435544e-05,2.048489262129951e-08
3,146,744.0,0.4882943143812709,299.0,0.6470345964309312,0.0008114028351698427,-0.000658126422319106,0.762459926501846,-9.804477320044678e-07,0.00018138052198559445,-1.16219351139879e-08,-1.7935039023052154e-07,1.0898758589469269e-05,2.027249757741422e-08
3,147,745.0,0.4916387959866221,299.0,0.6470346582851566,0.0007419379542051877,-0.000599820454611825,0.7624599928713407,-1.8772060368004776e-06,0.00019500397022244168,9.027404200222768e-08,-1.3593138217951575e-07,7.5025232721332005e-06,1.1401660729386347e-08
3,148,746.0,0.49498327759197325,299.0,0.647034679975135,0.0006669892521536694,-0.0005374489689807667,0.7624600902305338,-2.5568101513429716e-06,0.00020438212431261787,1.4838052620815185e-07,-9.735690985866961e-08,4.308348832812985e-06,3.1452128869262915e-09
3,149,747.0,0.4983277591973244,299.0,0.6470346758047848,0.000588245430032037,-0.0004723025874201622,0.7624602017263946,-3.043503726988741e-06,0.0002097675603536424,1.6567428617045488e-07,-6.338743123414976e-08,1.3445016278513821e-06,-6.57665195304275e-09
3,150,748.0,0.5016722408026756,299.0,0.6470346595174531,0.0005072910533949834,-0.0004055994662002124,0.7624603121092658,-3.3603366261448608e-06,0.00021144818738846324,1.3470631063464656e-07,-3.3557583170683245e-08,-1.3695470192881707e-06,-8.87387250806719e-09
3,151,749.0,0.5050167224080268,299.0,0.6470346482802444,0.0004255934707739549,-0.0003384734069176248,0.7624604043781755,-3.5280390916144974e-06,0.00020973625361435779,9.246855936327277e-08,-8.888626482786103e-09,-3.821587575668076e-06,-2.0811799308339456e-10
3,152,750.0,0.5083612040133779,299.0,0.6470346457151989,0.0003444942767868296,-0.000271965108367202,0.7624604741334985,-3.572424040468623e-06,0.0002049592691447755,9.364784204999186e-08,1.0340368979690576e-08,-6.005277463835209e-06,-4.2990713120737165e-09
3,153,751.0,0.5117056856187291,299.0,0.6470346351010438,0.0002652018505569066,-0.0002070191651900368,0.7624605352427146,-3.520664618031136e-06,0.0001974526723149825,7.434908828761685e-08,2.5574028630879473e-08,-7.918919505998462e-06,-1.0631455126232207e-08
3,154,752.0,0.5150501672240803,299.0,0.6470346245073293,0.00018878791061710277,-0.00014448199915345993,0.7624605813964705,-3.3927504424466e-06,0.00018755402293248386,2.3277303820915773e-08,3.7405766063983376e-08,-9.56443344665645e-06,-3.388960230612317e-09
3,155,753.0,0.5183946488294314,299.0,0.6470346266563226,0.00011618902002775407,-8.509844663146569e-05,0.7624606030318534,-3.2057085199926203e-06,0.0001755984811241615,8.241471115958429e-09,4.54764011654913e-08,-1.0946475160254208e-05,1.5515846044905067e-09
3,156,754.0,0.5217391304347826,299.0,0.6470346286772268,4.820845520500934e-05,-2.9511411240303864e-05,0.7624606128229247,-2.9783221732488725e-06,0.00016191538717384113,1.7688143646650133e-08,5.0371901106652493e-08,-1.2071702283925441e-05,-1.0459241143931297e-09
3,157,755.0,0.5250836120401338,299.0,0.647034622273656,-1.4482136602338187e-05,2.1735592906366494e-05,0.7624606199045497,-2.726454074962013e-06,0.0001468257593189314,1.3905229669192067e-08,5.3110014813079084e-08,-1.2948117983413812e-05,9.03433802667228e-10
3,158,756.0,0.5284280936454849,299.0,0.6470346136128828,-7.133862118879521e-05,6.819686083266575e-05,0.7624606213141673,-2.4608978753564366e-06,0.00013064061183966133,1.9623338980411147e-08,5.4074472528808694e-08,-1.3584573527161692e-05,3.065949347100784e-09
3,159,757.0,0.5317725752508361,299.0,0.6470346002086099,-0.00012193892442238727,0.00010952319139743794,0.7624606214595402,-2.190517821955302e-06,0.00011365989493070696,3.591756545435885e-08,5.3538626912913695e-08,-1.3990297096739476e-05,-4.0744315395849855e-09
3,160,758.0,0.5351170568561873,299.0,0.6470345791128475,-0.00016597818970971506,0.00014545904394126235,0.762460625038081,-1.9228124400985072e-06,9.617202355978124e-05,1.6292330504452057e-08,5.202061712984699e-08,-1.4174629921489463e-05,-7.723036301153938e-09
3,161,759.0,0.5384615384615384,299.0,0.6470345649993787,-0.00020326394198881382,0.0001758393231203315,0.7624606215858554,-1.6627046543870821e-06,7.84537361579192e-05,-2.1768087803196032e-08,4.966423140774142e-08,-1.4146818695813069e-05,-2.4162368996355477e-10
3,162,760.0,0.5418060200668896,299.0,0.6470345657335356,-0.00023371079965556535,0.00020058658687767433,0.7624606061295764,-1.4143886222666866e-06,6.077021278815389e-05,-2.258486924093683e-08,4.6566337051098487e-08,-1.3916076256905579e-05,3.414037834635268e-09
3,163,761.0,0.5451505016722408,299.0,0.6470345677847096,-0.00025733582761740693,0.0002197075904642613,0.7624605915114796,-1.1815610546567479e-06,4.33751174670242e-05,-5.256821445477543e-09,4.278472183667739e-08,-1.3491758449098156e-05,-1.929216284812387e-09
3,164,762.0,0.5484949832775919,299.0,0.6470345647195676,-0.000274253992418443,0.00023328974306661954,0.7624605841802116,-9.676381291395842e-07,2.6510419405654912e-05,-1.474915170621245e-08,3.902273924660174e-08,-1.2883783884738272e-05,-4.358441291065957e-09
3,165,763.0,0.5518394648829431,299.0,0.647034567060381,-0.00028467361670837717,0.00024149742690771097,0.7624605758189973,-7.725256071165637e-07,1.0405689549736357e-05,-3.646440102678205e-08,3.515629782826945e-08,-1.2103173135156938e-05,-1.2732964067997851e-09
3,166,764.0,0.5551839464882943,299.0,0.6470345795862269,-0.00028889051052372614,0.0002445693319763458,0.7624605626236332,-5.96745255841781e-07,-4.723276869204966e-06,-4.2806767868932715e-08,3.115959982317102e-08,-1.11626936464258e-05,5.915286128295565e-09
3,167,765.0,0.5585284280936454,299.0,0.6470345963946164,-0.0002872829170051253,0.00024281376670167053,0.7624605495275005,-4.409466463606109e-07,-1.867664392723218e-05,-1.3238794000363408e-08,2.735295955304762e-08,-1.0077519352587932e-05,1.041949280655628e-08
3,168,766.0,0.5618729096989966,299.0,0.6470346036170332,-0.0002803054703774654,0.0002366034452011239,0.7624605479469219,-3.0418110738201684e-07,-3.127354311796225e-05,3.8833962962217646e-08,2.3119413308360785e-08,-8.86578093222449e-06,-4.038560773121349e-10
3,169,767.0,0.5652173913043478,299.0,0.647034592389746,-0.00026848145219127075,0.0002263699552894559,0.7624605648355366,-1.8858769523439204e-07,-4.235576928323858e-05,3.678614348028044e-08,1.9249004132666665e-08,-7.548947764477977e-06,-3.750928670194609e-09
3,170,768.0,0.568561872909699,299.0,0.6470345829888199,-0.0002523951574659446,0.00021259524088653386,0.7624605822720669,-9.234735453001056e-08,-5.179195398883265e-05,1.80075356627919e-08,1.625620424702969e-08,-6.151929246100304e-06,5.291182166413083e-09
3,171,769.0,0.5719063545150501,299.0,0.6470345814001124,-0.00023268036974084165,0.000195804444806555,0.7624605943874736,-1.1069119455063595e-08,-5.948186554645577e-05,4.44490960445241e-08,1.3009039724313249e-08,-4.702874122998088e-06,-1.865666765451312e-09
3,172,770.0,0.5752508361204013,299.0,0.6470345699904675,-0.00021000765706313698,0.0001765568180227889,0.7624606153512233,5.396816359543419e-08,-6.536045820020243e-05,3.511878540170213e-08,9.558740831969637e-09,-3.2326299449628304e-06,-4.290893985118235e-09
3,173,771.0,0.5785953177257525,299.0,0.6470345620321544,-0.00018507280663222498,0.00015543215793519785,0.762460633163897,1.0175499488095468e-07,-6.940124563140639e-05,1.3674896803605958e-08,6.964955997476248e-09,-1.7738843176972886e-06,1.7032191984061148e-09
3,174,772.0,0.5819397993311036,299.0,0.6470345618325185,-0.00015858202711978523,0.00013301844891191672,0.7624606435433792,1.365769325415269e-07,-7.161860102852978e-05,2.2212178008209977e-08,5.15010662612569e-09,-3.600515015685353e-07,-1.0633173365298634e-08
3,175,773.0,0.5852842809364549,299.0,0.647034557724243,-0.0001312346582322276,0.00010990066278816326,0.7624606559106504,1.6232268678149673e-07,-7.206866540549348e-05,-3.0924344798702766e-08,2.8911675708966156e-09,9.7602787387406e-07,-6.396734332439136e-09
3,176,774.0,0.5886287625418061,299.0,0.6470345730648491,-0.00010370738470717396,8.66470844954852e-05,0.7624606501317422,1.7678520824987196e-07,-7.084863056315502e-05,-6.287292098601604e-08,1.1430372097205645e-09,2.203458182572718e-06,8.694641367790048e-09
3,177,775.0,0.5919732441471572,299.0,0.6470345997071054,-7.664054783639269e-05,6.379372034798664e-05,0.7624606329796643,1.8251375547624777e-07,-6.809430783494407e-05,-1.9362138711195487e-08,6.332452963787205e-10,3.2946387829715197e-06,-4.2219926240352115e-09
3,178,776.0,0.5953177257525084,299.0,0.6470346088930496,-5.062188752785503e-05,4.183361273445718e-05,0.7624606288779662,1.8568392818746527e-07,-6.397600935623519e-05,-4.0434817005761236e-08,-5.601390016709698e-10,4.226476014145879e-06,-8.559385533900195e-11
3,179,777.0,0.5986622073578596,299.0,0.6470346253202873,-2.6172222220878363e-05,2.1207053930776276e-05,0.7624606170224206,1.8289098920778944e-07,-5.8692914338558615e-05,-4.0827147820816625e-08,-1.859699247543e-09,4.981376547111444e-06,1.705040302215911e-08
3,180,778.0,0.6020066889632107,299.0,0.6470346412311966,-3.7375363989171596e-06,2.28860305208357e-06,0.7624606042522121,1.7359968035635147e-07,-5.246619365467508e-05,4.445707079111172e-08,-1.6232682453293096e-09,5.547950137956299e-06,-2.4943604737144466e-09
3,181,779.0,0.6053511705685619,299.0,0.647034624120565,1.6320329016038806e-05,-1.4618937807652457e-05,0.7624606184703705,1.6547634139507603e-07,-4.5531255982235193e-05,3.2012592776879137e-08,-2.0191215302749693e-09,5.921380282853592e-06,-9.332271751009677e-09
3,182,780.0,0.6086956521739131,299.0,0.6470346114143866,3.373175804440331e-05,-2.92860030179296e-05,0.7624606282588744,1.553763590224177e-07,-3.812953062867316e-05,-1.4626163018581442e-08,-2.8561746734745953e-09,6.103455416276787e-06,1.2379630886415577e-08
3,183,781.0,0.6120401337792643,299.0,0.6470346163114391,4.83181581452968e-05,-4.15623315978938e-05,0.762460622747274,1.4109714824064562e-07,-3.050021135833142e-05,4.728976449801788e-08,-2.6646458536154954e-09,6.102265844673258e-06,5.113388893858762e-09
3,184,782.0,0.6153846153846154,299.0,0.6470345975702124,5.999140960603469e-05,-5.1375888502391014e-05,0.7624606372232068,1.2776958746970798e-07,-2.2872379052493224e-05,7.286961936792209e-08,-2.4373021968824813e-09,5.931608823536123e-06,-1.5536056973424387e-08
3,185,783.0,0.6187290969899666,299.0,0.6470345691559118,6.875238775664053e-05,-5.8726791336937946e-05,0.7624606600645446,1.1557808291339266e-07,-1.5457868023075507e-05,-4.801898438163651e-09,-2.6288862734314853e-09,5.610150130359775e-06,-1.244434221392058e-08
3,186,784.0,0.6220735785953178,299.0,0.6470345705088597,7.468278753444204e-05,-6.368361678809421e-05,0.7624606579597114,1.0243387175380797e-07,-8.445180360127239e-06,-6.701825024370826e-08,-2.7128727530187365e-09,5.160405437865411e-06,-1.525935328420246e-09
3,187,785.0,0.6254180602006689,299.0,0.6470345957793269,7.793548768770224e-05,-6.637672520678586e-05,0.7624606359587647,8.887119298812942e-08,-1.994673562795963e-06,-7.46453323235916e-08,-2.4509371981802363e-09,4.6076120060064335e-06,5.85448311855446e-09
3,188,786.0,0.6287625418060201,299.0,0.6470346241660887,7.872467157159116e-05,-6.698815330479205e-05,0.7624606117341775,7.661695329284281e-08,3.7648414447124923e-06,-4.53723852260737e-08,-2.153817185599582e-09,3.978553411873338e-06,6.4427347030702496e-09
3,189,787.0,0.6321070234113713,299.0,0.6470346415851549,7.73141883443028e-05,-6.574095143129104e-05,0.762460597204598,6.584737923327387e-08,8.73803320955538e-06,-1.3159577066165867e-08,-2.0338159707849315e-09,3.3004062947694324e-06,-1.7472868408759639e-09
3,190,788.0,0.6354515050167224,299.0,0.6470346468803996,7.400428853077386e-05,-6.288894281480347e-05,0.7624605932798182,5.567798526292439e-08,1.2863541078019058e-05,-2.1897737418647742e-08,-1.935675335027581e-09,2.599655053246898e-06,-1.6709481667351742e-09
3,191,789.0,0.6387959866220736,299.0,0.6470346556175307,6.911833042623042e-05,-5.87061374895829e-05,0.762460586657487,4.59987723626403e-08,1.611310989458009e-05,-3.0254626997143393e-08,-1.7918152724486177e-09,1.9011293991748462e-06,4.985326124986111e-09
3,192,790.0,0.6421404682274248,299.0,0.6470346676019635,6.29904070961662e-05,-5.347573006185002e-05,0.7624605774031366,3.703821896517586e-08,1.8489521643551426e-05,-5.330219995563304e-09,-1.593189012882544e-09,1.2271919589846202e-06,5.400493352657317e-09
3,193,791.0,0.6454849498327759,299.0,0.6470346700996658,5.5953624062738875e-05,-4.747992905675793e-05,0.7624605762295833,2.9071960281831828e-08,2.0023511592285185e-05,2.1670192297608616e-08,-1.3768992904289256e-09,5.971048602072789e-07,1.884826748910697e-09
3,194,792.0,0.6488294314381271,299.0,0.6470346622805607,4.832945973132984e-05,-4.099089343997351e-05,0.7624605837630701,2.2188757665658612e-08,2.0769892667547327e-05,3.1092579678095496e-08,-1.2263661835507387e-09,2.6582159695206342e-08,-3.468929367432604e-09
3,195,793.0,0.6521739130434783,299.0,0.6470346508174841,4.0418525293657806e-05,-3.4263014915614486e-05,0.7624605942834094,1.6058865465760424e-08,2.0803120367169303e-05,1.3746550244610237e-08,-1.02945793894855e-09,-4.72464560548028e-07,-9.140862376844127e-09
3,196,794.0,0.6555183946488294,299.0,0.6470346458980074,3.249294061794519e-05,-2.7526723199751807e-05,0.762460599110175,1.0912436366588525e-08,2.021253966648704e-05,-3.1958763887042134e-08,-8.866144471238916e-10,-8.919963047763364e-07,-1.6028892149046987e-08
3,197,795.0,0.6588628762541806,299.0,0.6470346583266526,2.4790838864982525e-05,-2.0983455802335873e-05,0.7624605890605842,6.477426499135895e-09,1.9097544285519104e-05,-1.1210388634664234e-07,-7.367735981333023e-10,-1.2277467260482112e-06,-1.5509101596252054e-08
3,198,796.0,0.6622073578595318,299.0,0.6470347012348232,1.75123731622521e-05,-1.4802598501430854e-05,0.7624605529950464,2.787136530168001e-09,1.7562860877960968e-05,-1.896497654336614e-07,-5.248729914925285e-10,-1.478973686112591e-06,-3.3723654410406536e-09
3,199,797.0,0.6655518394648829,299.0,0.6470347736400237,1.0817781937754961e-05,-9.119644082528192e-06,0.7624604917644067,1.5278292742398422e-10,1.5714143770321954e-05,-2.0651173949063978e-07,-4.123475005962606e-10,-1.648088650358684e-06,4.69903264273806e-09
3,200,798.0,0.6688963210702341,299.0,0.6470348524201561,4.827125410975688e-06,-4.035785991430489e-06,0.7624604250156484,-1.918688922921934e-09,1.3654032957374904e-05,-1.8301658347981828e-07,-3.226453437893773e-10,-1.7401924039947057e-06,8.451550522923715e-10
3,201,799.0,0.6722408026755853,299.0,0.6470349222040065,-3.7882483353715543e-07,3.8080059191825576e-07,0.7624603658216835,-3.539419345748167e-09,1.1478792452382407e-05,-1.7879072961987623e-07,-2.4310338341779684e-10,-1.762549821928034e-06,-6.936706881427974e-09
3,202,800.0,0.6755852842809364,299.0,0.6470349903515069,-4.7560320758208785e-06,4.093041019108598e-06,0.7624603079649356,-4.761101605791715e-09,9.275605174972851e-06,-2.1347414214031324e-07,-1.7783271937780218e-10,-1.724033652326493e-06,1.2481996493422034e-09
3,203,801.0,0.6789297658862876,299.0,0.6470350717082619,-8.293713202610525e-06,7.092045987983219e-06,0.7624602388719824,-5.6562031635327134e-09,7.120563109564857e-06,-2.0723301142269872e-07,-8.382315270641613e-11,-1.6345678115494567e-06,2.5222842682690357e-08
3,204,802.0,0.6822742474916388,299.0,0.647035150682294,-1.1010116946217827e-05,9.393515841364876e-06,0.762460171794059,-6.079733772410981e-09,5.0773533451278405e-06,-8.11186772119005e-08,-3.531131609370778e-11,-1.5045950413222288e-06,4.016035685497602e-08
3,205,803.0,0.68561872909699,299.0,0.6470351815811672,-1.2947724081873245e-05,1.10338106582557e-05,0.7624601455203129,-6.257518831746343e-09,3.1966095434745955e-06,1.1968319965366828e-07,-1.996954080080053e-11,-1.3445921757955817e-06,4.801196387630599e-08
3,206,804.0,0.6889632107023411,299.0,0.6470351359358026,-1.416839152791058e-05,1.2065585296414968e-05,0.7624601842182676,-6.356224335049868e-09,1.5158693237294525e-06,3.597430790435678e-07,8.828606978619369e-12,-1.1646484397842103e-06,6.442914548614241e-08
3,207,805.0,0.6923076923076923,299.0,0.647034998781516,-1.4748340708798578e-05,1.2553575018359428e-05,0.7624603005905264,-6.310459122351537e-09,6.005877399837539e-08,6.81888835383287e-07,4.72439150684264e-11,-9.741192921009242e-07,8.91397077865668e-08
3,208,806.0,0.6956521739130435,299.0,0.6470347388244683,-1.4773274186853268e-05,1.2570604374385224e-05,0.7624605211930455,-6.074131969199098e-09,-1.1575903411286871e-06,1.127587375451517e-06,7.063119412940815e-11,-7.813605127113095e-07,1.160851596963605e-07
3,209,807.0,0.6989966555183946,299.0,0.6470343089610624,-1.4333923718208402e-05,1.2193796478855729e-05,0.7624608859954911,-5.724905741808658e-09,-2.1342909820187725e-06,1.7080131528361954e-06,7.722990219315892e-11,-5.935441808734591e-07,1.3717520621782534e-07
3,210,808.0,0.7023411371237458,299.0,0.6470336578268255,-1.3522108712428984e-05,1.150114646624708e-05,0.7624614385816731,-5.3497049374140625e-09,-2.8762212081115415e-06,2.3938891472668016e-06,7.891843578540552e-11,-4.165522761052185e-07,1.4676499994554185e-07
3,211,809.0,0.705685618729097,299.0,0.647032745218123,-1.2427321785587108e-05,1.0568617214078555e-05,0.7624622130632502,-4.975779584114269e-09,-3.396911553243968e-06,3.1277141008310575e-06,9.095109985472765e-11,-2.549413838357632e-07,1.412238273273135e-07
3,212,810.0,0.7090301003344481,299.0,0.6470315528524173,-1.113390665436885e-05,9.467783220907075e-06,0.7624632249490801,-4.55290574159902e-09,-3.715588283039503e-06,3.833833186758148e-06,9.148447538264754e-11,-1.1196870395635357e-07,1.143231323517818e-07
3,213,811.0,0.7123745819397993,299.0,0.6470300912892728,-9.718861731167901e-06,8.264017421072115e-06,0.762464465272595,-4.138222578201436e-09,-3.855549162985681e-06,4.405448797765708e-06,8.312500017220374e-11,1.0331446285315976e-08,5.4959179060190436e-08
3,214,812.0,0.7157190635451505,299.0,0.6470284118033331,-8.25032269112914e-06,7.015133038957165e-06,0.7624658905170526,-3.773554955671661e-09,-3.842634855129664e-06,4.680244645201061e-06,8.272705577537522e-11,1.1103248223283257e-07,-4.306253853390993e-08
3,215,813.0,0.7190635451505016,299.0,0.647026627550379,-6.786588070787129e-06,5.770566776822931e-06,0.7624674046550513,-3.4138728382333115e-09,-3.703844252339133e-06,4.464931909030388e-06,8.352548454179778e-11,1.9017296343180018e-07,-1.7053108934225275e-07
3,216,814.0,0.7224080267558528,299.0,0.6470249253758066,-5.37564936334009e-06,4.57103751691059e-06,0.7624688491293353,-3.0458592920014375e-09,-3.4661280480497736e-06,3.6122764243859046e-06,7.658053429495518e-11,2.485975280005307e-07,-3.308104164972821e-07
3,217,815.0,0.725752508361204,299.0,0.6470235482575643,-4.0552191461395135e-06,3.4485504216086177e-06,0.7624700177527058,-2.700524674502497e-09,-3.1553811380493857e-06,1.9582243102275648e-06,7.708037183231546e-11,2.877906857195121e-07,-5.522759844699648e-07
3,218,816.0,0.7290969899665551,299.0,0.6470228017182162,-2.8531476601507087e-06,2.426721912801948e-06,0.7624706512664079,-2.333672219210385e-09,-2.7956427809001645e-06,-8.031556376860676e-07,8.820747557082728e-11,3.097119876782419e-07,-8.101768504023696e-07
3,219,817.0,0.7324414715719063,299.0,0.6470231079122174,-1.788105810645253e-06,1.521408785128951e-06,0.7624703914395815,-1.8859208145775515e-09,-2.4085027963024347e-06,-4.854039909271443e-06,6.859159436618306e-11,3.166390228807383e-07,-1.0448971154550707e-06
3,220,818.0,0.7357859531772575,299.0,0.6470249584425275,-8.705135745462169e-07,7.415069961924489e-07,0.7624688211009434,-1.507923326904222e-09,-2.012704017701503e-06,-1.0078525500176452e-05,5.306966455569292e-11,3.1102357207982065e-07,-1.265104660992089e-06
3,221,819.0,0.7391304347826086,299.0,0.6470288007154652,-1.0369310071886264e-07,8.979288533739844e-08,0.76246556056299,-1.1817605684990788e-09,-1.6239245526016504e-06,-1.640404881424423e-05,5.379822579742521e-11,2.9536471422233066e-07,-1.4671479538351504e-06
3,222,820.0,0.7424749163879598,299.0,0.647035054454714,5.150171314521186e-07,-4.3602145348334706e-07,0.7624602535911801,-8.328946421034435e-10,-1.2547186598236085e-06,-2.3739788589177636e-05,3.8626939793291123e-11,2.7210122785269363e-07,-1.586341639966164e-06
3,223,821.0,0.745819397993311,299.0,0.6470441047313701,9.930894173542172e-07,-8.422563279808512e-07,0.7624525732993228,-5.504392079929905e-10,-9.145921250075757e-07,-3.167149679214296e-05,1.8282197187887726e-11,2.435247233043184e-07,-1.5683740909410666e-06
3,224,822.0,0.7491638795986622,299.0,0.6470561786569339,1.3415912469667414e-06,-1.1383411510190433e-06,0.7624423267755839,-3.72162733751704e-10,-6.101862208769884e-07,-3.951336724835772e-05,4.624950175916631e-12,2.1171352081606068e-07,-1.3697945886373572e-06
3,225,823.0,0.7525083612040134,299.0,0.6470712418621384,1.574109242350682e-06,-1.3358688920509022e-06,0.7624295429421702,-2.7673094623056217e-10,-3.4554431985671216e-07,-4.636234019222501e-05,-8.034761833277143e-12,1.7848683794372247e-07,-9.82789252718694e-07
3,226,824.0,0.7558528428093646,299.0,0.6470889156969815,1.7057772835227556e-06,-1.4477337824064304e-06,0.7624145428685408,-2.6885582300621473e-10,-1.2243577242685812e-07,-5.127628645610479e-05,-1.793819011127434e-11,1.453776947945842e-07,-3.92557601270682e-07
3,227,825.0,0.7591973244147158,299.0,0.6471084623774673,1.7524008265359552e-06,-1.4874059465889792e-06,0.7623979524595621,-3.3971245762286124e-10,5.928634606656492e-08,-5.323907446255665e-05,-1.4953698057328392e-11,1.1362275491193185e-07,4.4633467918738654e-07
3,228,826.0,0.7625418060200669,299.0,0.6471287568288935,1.7297306157134617e-06,-1.4683064411490557e-06,0.7623807264616628,-4.239419697418463e-10,2.013147897066577e-07,-5.10074010665591e-05,-1.083318007369673e-11,8.41664744932213e-08,1.5040561931643114e-06
3,229,827.0,0.7658862876254181,299.0,0.6471482001482731,1.6528916374955822e-06,-1.4032856273868086e-06,0.7623642220358223,-5.0890223974229e-10,3.0652288282334275e-07,-4.348712010048144e-05,-5.818151009751613e-12,5.7677181646135746e-08,2.7275233373698057e-06
3,230,828.0,0.7692307692307693,299.0,0.6471647765076941,1.535916448322342e-06,-1.3042607986544387e-06,0.7623501505500448,-5.779723409463944e-10,3.786193598811483e-07,-2.984950341316442e-05,6.650101398782497e-12,3.457205817462988e-08,4.086389227117996e-06
3,231,829.0,0.7725752508361204,299.0,0.647176154322533,1.3914286360052652e-06,-1.1819436191868423e-06,0.7623404916917788,-5.786212115916373e-10,4.218344325995477e-07,-9.41755727691787e-06,1.37351942039632e-11,1.504852803384023e-08,5.517507777481184e-06
3,232,830.0,0.7759197324414716,299.0,0.6471797440082249,1.2304562399359497e-06,-1.0456570182700277e-06,0.7623374442743626,-5.218639521673039e-10,4.406450926419361e-07,1.816998161122039e-05,2.0814789455088535e-11,-8.807561411723523e-10,6.944263089419301e-06
3,233,831.0,0.7792642140468228,299.0,0.6471728181531241,1.0623177521618828e-06,-9.032788155020319e-07,0.7623433238652528,-3.9377752382728733e-10,4.395441474655359e-07,5.2891297059006875e-05,2.2972504776000393e-11,-1.3351452993944537e-08,8.260159469332857e-06
3,234,832.0,0.782608695652174,299.0,0.6471526572635352,8.946246797315484e-07,-7.612264816029999e-07,0.7623604385039282,-2.0918351578131905e-10,4.2285483122314957e-07,9.419209440619047e-05,1.5663214468530064e-11,-2.2611729158652924e-08,9.363717156828063e-06
3,235,833.0,0.7859531772575251,299.0,0.6471167523830088,7.333372548131168e-07,-6.245225239990124e-07,0.7623909159909622,-1.1395731784918766e-11,3.945901697748592e-07,0.0001410106801905962,7.890482281865073e-12,-2.898851781531536e-08,1.0194434289817998e-05
3,236,834.0,0.7892976588628763,299.0,0.6470629981442341,5.828735646972252e-07,-4.969056026462305e-07,0.762436539283185,1.9496142133404658e-10,3.58354522505725e-07,0.00019198285163969973,-3.221685758411292e-12,-3.2857210409170384e-08,1.0646713452432013e-05
3,237,835.0,0.7926421404682275,299.0,0.6469898077931637,4.46277660357801e-07,-3.8094823893712194e-07,0.7624986482707266,3.852263288458094e-10,3.1728300949425913e-07,0.00024521641890165027,-1.831469953643695e-11,-3.461538099314599e-08,1.058170580603466e-05
3,238,836.0,0.7959866220735786,299.0,0.6468963143368981,3.253916472764063e-07,-2.7821663610246646e-07,0.7625779688017421,5.270418320747625e-10,2.7401378325281383e-07,0.00029812494793145694,-3.261352453068333e-11,-3.466106326892525e-08,9.885737414416753e-06
3,239,837.0,0.7993311036789298,299.0,0.6467826353923247,2.2104221690035173e-07,-1.8943491567006787e-07,0.7626743882949121,6.090273037756122e-10,2.3068745416663717e-07,0.00034755363500310745,-4.4119306411848347e-11,-3.33755683393263e-08,8.449677620298587e-06
3,240,838.0,0.802675585284281,299.0,0.6466500904995904,1.332365520186422e-07,-1.1463874916299521e-07,0.7627867726071335,6.289457660426579e-10,1.889679937424544e-07,0.0003898020231041788,-5.1999170799966196e-11,-3.1110778110551744e-08,6.176189657618648e-06
3,241,839.0,0.8060200668896321,299.0,0.6465014103053254,6.134642575911096e-08,-5.332674485335376e-08,0.7629127908757108,5.899224321590343e-10,1.5007952110423719e-07,0.0004206829713919152,-5.537494737579249e-11,-2.8180494090640056e-08,2.99702726651439e-06
3,242,840.0,0.8093645484949833,299.0,0.6463409237949196,4.277114031266841e-09,-4.60129956807525e-09,0.7630487600649318,5.02454384853187e-10,1.1485390349090878e-07,0.00043566810772422115,-5.430714785314423e-11,-2.485537689441241e-08,-1.1222263039800508e-06
3,243,841.0,0.8127090301003345,299.0,0.6461746904562643,-3.9381069272330766e-08,3.270686167788839e-08,0.7631895370231023,3.810383089418861e-10,8.378468237286556e-08,0.00043005697620414725,-4.930377034156046e-11,-2.1360897845897773e-08,-6.1365173782756675e-06
3,244,842.0,0.8160535117056856,299.0,0.6460105680259705,-7.122271964149135e-08,5.993050555746989e-08,0.7633284653441527,2.4262531439343506e-10,5.70835600654674e-08,0.00039937438931267257,-4.1114068438911504e-11,-1.7877764631336014e-08,-1.1918889423072602e-05
3,245,843.0,0.8193979933110368,299.0,0.6458581282265439,-9.291913206234089e-08,7.847562242736089e-08,0.7634574501615795,1.0545893699591137e-10,3.473635427627395e-08,0.00033977994219726765,-3.0762173325218304e-11,-1.4544231627907695e-08,-1.829802250698586e-05
3,246,844.0,0.822742474916388,299.0,0.6457284151417619,-1.0613160480209578e-07,8.974904481979973e-08,0.7635671639612864,-1.2933973961500445e-11,1.6556064741368922e-08,0.0002482898296623272,-1.9825438463365642e-11,-1.1459800856414354e-08,-2.503939297278544e-05
3,247,845.0,0.8260869565217391,299.0,0.6456336171850873,-1.1244546980434379e-07,9.510264477211591e-08,0.7636473219756634,-9.972195952790663e-11,2.2313136708337995e-09,0.00012309286479840072,-9.913348969501976e-12,-8.68980271072583e-09,-3.18899982712495e-05
3,248,846.0,0.8294314381270903,299.0,0.6455866161939612,-1.1332377491648084e-07,9.579179658139459e-08,0.7636870569750117,-1.4846080597505462e-10,-8.630939717587407e-09,-3.635712655784574e-05,-1.7081817597731083e-12,-6.270474478971947e-09,-3.865821049690086e-05
3,249,847.0,0.8327759197324415,299.0,0.645600498820991,-1.1007776842955004e-07,9.294703988123548e-08,0.763675321011927,-1.560589979098232e-10,-1.6469032816313144e-08,-0.00022964817904235342,3.768403119622268e-12,-4.214181495421997e-09,-4.517613782812627e-05
3,250,848.0,0.8361204013377926,299.0,0.6456881828885672,-1.0385031794194849e-07,8.755860406918195e-08,0.7636011854886443,-1.2587092302211702e-10,-2.173675968559859e-08,-0.00045552886818299204,5.653966277122692e-12,-2.514560158387044e-09,-5.131106486603203e-05
3,251,849.0,0.8394648829431438,299.0,0.6458620873312223,-9.56117859186003e-08,8.046930770188201e-08,0.7634541008802181,-6.789674872170095e-11,-2.487995988358783e-08,-0.0007120841925131603,4.5736720998270856e-12,-1.1513043162817365e-09,-5.704329241066659e-05
3,252,850.0,0.842809364548495,299.0,0.6461338681876514,-8.616500168552558e-08,7.237483280808882e-08,0.7632240984040489,8.120355586115635e-12,-2.631909027894331e-08,-0.0009973006545664985,1.002269749092597e-12,-9.450818584156329e-11,-6.237464440683895e-05
3,253,851.0,0.8461538461538461,299.0,0.646514369787592,-7.61547743805484e-08,6.3832130569729e-08,0.7629018086645486,9.187413339632985e-11,-2.643722551124684e-08,-0.0013091738766006931,-4.909754694902972e-12,6.916140076612125e-10,-6.727093738248387e-05
3,254,852.0,0.8494983277591973,299.0,0.6470136168015569,-6.608233809380287e-08,5.527129211060121e-08,0.7624784453884632,1.711552717252595e-10,-2.557270800167055e-08,-0.0016455285635131065,-1.160158240822021e-11,1.2455721090795661e-09,-7.171067774264181e-05
3,255,853.0,0.8528428093645485,299.0,0.6476407377682741,-5.632310043760612e-08,4.7009212971919924e-08,0.7619458476807616,2.3938466519916436e-10,-2.4015742865320324e-08,-0.002004081952226304,-1.824797219147186e-11,1.6060940166821357e-09,-7.55776700849903e-05
3,256,854.0,0.8561872909698997,299.0,0.64840391346203,-4.714331038995264e-08,3.926716860821359e-08,0.7612965027075305,2.925268096389366e-10,-2.2008125344466202e-08,-0.00238197030265124,-2.4419533564880558e-11,1.810206716405187e-09,-7.857585904205028e-05
3,257,855.0,0.8595317725752508,299.0,0.6493101462231342,-3.871784973079222e-08,3.2187272302198733e-08,0.7605237235374268,3.276887430825093e-10,-1.974536694895784e-08,-0.002774849597861474,-2.9377121852661716e-11,1.891917245002284e-09,-8.021852212027033e-05
3,258,856.0,0.862876254180602,299.0,0.650364690428835,-3.114767242514273e-08,2.5847704100314978e-08,0.7596221228596167,3.4516431767652787e-10,-1.7380470392702896e-08,-0.0031759422084628084,-3.2881425750386976e-11,1.881355421387244e-09,-7.973984387737358e-05
3,259,857.0,0.8662207357859532,299.0,0.6515701279295703,-2.4475140812736326e-08,2.0277492490467746e-08,0.7585884052337304,3.463443319815088e-10,-1.50287761159667e-08,-0.0035746414278496597,-3.48796926988873e-11,1.8043561027216303e-09,-7.607006551729799e-05
3,260,858.0,0.8695652173913043,299.0,0.6529249272873506,-1.8698181464224657e-08,1.546893842504335e-08,0.7574226294470646,3.331024808919376e-10,-1.2773330987562593e-08,-0.003954991755436134,-3.534180177373557e-11,1.6823765060137363e-09,-6.790145365941108e-05
3,261,859.0,0.8729096989966555,299.0,0.6544214498569534,-1.3782583532518882e-08,1.1388076507390192e-08,0.756129993043456,3.0793915582785025e-10,-1.0670360355043496e-08,-0.004294499023733176,-3.441580330110251e-11,1.5326855136250196e-09,-5.3799573294269436e-05
3,262,860.0,0.8762541806020067,299.0,0.6560435397558675,-9.672153882818094e-09,7.983426864038377e-09,0.7547230449077397,2.7332443110698725e-10,-8.754503463010488e-09,-0.004563496890204511,-3.232715824272612e-11,1.3687527300324964e-09,-3.241869037226123e-05
3,263,861.0,0.8795986622073578,299.0,0.6577639186361653,-6.297076057599994e-09,5.192816605988517e-09,0.7532241552456337,2.3153773838089334e-10,-7.04356255046835e-09,-0.004725590342065805,-2.930722345094296e-11,1.2007222113948977e-09,-2.7844723349249837e-06
3,264,862.0,0.882943143812709,299.0,0.6595417953159586,-3.580489317454584e-09,2.9486270503268553e-09,0.7516678927554865,1.848551280346199e-10,-5.542659786223427e-09,-0.004739512703740419,-2.5593672590991566e-11,1.035922039955589e-09,3.5479562509652454e-05
3,265,863.0,0.8862876254180602,299.0,0.6613212114892734,-1.44338786242725e-09,1.1818041112656235e-09,0.7501028302566533,1.3569604190235312e-10,-4.24775723627785e-09,-0.004562114891192147,-2.1432009734929415e-11,8.793902228856973e-10,8.205072510215188e-05
3,266,864.0,0.8896321070234113,299.0,0.6630305171035735,1.9191642648802037e-10,-1.7516202800762991e-10,0.7485923683623686,8.667421710444349e-11,-3.1485194576698317e-09,-0.00415186126568138,-1.7047962175549622e-11,7.34404234675951e-10,0.0001359267138525332
3,267,865.0,0.8929765886287625,299.0,0.6645831130911884,1.3994922200279875e-09,-1.186101982850648e-09,0.7472143508929906,4.065319410457297e-11,-2.2305141643241705e-09,-0.0034722276964187105,-1.2641650570874682e-11,6.029299996897502e-10,0.00019560714585512424
3,268,866.0,0.8963210702341137,299.0,0.665879360004689,2.2483943841491177e-09,-1.9096620491025856e-09,0.7460594333734469,6.811467839451793e-13,-1.4768516647114124e-09,-0.0024941919671430893,-8.416117593482993e-12,4.859118475478493e-10,0.0002594307994039207
3,269,867.0,0.8996655518394648,299.0,0.6668092496413002,2.801910938085081e-09,-2.398304230191834e-09,0.7452284379134073,-3.03478658616399e-11,-8.694618552761573e-10,-0.0011970379701234882,-4.61257895095522e-12,3.834627753321312e-10,0.00032592528960134504
3,270,868.0,0.903010033444816,299.0,0.6672551635284172,3.1172020381261277e-09,-2.6978168978711754e-09,0.744829206439092,-5.028810849497578e-11,-3.901333861106576e-10,0.00043258847788323404,-1.5046619385342927e-12,2.950832173832806e-10,0.0003939957133189707
3,271,869.0,0.9063545150501672,299.0,0.66709404564865,3.2451326687332887e-09,-2.8473779332546697e-09,0.7449735124557171,-5.831775676355954e-11,-2.1279364381315888e-11,0.0024025670444780857,6.69197785395186e-13,2.1993212621603893e-10,0.0004628871092296805
3,272,870.0,0.9096989966555183,299.0,0.6661986401251859,3.2301847082868293e-09,-2.8800940841663926e-09,0.7457743438211167,-5.5125363568237434e-11,2.5363579338889277e-10,0.00471700259062649,1.800873890683783e-12,1.5701784351878604e-10,0.0005319480871226075
3,273,871.0,0.9130434782608695,299.0,0.6644378791382345,3.1104437559452707e-09,-2.8237737101424354e-09,0.7473434985389429,-4.2532201251362635e-11,4.49908097787475e-10,0.007376743026239532,1.949411540806044e-12,1.0523073436635172e-10,0.0006002177573012285
3,274,872.0,0.9163879598662207,299.0,0.6616768854226773,2.9177604997190037e-09,-2.7016517266092813e-09,0.7497891033107957,-2.2829294916810275e-11,5.814465157454759e-10,0.010377831812745682,1.3132823051531423e-12,6.332565107987198e-11,0.0006660075218301218
3,275,873.0,0.919732441471572,299.0,0.6577774026053204,2.6781704539527713e-09,-2.5329490117152677e-09,0.7532123797582161,1.8384416949561505e-12,6.606035795953499e-10,0.013707869421896298,1.6322421690230868e-13,3.001086151723847e-11,0.0007267065500266464
3,276,874.0,0.9230769230769231,299.0,0.6525995247581304,2.4125671179987147e-09,-2.3332886596412465e-09,0.7577030164784264,2.98194572374759e-11,6.981171564919037e-10,0.017341402172029535,-1.3365710621046295e-12,4.107733242667617e-12,0.0007788597526272698
3,277,875.0,0.9264214046822743,299.0,0.6460052595486631,2.1374969492715243e-09,-2.115028673596203e-09,0.7633329589958794,5.945396490826893e-11,7.032518230452157e-10,0.02123570093516588,-3.148891754575408e-12,-1.5401994371063527e-11,0.0008185803327284812
3,278,876.0,0.9297658862876255,299.0,0.6378640423298808,1.8657215592169333e-09,-1.8877646268572748e-09,0.7701489894987935,8.851026120665257e-11,6.839993300813455e-10,0.025328602598808272,-5.185398270269877e-12,-2.946254033407483e-11,0.0008423225598030272
3,279,877.0,0.9331103678929766,299.0,0.62805975332317,1.6065104380704264e-09,-1.6590143707154807e-09,0.7781651170763956,1.1455668820746997e-10,6.471711546637064e-10,0.02954021539782339,-7.236481361031453e-12,-3.90016841578718e-11,0.0008479171388814921
3,280,878.0,0.9364548494983278,299.0,0.6164980823831131,1.366011817428086e-09,-1.4347663709248847e-09,0.7873564108501384,1.3572688830902588e-10,5.984190494663186e-10,0.03377980109223083,-9.084623069717631e-12,-4.484767784904238e-11,0.0008354731555694411
3,281,879.0,0.939799331103679,299.0,0.6031124112837545,1.1478476641288752e-09,-1.2197487484706422e-09,0.7976562054636113,1.5094774459219695e-10,5.423594521549589e-10,0.03795716687007803,-1.0646631353120326e-11,-4.766635259722622e-11,0.0008074507035526375
3,282,880.0,0.9431438127090301,299.0,0.5878663216713659,9.537145770196727e-10,-1.0175716661146835e-09,0.808958088956513,1.594748389774462e-10,4.827765114083619e-10,0.04199442038784121,-1.1946061408546177e-11,-4.803453826605415e-11,0.0007678717656781163
3,283,881.0,0.9464882943143813,299.0,0.5707521211687149,7.837525749123915e-10,-8.309782177998986e-10,0.8211224130150439,1.605673136315062e-10,4.227333385757338e-10,0.0458337792162318,-1.2973526295736863e-11,-4.655076622503602e-11,0.0007214017325022378
3,284,882.0,0.9498327759197325,299.0,0.5517863280650716,6.36780303556447e-10,-6.621753307649219e-10,0.8339855206176385,1.5382683106875356e-10,3.6454488079439266e-10,0.049440787878743,-1.3603312412592501e-11,-4.379159296767619e-11,0.0006724820400081023
3,285,883.0,0.9531772575250836,299.0,0.5310033879775542,5.106565443976133e-10,-5.130095382020693e-10,0.8473696962975076,1.3988074690442493e-10,3.098053895847638e-10,0.05280319807878354,-1.3640365006245453e-11,-4.021022412412915e-11,0.0006238360008457358
3,286,884.0,0.9565217391304348,299.0,0.5084490162545846,4.0282561966943565e-10,-3.848084992179233e-10,0.861092096230221,1.207549551474651e-10,2.595426094295715e-10,0.05592237808301224,-1.2985334976814459e-11,-3.6142020200866433e-11,0.0005743616793478197
3,287,885.0,0.959866220735786,299.0,0.484176247813571,3.10874368922145e-10,-2.7796268278551963e-10,0.8749704919823558,9.937055382554885e-11,2.1436508417845466e-10,0.05879418647975136,-1.1774471876150449e-11,-3.18901558193143e-11,0.0005186460975889176
3,288,886.0,0.9632107023411371,299.0,0.4582491686561643,2.328549816524554e-10,-1.9162526853354235e-10,0.888823774086618,7.830787154291351e-11,1.745023894042776e-10,0.06138741696769595,-1.0276821237580873e-11,-2.771858037731859e-11,0.00045037350677930874
3,289,887.0,0.9665551839464883,299.0,0.43075631250227703,1.6726533521775849e-10,-1.239089440358033e-10,0.9024682837060077,5.906001520964593e-11,1.3985416393260012e-10,0.0636392845015925,-8.67987578869201e-12,-2.382617306645985e-11,0.00036582602699671734
3,290,888.0,0.9698996655518395,299.0,0.40182689078751876,1.12860445896721e-10,-7.240569424605799e-11,0.9157156522016361,4.2360985398788784e-11,1.1007144759950383e-10,0.06546841463657604,-7.069926689912294e-12,-2.0330455243226065e-11,0.000260248500291148
3,291,889.0,0.9732441471571907,299.0,0.3716417527026208,6.855162809776613e-11,-3.4557829668639546e-11,0.9283762247303696,2.8629843902738058e-11,8.465837854545329e-11,0.06676965713803176,-5.526052745869777e-12,-1.7192252648115153e-11,0.00012463611375503953
3,292,890.0,0.9765886287625418,299.0,0.340446741727694,3.338890728569179e-11,-7.811125198645692e-12,0.940263804908338,1.7957428706064404e-11,6.316806273528792e-11,0.06739283770680693,-4.144219763962262e-12,-1.4291942311233224e-11,-4.158622200919554e-05
3,293,891.0,0.979933110367893,299.0,0.30857595237752367,6.471332895524995e-12,1.0259909879368334e-11,0.951199709244867,1.0007632861066213e-11,4.53031348462294e-11,0.06718490659676092,-3.0228323543168723e-12,-1.1575588377419029e-11,-0.00022486860232324247
3,294,892.0,0.9832775919732442,299.0,0.2764547391877399,-1.3186029216014736e-11,2.1783989610332853e-11,0.9610269404602597,4.0246164449810544e-12,3.083364937444857e-11,0.0660605635851447,-2.142582467364586e-12,-9.105413352159609e-12,-0.0004220952238333293
3,295,893.0,0.9866220735785953,299.0,0.24456672764993065,-2.6716475574195775e-11,2.8402436659321036e-11,0.969632464935669,-5.775908992008478e-13,1.9451882684242144e-11,0.06395008746597805,-1.3834269324496887e-12,-6.974235385677683e-12,-0.0006380474284911468
3,296,894.0,0.9899665551839465,299.0,0.21344295763578694,-3.5294373760003504e-11,3.13403385298116e-11,0.9769555282711221,-3.762875499065131e-12,1.0734088452139929e-11,0.06075985032352234,-8.291043994106542e-13,-5.079948883106169e-12,-0.0008558415719832
3,297,895.0,0.9933110367892977,299.0,0.18366919707953983,-3.997017175060857e-11,3.1705566768529086e-11,0.9829881108629458,-5.951808649002248e-12,4.384152348251378e-12,0.05648064246360635,-4.152006666971054e-13,-3.4167698968986484e-12,-0.001064983024559635
3,298,896.0,0.9966555183946488,299.0,0.15583975206583356,-4.175997527073027e-11,3.0299234807643465e-11,0.9877823503566878,-7.284970233178818e-12,1.1318997712167175e-13,0.0511557273408082,1.7131921473601447e-13,-2.090688660611086e-12,-0.0012738564957970812
3,299,897.0,1.0,299.0,0.13052617004693814,-4.159488950460779e-11,2.7768568132536405e-11,0.9914448642929035,-6.41100463810998e-12,-2.5001708486382857e-12,0.04478644486182281,1.7131921473601447e-13,-2.090688660611086e-12,-0.0012738564957970812
4,0,897.0,0.0,299.0,0.13052617004693814,-4.1594889506911395e-11,2.776856813258229e-11,0.9914448642929036,-6.411004638109663e-12,-2.500170848637821e-12,0.04478644486182282,-6.631473587201257e-14,-1.4064682124753988e-12,-0.0011742171973267864
4,1,898.0,0.0033444816053511705,299.0,0.10829365492952032,-4.0141772206888054e-11,2.535199155764955e-11,0.9941189487855028,-7.0784821425850835e-12,-4.2582561142337135e-12,0.0389153588751889,1.1260287940332102e-13,-8.336399524017751e-13,-0.0010760529153977783
4,2,899.0,0.006688963210702341,299.0,0.08893112823467572,-3.790770215039028e-11,2.2379434452323724e-11,0.9960377776887122,-7.012582930066407e-12,-5.300306054735267e-12,0.03353509429820001,2.1240547550755638e-13,-4.3677883652626904e-13,-0.0009780741433882902
4,3,900.0,0.010033444816053512,299.0,0.07221829918872417,-3.519942433551271e-11,1.928396175901626e-11,0.9973888497304598,-6.483779331619856e-12,-5.846279600388767e-12,0.02864472358125855,2.264707937319584e-13,-1.8288511816553328e-13,-0.0008840865615117026
4,4,901.0,0.013377926421404682,299.0,0.057926416669548855,-3.223834475075181e-11,1.634168687987588e-11,0.9983208555720159,-5.853812771107537e-12,-6.0748859980924604e-12,0.02422429077370003,2.3646835537986745e-13,-1.900058788528226e-14,-0.0007991658408363257
4,5,902.0,0.016722408026755852,299.0,0.04583065600784671,-2.917532787136067e-11,1.3633085426394895e-11,0.9989492236597918,-5.112947762133372e-12,-6.098636732948042e-12,0.0202284615695184,2.35608144584054e-13,1.1811729219407933e-13,-0.0007209825207364556
4,6,903.0,0.020066889632107024,299.0,0.03572488111493408,-2.6107053066041915e-11,1.1233972435294219e-11,0.999361662947019,-4.305004610424641e-12,-5.950990117705931e-12,0.01662354896583612,2.1747860159374348e-13,2.3507799458886837e-13,-0.0006479296946282591
4,7,904.0,0.023411371237458192,299.0,0.02741727395786382,-2.311611578788442e-11,9.193174361122412e-12,0.99962407612946,-3.514391599091361e-12,-5.657142624470407e-12,0.013383900492694825,1.9042909722216674e-13,3.159047568238495e-13,-0.0005840902662144617
4,8,905.0,0.026755852842809364,299.0,0.020727275402350306,-2.027477017130575e-11,7.51358419710799e-12,0.999785167183104,-2.789390698584111e-12,-5.262261678440416e-12,0.010463449161622514,1.4519970258889468e-13,3.5970865498186297e-13,-0.0005294953204086981
4,9,906.0,0.030100334448160536,299.0,0.015496414966394973,-1.7633539156728142e-11,6.170626415523042e-12,0.9998799235531892,-2.228578345230288e-12,-4.8126258597129804e-12,0.007815972559579016,9.936158027368137e-14,3.7743440228333076e-13,-0.00047944562450761175
4,10,907.0,0.033444816053511704,299.0,0.011588789555895094,-1.522053962509312e-11,5.088049263156113e-12,0.9999328478562969,-1.8446211162208746e-12,-4.340832856858992e-12,0.005418744437040948,7.405018570444105e-14,3.835006866469992e-13,-0.0004321562555706423
4,11,908.0,0.03678929765886288,299.0,0.008879560056506315,-1.304711876565004e-11,4.181870047155725e-12,0.9999605759802185,-1.5449435592390041e-12,-3.861456998550274e-12,0.0032579631591877333,6.14312767301468e-14,3.809809166976342e-13,-0.00038834869126346645
4,12,909.0,0.04013377926421405,299.0,0.007250631636669439,-1.1116496896310703e-11,3.4135347853222215e-12,0.9999737138285312,-1.2755382622418732e-12,-3.3852308526779037e-12,0.0013162197028704036,5.04392519714133e-14,3.6750191806302407e-13,-0.00034613251097470935
4,13,910.0,0.043478260869565216,299.0,0.006592537561787946,-9.426301378905018e-12,2.770826671103415e-12,0.999978268996301,-1.0367178567125226e-12,-2.9258534550986004e-12,-0.0004144428520031364,3.922436266204786e-14,3.4421287297486334e-13,-0.0003009552383016302
4,14,911.0,0.046822742474916385,299.0,0.006799754341809437,-7.967397698613184e-12,2.240882425282466e-12,0.9999768814410642,-8.369637953211513e-13,-2.4955873638795648e-12,-0.0019192190435112768,2.791543453812587e-14,3.1618887346419626e-13,-0.00024961619866632864
4,15,912.0,0.05016722408026756,299.0,0.007759338400785227,-6.724625338881505e-12,1.8062797956084934e-12,0.9999698959312049,-6.830192670049292e-13,-2.1003512720488675e-12,-0.003167300036842906,1.8905668773943425e-14,2.8649534094122384e-13,-0.00019243168877410827
4,16,913.0,0.05351170568561873,299.0,0.00934293035268206,-5.679983745262114e-12,1.4459809263311852e-12,0.9999563538987505,-5.685311706138611e-13,-1.7422320958715556e-12,-0.004129458480713432,1.442680763613788e-14,2.534669040811216e-13,-0.0001319662993152792
4,17,914.0,0.056856187290969896,299.0,0.011407548093439435,-4.814535667961386e-12,1.1418594287480487e-12,0.9999349318063651,-4.748092524542537e-13,-1.4253984657688997e-12,-0.004789289977289817,1.3939788503676009e-14,2.1494376032516228e-13,-7.115244102672005e-05
4,18,915.0,0.06020066889632107,299.0,0.013802002272010753,-4.1073122525667304e-12,8.848093518697597e-13,0.9999047478934737,-3.846266029615245e-13,-1.1567187653609835e-12,-0.005145052182423415,1.551053985180787e-14,1.7309637615825906e-13,-1.3013486812766724e-05
4,19,916.0,0.06354515050167224,299.0,0.016374234820722658,-3.5339255657589744e-12,6.739647170261418e-13,0.9998659334884586,-2.892186793159214e-13,-9.403482951618454e-13,-0.005210119616487256,1.5594440322024746e-14,1.321331442295584e-13,3.884104469570106e-05
4,20,917.0,0.06688963210702341,299.0,0.018978886876020774,-3.0679266555185168e-12,5.124696499168178e-13,0.9998198852182525,-1.9654984015343184e-13,-7.751818648738571e-13,-0.005015914393008764,1.135506062890587e-14,9.396841042838169e-14,8.06809229412395e-05
4,21,918.0,0.07023411371237458,299.0,0.021486330040466812,-2.68354673302399e-12,3.991623666862358e-13,0.9997691428517087,-1.281115477787568e-13,-6.577213518376874e-13,-0.004612509778302583,5.176411518663943e-15,5.87786234018285e-14,0.0001100674137714919
4,22,919.0,0.07357859531772576,299.0,0.02379199332974367,-2.357052017108059e-12,3.218669789078345e-13,0.9997169311622757,-9.312839591463306e-14,-5.842480725851896e-13,-0.0040621727094451365,1.8141005981728876e-15,2.7912552962559657e-14,0.0001267911016504673
4,23,920.0,0.07692307692307693,299.0,0.025822454272995458,-2.066767584927667e-12,2.6357917813909984e-13,0.999666545394901,-7.693577882647788e-14,-5.493573813822641e-13,-0.003428217201192809,1.9556430859970226e-15,4.676122376177658e-15,0.00013256433954553134
4,24,921.0,0.0802675585284281,299.0,0.027535952516365415,-1.7936227085554704e-12,2.1448951329153553e-13,0.9996208141356421,-6.150403427924051e-14,-5.43512228412647e-13,-0.002765395503465155,2.5947726784901783e-15,-8.38605404886188e-15,0.00013001786248389887
4,25,922.0,0.08361204013377926,299.0,0.028918099200998672,-1.5231113482516255e-12,1.7378696771549016e-13,0.9995817845143691,-4.401773918069623e-14,-5.539947959744172e-13,-0.0021153061910456575,1.6876308130907547e-15,-1.0457657394606305e-14,0.00012182942754067142
4,26,923.0,0.08695652173913043,299.0,0.02997529359501341,-1.2470492177845748e-12,1.4216688251511025e-13,0.9995506400158373,-3.206191702960147e-14,-5.670668677183072e-13,-0.0015061590533422943,1.3419955681585128e-16,-1.6415113892270905e-15,0.00011025078806809762
4,27,924.0,0.0903010033444816,299.0,0.030728026145248614,-9.642304269969263e-13,1.1670549261144171e-13,0.999527782750473,-2.882785273465094e-14,-5.691187569554286e-13,-0.0009549051130017998,-1.216049800097193e-18,1.6688574495512745e-14,9.687413808810185e-05
4,28,925.0,0.09364548494983277,299.0,0.03120524971927807,-6.803039392469082e-13,9.309428983564998e-14,0.999512997630039,-2.72034787294351e-14,-5.482580388365987e-13,-0.00047053442256128635,1.355041169764315e-15,4.108610088595994e-14,8.253994244536768e-05
4,29,926.0,0.09698996655518395,299.0,0.03144040148886444,-4.0675475148317116e-13,7.07849193542357e-14,0.9995056283888833,-1.9654465838781167e-14,-4.969004127296311e-13,-5.783471033444704e-05,2.021792524886732e-15,6.600956906004734e-14,6.747305639251861e-05
4,30,927.0,0.10033444816053512,299.0,0.03146930453483704,-1.5873839513200915e-13,5.313939995361398e-14,0.9995047187932785,-9.459479217010287e-15,-4.143884514049048e-13,0.0002795305716281441,9.68342039273566e-16,8.547145304772125e-14,5.164408705301338e-05
4,31,928.0,0.10367892976588629,299.0,0.0313296081650817,4.8211794355068385e-14,4.191393182110145e-14,0.9995091073420482,-4.965687721504986e-15,-3.075491350953897e-13,0.0005377510068932078,-3.210566642661034e-16,9.512613378819816e-14,3.517434695950993e-05
4,32,929.0,0.10702341137123746,299.0,0.031060863521304233,2.0184435302847027e-13,3.460168073270975e-14,0.9995174949731019,-7.067894989123366e-15,-1.8864146786007875e-13,0.0007136227416907547,-5.638044692251848e-16,9.341470227706317e-14,1.8594393062042057e-05
4,33,930.0,0.11036789297658862,299.0,0.03070422234419343,2.96022138865605e-13,2.80677823611331e-14,0.9995285142200995,-1.0291778173042469e-14,-7.187309001352113e-14,0.0008065947070009642,-2.7844157832905727e-16,8.143686465230268e-14,2.8559851911986415e-06
4,34,931.0,0.11371237458193979,299.0,0.030301112654080906,3.317950316271516e-13,2.1701566171607827e-14,0.999540815882093,-1.1858837011186779e-14,2.9922990802204946e-14,0.000820874632956959,-1.9531006917262858e-16,6.201293085510883e-14,-1.0872887866075996e-05
4,35,932.0,0.11705685618729098,299.0,0.02989086126388076,3.1666961409189377e-13,1.609205348276056e-14,0.999553168422787,-1.2762298695445075e-14,1.074391543715033e-13,0.0007665101936265827,-1.2773191872876964e-16,3.87968671246523e-14,-2.1497817480489047e-05
4,36,933.0,0.12040133779264214,299.0,0.02950777523223604,2.6278944358207377e-13,1.1198116829890071e-14,0.999564550858007,-1.3154118256445187e-14,1.5593523827772642e-13,0.0006590211062241423,1.9950225635996203e-16,1.5538175332965175e-14,-2.8266876694317067e-05
4,37,934.0,0.12374581939799331,299.0,0.02917840656835254,1.8466537448778387e-13,6.837982721146441e-15,0.9995742197211412,-1.184832472021379e-14,1.7535795744427299e-13,0.0005176867227525617,5.356599490442465e-16,-4.7077782049639046e-15,-3.09557080026812e-05
4,38,935.0,0.12709030100334448,299.0,0.028919672442424355,9.685263257026605e-14,3.426884170108433e-15,0.99958173886041,-8.897738889732043e-15,1.694732346883043e-13,0.0003629081827391595,6.146964160718481e-16,-2.0145048295983227e-14,-2.9902214289777982e-05
4,39,936.0,0.13043478260869565,299.0,0.028738293770519795,1.2023416911466682e-14,1.4128715320488466e-15,0.9995869699761308,-5.639994483557023e-15,1.4429192431844668e-13,0.0002133971112902716,5.364171398689478e-16,-3.0162304599535427e-14,-2.590798038774458e-05
4,40,937.0,0.13377926421404682,299.0,0.028631639120602473,-6.017363799957042e-14,6.661278743477206e-16,0.9995900306001712,-2.865948494109388e-15,1.0658904356904312e-13,8.38572093515491e-05,4.66281473510548e-16,-3.488525006329245e-14,-2.006009072075496e-05
4,41,938.0,0.13712374581939799,299.0,0.02858972767984643,-1.1348731038554804e-13,7.621938454491373e-16,0.9995912301933444,-5.081815552643453e-16,6.298248098986338e-14,-1.6443244252226712e-05,3.7445344791821507e-16,-3.489219564920254e-14,-1.3501261282478231e-05
4,42,939.0,0.14046822742474915,299.0,0.02859794594013994,-1.4497294799157117e-13,1.4076168199147452e-15,0.999590995101484,1.3605999373974817e-15,1.9367236428247875e-14,-8.394955066461982e-05,1.9201331252261924e-16,-3.110238460525249e-14,-7.227791660593348e-06
4,43,940.0,0.14381270903010032,299.0,0.02863990352243042,-1.5463320859185376e-13,2.3584978350208432e-15,0.9995897938301412,2.3155412062418895e-15,-1.9510744328456133e-14,-0.00012008850896758895,-2.0938556581449624e-17,-2.4625739143295588e-14,-1.9676114243504992e-06
4,44,941.0,0.14715719063545152,299.0,0.028699923094827124,-1.4484882037054424e-13,3.227126282789383e-15,0.9995880723697744,2.217756678993004e-15,-5.0292918257729085e-14,-0.00012992656608934387,-1.5853564443200718e-16,-1.6594635041833146e-14,1.87515361069477e-06
4,45,942.0,0.1505016722408027,299.0,0.028764859557157508,-1.1968110370944012e-13,3.60444639218391e-15,0.9995862058211792,1.4446483056545264e-15,-7.103621206017524e-14,-0.00012055079803587214,-1.8976687437224685e-16,-8.097636460863643e-15,4.205495551397168e-06
4,46,943.0,0.15384615384615385,299.0,0.028825109962273603,-8.415713374005386e-14,3.2975940380157404e-15,0.9995844701916151,5.21507020442364e-16,-8.115825763638767e-14,-9.952332027888786e-05,-1.4924040523733089e-16,-1.5300415056834506e-16,5.168533324734326e-06
4,47,944.0,0.15719063545150502,299.0,0.028874850909200982,-4.3587514022768e-14,2.3843624116674704e-15,0.9995830345667802,-2.004662612264022e-16,-8.134951282468887e-14,-7.368065365521711e-05,-8.114319866353031e-17,6.4045882340320816e-15,5.066161396493295e-06
4,48,945.0,0.1605351170568562,299.0,0.028911675855222814,-2.9326992857278873e-15,1.1080955968470869e-15,0.9995819701273347,-5.882240597609654e-16,-7.334377753219421e-14,-4.834984667275081e-05,-1.8753013600051528e-17,1.1072684360590743e-14,4.272104853275862e-06
4,49,946.0,0.16387959866220736,299.0,0.028935840664225172,3.371532965791912e-14,-2.4620373870286073e-16,0.9995812708961805,-6.71387283495727e-16,-5.950292208146757e-14,-2.6989322406371096e-05,1.9394262413702095e-17,1.3711273896031758e-14,3.155749816701518e-06
4,50,947.0,0.16722408026755853,299.0,0.028949329672166298,6.344462270799628e-14,-1.4421807782050166e-15,0.9995808803251575,-5.696334199611775e-16,-4.2363829711418267e-14,-1.1210573322862756e-05,3.302064469089643e-17,1.443363324173058e-14,2.0239566808152616e-06
4,51,948.0,0.1705685618729097,299.0,0.02895493260908299,8.460942263039851e-14,-2.339721864743392e-15,0.9995807180400884,-4.031299669211744e-16,-2.432178815922831e-14,-1.090789918785597e-06,3.2460621195119816e-17,1.3490463537369644e-14,1.0812218734381737e-06
4,52,949.0,0.17391304347826086,299.0,0.028955477775364523,9.675938280314034e-14,-2.893272328911586e-15,0.9995807022481562,-2.407590418781021e-16,-7.458708737473636e-15,4.315319448406012e-06,2.6487571990454764e-17,1.1246534031787543e-14,4.2010698038342537e-07
4,53,950.0,0.17725752508361203,299.0,0.028953321020274394,1.0048368153637358e-13,-3.1217941525220363e-15,0.999580764721934,-1.0842004115220352e-16,6.599458802312482e-15,6.415854350323634e-06,1.8975350812895024e-17,8.194194739345763e-15,4.056265332321144e-08
4,54,951.0,0.1806020066889632,299.0,0.028950114437824644,9.718375590503258e-14,-3.0807646259995317e-15,0.9995808575968975,-1.3414616644429238e-17,1.684220222654313e-14,6.618667616939904e-06,1.161980526158981e-17,4.898388927207325e-15,-1.1876829073527173e-07
4,55,952.0,0.18394648829431437,299.0,0.0289468064909381,8.87659800597597e-14,-2.843998027295077e-15,0.9995809533969616,4.502026320124404e-17,2.2965188385587692e-14,6.024826163263527e-06,5.5847127014759435e-18,1.8639063196333846e-15,-1.435387781941004e-07
4,56,953.0,0.18729096989966554,299.0,0.028943795340065966,7.728884065333208e-14,-2.489379663929153e-15,0.9995810405921325,7.335901422458906e-17,2.5295071285150187e-14,5.307132272292871e-06,1.4189415928198992e-18,-5.738380435227605e-16,-1.1558583488079276e-07
4,57,954.0,0.19063545150501673,299.0,0.02894114288556453,6.464765887964658e-14,-2.086852569090463e-15,0.9995811173928784,8.085594176605396e-17,2.4577773730756934e-14,4.7292030978887215e-06,-9.642090143521514e-19,-2.2621702125677996e-15,-9.155969812019665e-08
4,58,955.0,0.1939799331103679,299.0,0.0289387792744254,5.236508474511651e-14,-1.6909398380142752e-15,0.999581185824354,7.638323610654682e-17,2.1750060965050537e-14,4.271404607287592e-06,-1.819009016372523e-18,-3.1781079940612183e-15,-9.242803124261756e-08
4,59,956.0,0.19732441471571907,299.0,0.02893664446651825,4.149571051958467e-14,-1.3381659583831455e-15,0.9995812476266921,6.756691718751737e-17,1.7777425972471478e-14,3.809264451074434e-06,-1.8060134227414634e-18,-3.3857013760559794e-15,-1.1688860564605615e-07
4,60,957.0,0.20066889632107024,299.0,0.02893474063180938,3.261169476045654e-14,-1.0472662198473557e-15,0.9995813027385453,5.874024594438721e-17,1.354529925239355e-14,3.224821422844155e-06,-1.6269695631655648e-18,-3.029340714135094e-15,-1.508432315251319e-07
4,61,958.0,0.2040133779264214,299.0,0.028933128896172087,2.584272896869765e-14,-8.219961808337624e-16,0.999581349391933,5.073665761771524e-17,9.758623359713802e-15,2.4706052652185413e-06,-1.578895782345025e-18,-2.3226156777159876e-15,-1.7390914183994517e-07
4,62,959.0,0.20735785953177258,299.0,0.028931894110677366,2.0966192991514496e-14,-6.554966842239704e-16,0.9995813851323415,4.2914581336644554e-17,6.855353762558756e-15,1.601059556018874e-06,-1.5639749589762202e-18,-1.5033128755963207e-15,-1.7401381270928953e-07
4,63,960.0,0.21070234113712374,299.0,0.02893109391600354,1.7540571259807406e-14,-5.348959981400681e-16,0.9995814082928636,3.512760710750088e-17,4.976212668056592e-15,7.309904924724723e-07,-1.4629534854171088e-18,-7.688014686289837e-16,-1.4979856880575767e-07
4,64,961.0,0.2140468227424749,299.0,0.028930728573748513,1.5054014362712394e-14,-4.453623328883255e-16,0.9995814188669732,2.782370867246712e-17,4.015210832266879e-15,-1.8002351556295533e-08,-1.2712597826776088e-18,-2.377954947967438e-16,-1.0715767690458053e-07
4,65,962.0,0.21739130434782608,299.0,0.02893073757115654,1.304765176478142e-14,-3.733746895055249e-16,0.9995814186065618,2.146716822686855e-17,3.717966463769346e-15,-5.537907360792035e-07,-1.075392671285226e-18,4.903195152645329e-17,-5.79984280944553e-08
4,66,963.0,0.22073578595317725,299.0,0.028931014350620295,1.1189757290799815e-14,-3.088602386226511e-16,0.9995814105957364,1.6084020297208675e-17,3.779256403176582e-15,-8.43782876551505e-07,-9.323775661550616e-19,1.0585338190282721e-16,-1.3182634830264688e-08
4,67,964.0,0.22408026755852842,299.0,0.028931436065456843,9.301152852687112e-15,-2.461480199791864e-16,0.9995813983899007,1.141256699445209e-17,3.911573130554766e-15,-9.096960507028627e-07,-7.792960537717939e-19,-1.7065833355657068e-17,2.1925018826809257e-08
4,68,965.0,0.22742474916387959,299.0,0.028931890723079213,7.346350182356653e-15,-1.8385618416340033e-16,0.9995813852303911,7.505414388101695e-18,3.8902408388602e-15,-8.000709565688468e-07,-5.906828074857583e-19,-2.4454802371925337e-16,4.312393341520757e-08
4,69,966.0,0.23076923076923078,299.0,0.0289322905910945,5.402152667800491e-15,-1.2382609878242802e-16,0.9995813736565284,4.542662132421695e-18,3.584555809210994e-15,-5.844512894928272e-07,-4.423180529336957e-19,-4.897996510842188e-16,4.819285289877827e-08
4,70,967.0,0.23411371237458195,299.0,0.028932582694404695,3.6106908155392426e-15,-6.969943439573649e-17,0.9995813652017284,2.32478239359001e-18,2.972306245354775e-15,-3.434870249989428e-07,-3.0943023161397625e-19,-6.752386061425065e-16,4.236359272729577e-08
4,71,968.0,0.23745819397993312,299.0,0.028932754366018974,2.1251934999142606e-15,-2.553866080986469e-17,0.9995813602327303,7.745620685744565e-19,2.128257987674703e-15,-1.3166906136246273e-07,-1.917168891296971e-19,-7.525439346050307e-16,3.112065580808273e-08
4,72,969.0,0.2408026755852843,299.0,0.02893282017298863,1.0615212080719955e-15,5.6367812990209154e-18,0.9995813583279538,-1.8487046255507068e-19,1.1875780694160112e-15,2.3934217677958084e-08,-1.634967627262225e-19,-7.110937186088277e-16,1.6853115681957316e-08
4,73,970.0,0.24414715719063546,299.0,0.02893280821088971,4.679780903315715e-16,2.2724363562356636e-17,0.9995813586741961,-1.002276803640658e-18,2.9871092115303475e-16,1.081997960877522e-07,-1.2230723422323058e-19,-5.71018456787034e-16,4.985368981131833e-09
4,74,971.0,0.24749163879598662,299.0,0.028932754133640062,3.186706612715979e-16,2.654468267239893e-17,0.9995813602394568,-1.6137226488584795e-18,-4.1506214983149684e-16,1.3312664099341886e-07,-8.502058763232013e-20,-3.7012025603509663e-16,-1.9398017505669306e-09
4,75,972.0,0.2508361204013378,299.0,0.02893268759818553,5.260915119562017e-16,1.9733692842594926e-17,0.9995813621653149,-2.0389949631535796e-18,-8.777124698746279e-16,1.2342763224059264e-07,-9.963398781906769e-20,-1.5019536581611945e-16,-6.225820972612591e-09
4,76,973.0,0.25418060200668896,299.0,0.028932625910205075,9.64734525318259e-16,6.017300369269373e-18,0.9995813639508597,-2.5374897666022166e-18,-1.0654566771427255e-15,9.229852737753572e-08,-8.730909934845279e-20,4.9810227005755616e-17,-8.426933510138225e-09
4,77,974.0,0.25752508361204013,299.0,0.0289325797802611,1.4972031297566952e-15,-1.0664186172406416e-17,0.9995813652860781,-2.9743282740959267e-18,-1.0031938933825201e-15,5.016385982684639e-08,-4.905553241794916e-20,1.9998585955141075e-16,-8.250236821135585e-09
4,78,975.0,0.2608695652173913,299.0,0.02893255470883135,1.998547054292166e-15,-2.6663257501307232e-17,0.999581366011763,-3.219755759082495e-18,-7.532115689397238e-16,8.912675721166307e-09,-3.9811958505938155e-20,2.8197049868623295e-16,-5.726662341770433e-09
4,79,976.0,0.26421404682274247,299.0,0.02893255025435908,2.3749485923551627e-15,-3.916863676519875e-17,0.9995813661406964,-3.418836154841013e-18,-4.0074844557832274e-16,-1.9720635987688857e-08,-4.533077294926847e-20,2.9268024426870066e-16,-1.888086875305512e-09
4,80,977.0,0.26755852842809363,299.0,0.02893256011054921,2.575189467374448e-15,-4.6674652490847534e-17,0.9995813658554124,-3.6454673747983404e-18,-3.489814023926257e-17,-2.9161070364217386e-08,-3.51997919445382e-20,2.4303997058653327e-16,7.562259496443014e-10
4,81,978.0,0.2709030100334448,299.0,0.02893257468498048,2.5925784927544726e-15,-4.900143145451134e-17,0.9995813654335601,-3.821464466500169e-18,2.689018229961843e-16,-2.537994061599586e-08,-1.5627731428455584e-20,1.5493359987130758e-16,1.2655306427029132e-09
4,82,979.0,0.27424749163879597,299.0,0.028932587369638333,2.4581285841287045e-15,-4.702131954497644e-17,0.9995813650664068,-3.899624904440507e-18,4.625688228363044e-16,-1.9052287402482584e-08,-9.346420561715934e-21,5.4451360178433426e-17,1.0872588459834038e-09
4,83,980.0,0.27759197324414714,299.0,0.028932596891794074,2.226884585772998e-15,-4.2278635654250604e-17,0.9995813647907908,-3.9463839911262964e-18,5.306330230588492e-16,-1.3615993172568021e-08,-1.9269949250542875e-20,-3.403849584464456e-17,1.452156500991159e-09
4,84,981.0,0.2809364548494983,299.0,0.028932603696940604,1.9616220604666816e-15,-3.657469052555448e-17,0.9995813645938181,-4.0427544728204065e-18,4.880849032511039e-16,-6.355210667613571e-09,-1.8482719295688728e-20,-9.28881006624258e-17,1.9882867653653925e-09
4,85,982.0,0.2842809364548495,299.0,0.02893260687321568,1.7176232965845146e-15,-3.1534431498436736e-17,0.9995813645018818,-4.135175918160293e-18,3.719747774199629e-16,3.5862231592141475e-09,-1.6258174636718045e-20,-1.1318729704466536e-16,1.374542226167276e-09
4,86,983.0,0.28762541806020064,299.0,0.028932605080854757,1.5316539553854028e-15,-2.822005683846193e-17,0.9995813645537615,-4.2164620585170925e-18,2.3049065611029195e-16,1.0458934290052258e-08,-1.7880588590306212e-20,-9.527696921711814e-17,-2.1413211769559423e-10
4,87,984.0,0.2909698996655518,299.0,0.02893259985357686,1.4163958834838597e-15,-2.6993065824671393e-17,0.9995813647050638,-4.305857685533272e-18,1.1139444458487194e-16,9.388273701574597e-09,-9.112715266495031e-21,-4.6766446877575217e-17,-5.234894108034925e-10
4,88,985.0,0.29431438127090304,299.0,0.028932595161405145,1.3606596940543415e-15,-2.7533634732832807e-17,0.9995813648408776,-4.351418128808651e-18,5.293638598424165e-17,6.7708266475571496e-09,-6.6021314958285386e-21,1.9240042597935193e-17,-4.0201827042387244e-10
4,89,986.0,0.2976588628762542,299.0,0.028932591777409075,1.3341396367319722e-15,-2.8942644168011403e-17,0.9995813649388265,-4.3844276653388894e-18,7.69864392288434e-17,4.760735295438253e-09,-1.6034577122989145e-20,8.792706741904169e-17,-1.1350937116594596e-09
4,90,987.0,0.3010033444816054,299.0,0.02893258939803794,1.2955991071494505e-15,-3.0020234854787976e-17,0.999581365007697,-4.464599375136573e-18,1.8689527350098817e-16,-9.147332628597855e-10,8.09305972318996e-21,1.4455532572563617e-16,-5.531489798508647e-10
4,91,988.0,0.30434782608695654,299.0,0.028932589855213107,1.2021260042567735e-15,-2.9547917248215154e-17,0.9995813649944644,-4.424134674166324e-18,3.6758943065768776e-16,-3.6804781621138354e-09,2.163072531685439e-20,1.7793445588942443e-16,4.0481782679527287e-10
4,92,989.0,0.3076923076923077,299.0,0.0289325916946818,1.0183442285666312e-15,-2.6441399080663882e-17,0.9995813649412216,-4.31598497871622e-18,5.900075005203772e-16,-1.6563890281361356e-09,2.1397152629488863e-20,1.8078353056132757e-16,1.2349478194975181e-10
4,93,990.0,0.3110367892976589,299.0,0.028932592522529606,7.234015368450604e-16,-2.006326408059596e-17,0.99958136491726,-4.209001461501836e-18,8.159869137240073e-16,-1.0389151183874486e-09,3.762645101709612e-20,1.516750971796835e-16,-5.935689317186755e-12
4,94,991.0,0.31438127090301005,299.0,0.02893259304176971,3.155179866754092e-16,-1.0362574758873428e-17,0.999581364902231,-4.0208711013024955e-18,1.0055807852013188e-15,-1.0685935649742989e-09,5.772611518662856e-20,9.391081180884332e-17,-2.9283551218791707e-10
4,95,992.0,0.3177257525083612,299.0,0.028932593575842828,-1.8712009259725369e-16,2.1748614522712176e-18,0.9995813648867726,-3.732243655780152e-18,1.1229692999654506e-15,-2.5327711259152845e-09,6.660818614271086e-20,1.5685690953773327e-17,-3.5916446691864183e-10
4,96,993.0,0.3210702341137124,299.0,0.028932594841698252,-7.484236819747184e-16,1.6554727740530243e-17,0.999581364850133,-3.3992114536178274e-18,1.142576413660726e-15,-4.328593460509405e-09,7.030109212000996e-20,-7.204063680567183e-17,1.0581888812203013e-09
4,97,994.0,0.32441471571906355,299.0,0.028932597005088923,-1.3195219053768109e-15,3.1384682003179234e-17,0.9995813647875145,-3.047720775431091e-18,1.0525256176563354e-15,9.623509455940024e-10,8.207260699112854e-20,-1.5677721553828616e-16,1.2963663955076067e-09
4,98,995.0,0.3277591973244147,299.0,0.028932596524114885,-1.8456084937961966e-15,4.508761001097129e-17,0.9995813648014363,-2.6373547024058172e-18,8.565540982355421e-16,7.444182923134383e-09,9.629847910509883e-20,-2.268464191437979e-16,-2.9617066006605597e-10
4,99,996.0,0.3311036789297659,299.0,0.028932592803581632,-2.273744404677825e-15,5.616065886127135e-17,0.9995813649091263,-2.1558437921422707e-18,5.729960743070554e-16,5.9633296228031165e-09,9.829005149857584e-20,-2.7286038543519034e-16,-5.468755713926273e-10
4,100,997.0,0.33444816053511706,299.0,0.028932589823165066,-2.560153690204752e-15,6.337232619183305e-17,0.9995813649953937,-1.6643838624240085e-18,2.3192059251345976e-16,3.2289517658380585e-09,1.0085953560773554e-19,-2.892369821721704e-16,-3.8961165601893213e-10
4,101,998.0,0.3377926421404682,299.0,0.028932588209365066,-2.676089517192293e-15,6.589551845806222e-17,0.9995813650421049,-1.1600836700108232e-18,-1.296256352021781e-16,1.2808934857421827e-09,1.0825910411738123e-19,-2.745319541576097e-16,-4.3963424543500524e-10
4,102,999.0,0.3411371237458194,299.0,0.028932587569186447,-2.6113206121268754e-15,6.344051852954258e-17,0.9995813650606349,-6.187877360726362e-19,-4.727905779003004e-16,-9.172777414329721e-10,1.0424545595748776e-19,-2.317102406302144e-16,9.011878326432626e-10
4,103,1000.0,0.34448160535117056,299.0,0.028932588027633308,-2.3750332352014444e-15,5.629172550306451e-17,0.9995813650473654,-9.755852511746575e-20,-7.62428378689656e-16,3.5886614217859677e-09,9.856061231753689e-20,-1.669319667855207e-16,7.040165452772834e-10
4,104,1001.0,0.34782608695652173,299.0,0.028932586234053762,-1.9939800437005257e-15,4.521345766058817e-17,0.9995813650992802,3.952361313141267e-19,-9.710933371733958e-16,7.108744148174586e-09,9.630017690002485e-20,-8.904145607832065e-17,-1.4930141193892456e-09
4,105,1002.0,0.3511705685618729,299.0,0.02893258268116969,-1.508630921475892e-15,3.136287897354095e-17,0.9995813652021176,8.767159242079599e-19,-1.0823951572731475e-15,-3.563264487738175e-10,8.72377777642504e-20,-7.417895144866838e-18,-9.911296849980245e-10
4,106,1003.0,0.35451505016722407,299.0,0.02893258285925834,-9.676472220445882e-16,1.6142809334235207e-17,0.9995813651969631,1.3129059217183136e-18,-1.0916675262058976e-15,-5.31197487376583e-09,7.340354049514521e-20,6.844851171971291e-17,6.062711135971075e-10
4,107,1004.0,0.35785953177257523,299.0,0.028932585514133885,-4.2202296970258293e-16,1.0066043621280269e-18,0.9995813651201187,1.6799409752529115e-18,-1.0061068865575763e-15,-2.2806193057798233e-09,6.14314302252191e-20,1.3107230266999542e-16,1.6384749097683092e-10
4,108,1005.0,0.3612040133779264,299.0,0.02893258665396617,8.084418103646821e-17,-1.270841397904674e-17,0.9995813650871267,1.987104866214801e-18,-8.422665082209704e-16,-1.4613818508953324e-09,5.193295538380492e-20,1.7477840405666738e-16,-2.2500799226930766e-10
4,109,1006.0,0.36454849498327757,299.0,0.02893258738435121,5.018298800719349e-16,-2.3899751748250232e-17,0.999581365065986,2.2467732436071458e-18,-6.237935031505536e-16,-2.5864218122413652e-09,3.952227769673029e-20,1.9706264520455736e-16,1.8557683698349873e-10
4,110,1007.0,0.36789297658862874,299.0,0.028932588677020737,8.136285626571175e-16,-3.1800814757523745e-17,0.9995813650285703,2.44438950642159e-18,-3.774651966448374e-16,-1.6585376273231657e-09,2.7035448669595364e-20,1.9775083407107796e-16,4.460422089276392e-10
4,111,1008.0,0.3712374581939799,299.0,0.02893258950594239,1.0023175111580996e-15,-3.603965360160642e-17,0.9995813650045776,2.579568816798329e-18,-1.302766540555967e-16,5.716734173153954e-10,1.5258187011141645e-20,1.7939030013212955e-16,3.678075998906008e-10
4,112,1009.0,0.3745819397993311,299.0,0.02893258922022535,1.0674658845283871e-15,-3.663502988578784e-17,0.9995813650128478,2.6558597825950777e-18,9.396122111022699e-17,2.4107114167680415e-09,3.9237323088392276e-21,1.461108825044079e-16,-1.72788855318628e-11
4,113,1010.0,0.3779264214046823,299.0,0.028932588015374256,1.0205433607948793e-15,-3.394838646941525e-17,0.999581365047722,2.675479248594379e-18,2.765998242415585e-16,2.3243169891074057e-09,-7.198317412890378e-21,1.0330902571573948e-16,-1.6640691629591735e-10
4,114,1011.0,0.38127090301003347,299.0,0.02893258685370229,8.823400488760642e-16,-2.860983367118504e-17,0.9995813650813464,2.6394895185347764e-18,4.0573610638709996e-16,1.4922824076268444e-09,-1.8159651655620962e-20,5.661114804726169e-17,2.021159310775398e-10
4,115,1012.0,0.38461538461538464,299.0,0.02893258610787345,6.795951059564912e-16,-2.1421144515280786e-17,0.9995813651029344,2.548692967878365e-18,4.76500041446994e-16,2.5028620630148494e-09,-2.798802920004549e-20,1.1366340224977326e-17,3.296527409309751e-10
4,116,1013.0,0.3879598662207358,299.0,0.02893258485696631,4.4148169441876385e-16,-1.3254143147346568e-17,0.9995813651391418,2.408756376027551e-18,4.90707966728905e-16,4.151125767671119e-09,-3.6462193177002413e-20,-2.806845403932641e-17,-4.4702275358133484e-10
4,117,1014.0,0.391304347826087,299.0,0.028932582782272336,1.9626527013976943e-16,-4.95154511790047e-18,0.9995813651991933,2.226451521045229e-18,4.5562239918026215e-16,1.91601199976494e-09,-4.43661941343687e-20,-5.852528534247605e-17,-7.653125979475332e-10
4,118,1015.0,0.39464882943143814,299.0,0.028932581824667396,-3.1418351365629914e-17,2.7523808285839004e-18,0.9995813652269111,2.004623132168595e-18,3.824657925024839e-16,-1.9105509899730912e-09,-5.113162295472914e-20,-7.839586277797332e-17,-4.386738437380814e-10
4,119,1016.0,0.3979933110367893,299.0,0.028932582779542984,-2.225421912796293e-16,9.287134185894948e-18,0.9995813651992727,1.748962786265434e-18,2.8447096403014264e-16,-4.1039202086636475e-09,-5.494802463516411e-20,-8.730536191861641e-17,-6.935751769459993e-10
4,120,1017.0,0.4013377926421405,299.0,0.02893258483064407,-3.6469282727064673e-16,1.427648888146564e-17,0.9995813651399044,1.4742191583262717e-18,1.7533926163182607e-16,-7.571796093394345e-09,-5.71106914716124e-20,-8.628485393379201e-17,-4.678403588668124e-10
4,121,1018.0,0.40468227424749165,299.0,0.02893258861495722,-4.523044296702381e-16,1.7549797509102955e-17,0.9995813650303687,1.1886617675952142e-18,6.748319421440994e-17,-9.910997887728525e-09,-5.839601945793694e-20,-7.702583490663397e-17,5.425905730155253e-10
4,122,1019.0,0.4080267558528428,299.0,0.028932593568381616,-4.860147054609502e-16,1.9120109070506367e-17,0.9995813648869935,8.966797009906767e-19,-2.879909941914906e-17,-7.198045022649469e-09,-5.885428547265305e-20,-6.201009959232196e-17,1.1352252228691626e-09
4,123,1020.0,0.411371237458194,299.0,0.02893259716589745,-4.716082119013649e-16,1.9151643142771293e-17,0.9995813647828645,6.024088416346947e-19,-1.0631172390985929e-16,-1.5219189083024551e-09,-5.839382223703462e-20,-4.364893546266872e-17,1.0582329591906217e-09
4,124,1021.0,0.41471571906354515,299.0,0.02893259792653834,-4.184658878716261e-16,1.791478394596339e-17,0.9995813647608481,3.104401162492004e-19,-1.6087289323850871e-16,3.769245887650584e-09,-5.600083730609573e-20,-2.448383525663351e-17,1.0298315146878549e-10
4,125,1022.0,0.4180602006688963,299.0,0.02893259604270438,-3.380586235394288e-16,1.574270442298644e-17,0.9995813648153754,3.0434060637667306e-20,-1.9147768730958298e-16,4.284161644992311e-09,-5.194880766208813e-20,-6.4583168436256095e-18,-1.6660484024695278e-10
4,126,1023.0,0.4214046822742475,299.0,0.028932593901520327,-2.4235941904000476e-16,1.2987942520259897e-17,0.9995813648773515,-2.2931243444049263e-19,-1.9955058336434844e-16,3.4511374437550475e-09,-4.7573888672797394e-20,8.781241386580637e-18,7.79689497850023e-10
4,127,1024.0,0.42474916387959866,299.0,0.028932592176673988,-1.426292139833977e-16,9.986576751246809e-18,0.9995813649272769,-4.671839584373736e-19,-1.8857403163129044e-16,7.349584933005706e-09,-4.2682445011746446e-20,2.0351485323319527e-17,8.601797769123841e-11
4,128,1025.0,0.4280936454849498,299.0,0.02893258850341992,-4.8388428393887555e-17,7.025115337734215e-18,0.9995813650335983,-6.80600384704841e-19,-1.631346749772441e-16,7.779674821463294e-09,-3.616767945123681e-20,2.777727360509583e-17,-1.0169424379645096e-09
4,129,1026.0,0.431438127090301,299.0,0.028932584615210935,3.313491636204061e-17,4.325003602128093e-18,0.9995813651461415,-8.614426190546823e-19,-1.2841308297091403e-16,2.6949626316415568e-09,-2.804582016908421e-20,3.121934808748986e-17,-1.690904394131315e-10
4,130,1027.0,0.43478260869565216,299.0,0.02893258326829372,9.730211677742751e-17,2.036801376477422e-18,0.9995813651851277,-1.0016727499041827e-18,-8.938889786154044e-17,1.8495104345777542e-09,-1.9687558420118146e-20,3.110680230036266e-17,-1.1007454334710226e-10
4,131,1028.0,0.43812709030100333,299.0,0.028932582343925636,1.419633644461609e-16,2.430487131928579e-19,0.9995813652118836,-1.100110984896741e-18,-5.0505394986036e-17,1.2991377178428384e-09,-1.2048210173041087e-20,2.8225508161283614e-17,-1.138365073729189e-09
4,132,1029.0,0.4414715719063545,299.0,0.028932581694628725,1.671895756305931e-16,-1.0374023504390462e-18,0.9995813652306774,-1.160352176756752e-18,-1.5223509784356185e-17,-4.392687650805185e-09,-5.27062726209347e-21,2.3393670015294323e-17,-5.452788139749135e-10
4,133,1030.0,0.44481605351170567,299.0,0.028932583890053095,1.747813578729828e-16,-1.837562909435864e-18,0.9995813651671317,-1.1867051015942108e-18,1.401857773484923e-17,-7.119081720681344e-09,8.042461207783454e-22,1.7530867513076987e-17,7.082274467341475e-10
4,134,1031.0,0.44816053511705684,299.0,0.02893258744810381,1.6775783602718006e-16,-2.227869601913421e-18,0.9995813650641451,-1.1826841873145824e-18,3.59321621262823e-17,-3.57794448701007e-09,6.279501651832784e-21,1.1375459232550322e-17,1.1843913080431977e-09
4,135,1032.0,0.451505016722408,299.0,0.028932589236327126,1.4978216707028665e-16,-2.2991586274588926e-18,0.9995813650123857,-1.1512870726544874e-18,5.015148616704984e-17,2.3440120532071706e-09,1.1069167801185885e-20,5.6098778279695044e-18,9.328571115003677e-10
4,136,1033.0,0.45484949832775917,299.0,0.028932588064811745,1.247002666646102e-16,-2.1490551773582164e-18,0.999581365046295,-1.095940877834903e-18,5.716383345207635e-17,7.008297610709875e-09,1.4885254087766886e-20,6.431028339359178e-19,-6.230748092858211e-10
4,137,1034.0,0.45819397993311034,299.0,0.02893258456212991,9.611446109571468e-17,-1.869847826897124e-18,0.9995813651476794,-1.0215134048561638e-18,5.796771199454505e-17,3.892923564279151e-09,1.7839096906868175e-20,-3.208928547123424e-18,-1.194505235465611e-09
4,138,1035.0,0.46153846153846156,299.0,0.028932582616483002,6.712796123229711e-17,-1.5418130321740498e-18,0.9995813652039957,-9.323172421527454e-19,5.395655131067164e-17,-2.0796026130512525e-09,2.044321980611117e-20,-5.891271790359511e-18,7.537424502627194e-11
4,139,1036.0,0.46488294314381273,299.0,0.02893258365584901,4.014749246096597e-17,-1.2272252501672351e-18,0.9995813651739117,-8.30101468724442e-19,4.659246157273843e-17,-1.7027313879188299e-09,2.2821717279142533e-20,-7.40571084378782e-18,3.252610045711346e-11
4,140,1037.0,0.4682274247491639,299.0,0.02893258450685829,1.684900581767933e-17,-9.680820549352664e-19,0.9995813651492796,-7.159931095658945e-19,3.733532301800614e-17,-1.5401008856315973e-09,2.4587171026523608e-20,-7.939320753781902e-18,-3.740898738055914e-10
4,141,1038.0,0.47157190635451507,299.0,0.028932585276586365,-1.8211984998528327e-18,-7.858250348013529e-19,0.9995813651270004,-5.930574274140957e-19,2.741117207577237e-17,-3.4105502546582466e-09,2.5203227380355093e-20,-7.651433913211073e-18,2.836360321543844e-11
4,142,1039.0,0.47491638795986624,299.0,0.028932586981147607,-1.5529626219740904e-17,-6.856915772647956e-19,0.9995813650776625,-4.670415814845129e-19,1.7846879684244677e-17,-3.268732238580147e-09,2.451134089459777e-20,-6.817429984375592e-18,2.7847291216142155e-10
4,143,1040.0,0.4782608695652174,299.0,0.02893258861482953,-2.4456086737086313e-17,-6.6093643301664e-19,0.9995813650303762,-3.444850651395701e-19,9.325092203759135e-18,-1.876367677773892e-09,2.288445899756804e-20,-5.611803077343961e-18,4.382448203168324e-10
4,144,1041.0,0.4816053511705686,299.0,0.02893258955262062,-2.912166433892264e-17,-6.982073527966916e-19,0.9995813650032324,-2.3006283027688597e-19,2.31033835706114e-18,3.148564238089389e-10,2.082377580912525e-20,-4.285925182450377e-18,5.503789654902557e-11
4,145,1042.0,0.48494983277591974,299.0,0.028932589395258328,-3.027967806714665e-17,-7.797685709809954e-19,0.9995813650077874,-1.2594394920053906e-19,-3.047068121017845e-18,5.900459065520583e-10,1.8457454994050485e-20,-2.9421963052673642e-18,4.970389199836569e-11
4,146,1043.0,0.4882943143812709,299.0,0.02893258910035889,-2.8758603745054936e-17,-8.867939590074574e-19,0.9995813650163232,-3.3656675361270065e-20,-6.724813502617098e-18,8.385653665430201e-10,1.5977208187668145e-20,-1.7467756902620247e-18,3.8727895564136134e-10
4,147,1044.0,0.4916387959866221,299.0,0.02893258868125173,-2.5398091497187585e-17,-1.0008983715535108e-18,0.9995813650284544,4.622935204074766e-20,-8.908283115456015e-18,2.7749601447514118e-09,1.381670323487345e-20,-7.163394707382532e-19,5.391062976734241e-11
4,148,1045.0,0.49498327759197325,299.0,0.028932587294352507,-2.0945145830071285e-17,-1.1066631819472143e-18,0.999581365068598,1.1531279465618278e-19,-9.803707453888099e-18,3.0445132935897734e-09,1.2050454221827583e-20,6.626561583445776e-20,-7.513565810211201e-11
4,149,1046.0,0.4983277591973244,299.0,0.028932585772733128,-1.604367604228757e-17,-1.1908542009392625e-18,0.999581365112641,1.7556497631088247e-19,-9.720875434100696e-18,2.6688350030805477e-09,1.0445241693453542e-20,6.4550115844090075e-19,-7.530407866477208e-10
4,150,1047.0,0.5016722408026756,299.0,0.028932584438874268,-1.1182733301589954e-17,-1.2437334722378809e-18,0.9995813651512493,2.277911080606494e-19,-8.913998986053703e-18,-1.0963689301586408e-09,8.922822082447723e-21,9.980820770625382e-19,-1.3806042205554761e-09
4,151,1048.0,0.5050167224080268,299.0,0.028932584986829258,-6.724304371326967e-18,-1.2588381196723003e-18,0.9995813651353891,2.72405248703868e-19,-7.666396389726923e-18,-7.999390032938265e-09,7.493939641738689e-21,1.1943058030746246e-18,2.416757148151667e-11
4,152,1049.0,0.5083612040133779,299.0,0.028932588984849867,-2.8887701892192917e-18,-1.2335968736847775e-18,0.9995813650196677,3.0987513024416847e-19,-6.173514135884413e-18,-7.87855217553072e-09,5.911613561233841e-21,1.235378466946008e-18,1.32950250251761e-09
4,153,1050.0,0.5117056856187291,299.0,0.028932592922476835,2.0117740273091427e-19,-1.1680320554780098e-18,0.9995813649056945,3.394333431705494e-19,-4.629291052200719e-18,-1.2310396629407779e-09,3.901923677139582e-21,1.1886502487254528e-18,9.241337480845711e-10
4,154,1051.0,0.5150501672240803,299.0,0.02893259353773899,2.519764279590172e-18,-1.0653551300022953e-18,0.9995813648878861,3.589429794176007e-19,-3.143478241292708e-18,3.3896290774828642e-09,1.7632092687349197e-21,1.0584092313750936e-18,2.139857109574699e-10
4,155,1052.0,0.5183946488294314,299.0,0.02893259184363397,4.096037987494851e-18,-9.314332670345317e-19,0.9995813649369216,3.677589952723676e-19,-1.8204667020716973e-18,4.459557632269227e-09,2.5724844606343153e-22,9.013097521384429e-19,-4.614390642351464e-10
4,156,1053.0,0.5217391304347826,299.0,0.028932589614788628,5.011210389807608e-18,-7.739661671068781e-19,0.9995813650014351,3.6904521363686814e-19,-6.938295118967713e-19,2.152362311091357e-09,-3.7363889230647967e-22,7.122706192302174e-19,-6.466703590306088e-10
4,157,1054.0,0.5250836120401338,299.0,0.028932588539058016,5.363318629647429e-18,-5.995579555740693e-19,0.999581365032572,3.671770137302345e-19,1.9650876214343896e-19,-1.0809894840631322e-09,-6.644349151412466e-22,5.374995734180173e-19,3.1973583780076374e-10
4,158,1055.0,0.5284280936454849,299.0,0.028932589079326484,5.270417070831133e-18,-4.1320354880282e-19,0.9995813650169343,3.6385483718001065e-19,8.68383228917762e-19,5.176897049422179e-10,-8.14199984936522e-22,3.539105918473821e-19,5.54222815654564e-10
4,159,1056.0,0.5317725752508361,299.0,0.028932588820589987,4.8416708539119195e-18,-2.187900051685943e-19,0.9995813650244234,3.597838381778409e-19,1.3107714687294118e-18,3.288803783217671e-09,-3.7709311262488344e-22,2.0847402762361692e-19,-6.002587947135832e-10
4,160,1057.0,0.5351170568561873,299.0,0.028932587176876506,4.191764224034958e-18,-2.0011396942655248e-20,0.9995813650720005,3.578983857855519e-19,1.5713640032601507e-18,2.8750980965046227e-10,4.737965216398833e-22,6.389694939433902e-20,-6.832788450066168e-10
4,161,1058.0,0.5384615384615384,299.0,0.02893258703318179,3.4115885983110425e-18,1.8159469420168436e-19,0.9995813650761598,3.6026736989864396e-19,1.651235190005052e-18,-3.1288844153833994e-09,7.328952681580705e-22,-3.0928529056810106e-20,4.809454563854963e-10
4,162,1059.0,0.5418060200668896,299.0,0.028932588596969074,2.5915283678747917e-18,3.8554022734162255e-19,0.9995813650308966,3.639318307650974e-19,1.612574528684775e-18,-7.241571334564078e-10,-2.7254647314703916e-23,-1.2457158888202375e-19,2.3566675177040254e-10
4,163,1060.0,0.5451505016722408,299.0,0.02893258895889607,1.7908433877706323e-18,5.907579441715295e-19,0.9995813650204208,3.6379555395269362e-19,1.456860042583677e-18,4.541766253945216e-10,-1.1071148714460545e-21,-1.6891658732247535e-19,-4.004704072266866e-10
4,164,1061.0,0.5484949832775919,299.0,0.02893258873190284,1.0679810860277587e-18,7.936549383345227e-19,0.9995813650269912,3.5825998165997487e-19,1.245714308430685e-18,-1.5481754107404714e-09,-1.9816702611550045e-21,-2.1378122310011857e-19,8.563264864761304e-10
4,165,1062.0,0.5518394648829431,299.0,0.028932589505666483,4.505673752016478e-19,9.907308096937091e-19,0.999581365004595,3.483516248957614e-19,9.784877795562119e-19,2.7334570216412646e-09,-3.1812647952902175e-21,-2.1410589298709883e-19,1.1956517177097998e-09
4,166,1063.0,0.5551839464882943,299.0,0.028932588139510128,-3.343234122480369e-20,1.1789887980202437e-18,0.9995813650441382,3.3244530908164526e-19,7.108554133219592e-19,8.71171561019227e-09,-5.119436984181789e-21,-2.175902607203234e-19,-5.221153116751285e-10
4,167,1064.0,0.5585284280936454,299.0,0.028932583785475845,-3.839019962488472e-19,1.355425309556152e-18,0.9995813651701646,3.068481425682076e-19,4.388675874217575e-19,6.101139051815931e-09,-7.008805078666848e-21,-1.8908482575750626e-19,-1.3942600792113288e-09
4,168,1065.0,0.5618729096989966,299.0,0.02893258073618341,-5.988049678820923e-19,1.5151339399699264e-18,0.9995813652584257,2.7180412512461805e-19,2.0251155522419963e-19,-8.701613442423354e-10,-8.09680540784396e-21,-1.6668209381886206e-19,-1.115181014798088e-09
4,169,1066.0,0.5652173913043478,299.0,0.028932581171081946,-6.960863589143748e-19,1.6539086998771047e-18,0.9995813652458377,2.313200977710968e-19,-5.841062049647278e-21,-6.446066418233511e-09,-9.105788200877587e-21,-1.2372131926739575e-19,-2.150989386860691e-10
4,170,1067.0,0.568561872909699,299.0,0.028932584392765883,-6.898207115100766e-19,1.769435828679293e-18,0.9995813651525873,1.8579115712163358e-19,-1.6049271113474757e-19,-7.521561111662544e-09,-1.1090967186435845e-20,-8.876938590221367e-20,6.83738485960155e-10
4,171,1068.0,0.5719063545150501,299.0,0.028932588151972038,-6.0692024663811735e-19,1.859970780822206e-18,0.9995813650437784,1.3033632485137113e-19,-2.7145444351287497e-19,-4.1028686818589654e-09,-1.3634777386538943e-20,-4.6644657468911226e-20,4.350364744571495e-10
4,172,1069.0,0.5752508361204013,299.0,0.02893259020254758,-4.693643647084142e-19,1.9211847204429426e-18,0.9995813649844253,6.216244113648756e-20,-3.2976026534970954e-19,-1.927686309572401e-09,-1.549924733944315e-20,-1.5973790447801123e-20,9.004849180592735e-11
4,173,1070.0,0.5785953177257525,299.0,0.028932591165987245,-3.036539977596572e-19,1.9474825194614115e-18,0.9995813649565389,-1.5333793765909185e-20,-3.497275034098243e-19,-1.4774438505443173e-09,-1.654742346376982e-20,1.664889166153452e-20,2.669032134707884e-10
4,174,1071.0,0.5819397993311036,299.0,0.02893259190439993,-1.2908527449680076e-19,1.9347595704984087e-18,0.999581364935166,-9.80709095205715e-20,-3.2891638883349246e-19,-1.4292778319264448e-10,-1.7644283514666468e-20,3.635332041647077e-20,6.584433985678401e-10
4,175,1072.0,0.5852842809364549,299.0,0.028932591975833914,3.3885349275390923e-20,1.8809864418843593e-18,0.9995813649330986,-1.8629232696893358e-19,-2.834747383129956e-19,3.1492892096449546e-09,-1.8777190583440332e-20,5.595964269279554e-20,1.0340933289663417e-09
4,176,1073.0,0.5886287625418061,299.0,0.028932590401848514,1.7286842528211259e-19,1.7837784431771297e-18,0.9995813649786572,-2.8017828268635304e-19,-2.1352518494734134e-19,8.31975585447729e-09,-1.8700510215260443e-20,5.949713995590881e-20,2.9351201331651564e-10
4,177,1074.0,0.5919732441471572,299.0,0.028932586243712057,2.7553318883935025e-19,1.6406590290191525e-18,0.9995813650990135,-3.7368083919471548e-19,-1.3915376000235438e-19,9.787315921061046e-09,-1.6746093023880333e-20,6.496520011529832e-20,-3.2269239224249755e-10
4,178,1075.0,0.5953177257525084,299.0,0.028932581352102756,3.3967517287698116e-19,1.4518837869411217e-18,0.9995813652405999,-4.574113084536831e-19,-5.794725985836527e-20,8.173853959849167e-09,-1.3811063446591623e-20,5.710722231915153e-20,-5.08208242105832e-10
4,179,1076.0,0.5986622073578596,299.0,0.028932577266886705,3.620196342006167e-19,1.2224355935782052e-18,0.9995813653588453,-5.264666270915636e-19,1.3436768040747643e-20,5.6328127493208224e-09,-1.1024060618821584e-20,5.200628212360377e-20,-1.9608287093947916e-09
4,180,1077.0,0.6020066889632107,299.0,0.028932574451659386,3.476880478231247e-19,9.595068577747933e-19,0.9995813654403314,-5.815869299304542e-19,7.844462069540065e-20,-4.171330797654499e-09,-8.326834393734218e-21,3.8622085194831925e-20,-1.3748350829271076e-09
4,181,1078.0,0.6053511705685619,299.0,0.028932576536451662,3.000687514514936e-19,6.699699321515205e-19,0.9995813653799879,-6.232211029038532e-19,1.2672222718915113e-19,-1.1045506212290584e-08,-5.051797885611174e-21,2.7001682651985932e-20,1.1404896110217316e-09
4,182,1079.0,0.6086956521739131,299.0,0.028932582056892742,2.2771846294625343e-19,3.6032303359474724e-19,0.9995813652202006,-6.484800965448986e-19,1.604743305043214e-19,-5.343058157178982e-09,-1.219244067623085e-21,1.4144891004327987e-20,6.166317457615612e-10
4,183,1080.0,0.6120401337792643,299.0,0.028932584727303427,1.3813378479720414e-19,3.854019247800414e-20,0.9995813651429065,-6.545763194174673e-19,1.7815544425991926e-19,-2.2598994283703125e-09,2.4985966279301444e-21,4.265746552726636e-22,-5.365507017157633e-10
4,184,1081.0,0.6153846153846154,299.0,0.028932585856780123,3.962406102431796e-20,-2.86033704069138e-19,0.9995813651102143,-6.420833374517179e-19,1.7868866257916238e-19,-4.942652936951267e-09,5.7461197238049605e-21,-7.737727163558507e-21,4.273616268722566e-10
4,185,1082.0,0.6187290969899666,299.0,0.028932588327072014,-5.897143261506548e-20,-6.043560109038359e-19,0.9995813650387126,-6.133527414779163e-19,1.6901650362483198e-19,-2.8058448025914305e-09,8.81524065253187e-21,-2.0022897081853903e-20,7.243722865430038e-10
4,186,1083.0,0.6220735785953178,299.0,0.02893258972940711,-1.5231724672775557e-19,-9.084589538178605e-19,0.9995813649981226,-5.692765396275416e-19,1.4398788227275168e-19,8.160166301227746e-10,1.2066482673729867e-20,-2.164980426515263e-20,5.166298974209058e-10
4,187,1084.0,0.6254180602006689,299.0,0.02893258932156961,-2.3251637138326603e-19,-1.1908950928788572e-18,0.9995813650099276,-5.089441258900047e-19,1.1692562694115617e-19,3.3991661172273163e-09,1.535740480675107e-20,-3.13261901458113e-20,4.392676653860167e-10
4,188,1085.0,0.6287625418060201,299.0,0.028932587622698052,-2.9831724793437686e-19,-1.443569143961316e-18,0.999581365059101,-4.3215710061777234e-19,7.776788925918657e-20,5.595504444158704e-09,1.815448313678968e-20,-2.612246029055893e-20,-6.606542456172688e-10
4,189,1086.0,0.6321070234113713,299.0,0.02893258482611707,-3.434366300654276e-19,-1.6584322222756488e-18,0.9995813651400475,-3.413846836227349e-19,4.5114813895611365e-20,2.29223321607264e-09,1.9970036350688315e-20,-3.272150570791923e-20,-6.205083074502468e-10
4,190,1087.0,0.6354515050167224,299.0,0.028932583680480278,-3.7092316608394563e-19,-1.828400461854446e-18,0.9995813651732078,-2.4153450155688766e-19,4.212931761066562e-21,-8.103083211783908e-10,2.0632647041212842e-20,-2.3476923418451323e-20,2.7629100248256505e-10
4,191,1088.0,0.6387959866220736,299.0,0.02893258408546482,-3.765228579489947e-19,-1.9490562099140748e-18,0.9995813651614859,-1.3837126636213227e-19,-2.5133222512398914e-20,5.711466912357921e-10,2.0371620541589267e-20,-2.84620534477793e-20,-5.768753568001346e-10
4,192,1089.0,0.6421404682274248,299.0,0.028932583800011038,-3.659632270891835e-19,-2.0185764640217282e-18,0.9995813651697484,-3.651316373097843e-20,-6.071078932187554e-20,-2.3132300927656553e-09,1.9554680928552758e-20,-1.6508337120593137e-20,-3.9161762391024295e-10
4,193,1090.0,0.6454849498327759,299.0,0.028932584956141896,-3.3614874793956164e-19,-2.0377036634769448e-18,0.9995813651362847,6.126024133391398e-20,-8.134621072298452e-20,-4.271318212317944e-09,1.8273834454122872e-20,-1.95410240211427e-20,8.605037497770917e-10
4,194,1091.0,0.6488294314381271,299.0,0.02893258709090694,-2.9460645677669135e-19,-2.0082631444409058e-18,0.9995813650744948,1.5262941464551338e-19,-1.0577249074923218e-19,3.120053656828013e-11,1.6462628086895162e-20,-7.500663170151937e-21,4.443800191203254e-10
4,195,1092.0,0.6521739130434783,299.0,0.028932587075313213,-2.395343694682302e-19,-1.9335105210155145e-18,0.9995813650749463,2.3494255507104034e-19,-1.1514831971216769e-19,2.253100632169514e-09,1.4295447609227144e-20,-1.0775634582803166e-20,2.964473477576541e-10
4,196,1093.0,0.6555183946488294,299.0,0.028932585949234518,-1.7858556636206855e-19,-1.817754190180752e-18,0.9995813651075406,3.0641979233801827e-19,-1.2861786294050919e-19,3.735337370957315e-09,1.2117306087558914e-20,-8.318209880269084e-22,-2.250821019766998e-10
4,197,1094.0,0.6588628762541806,299.0,0.028932584082347706,-1.098708017849697e-19,-1.6664690563737425e-18,0.9995813651615771,3.6700632132863326e-19,-1.296576391758258e-19,2.6099268610734624e-09,1.0084112935176369e-20,-3.6256832856677606e-21,-1.2008795543945146e-09
4,198,1095.0,0.6622073578595318,299.0,0.028932582777930597,-3.975990329141863e-20,-1.4849183816578265e-18,0.9995813651993334,4.17426884994321e-19,-1.3418974328263448e-19,-3.394470910900384e-09,8.074726948612418e-21,4.818732234682167e-21,5.514478138018877e-10
4,199,1096.0,0.6655518394648829,299.0,0.028932584474455524,3.334550148326265e-20,-1.2782335418630742e-18,0.9995813651502281,4.578005210777957e-19,-1.2816632798953706e-19,-6.372318418888447e-10,5.895976051127127e-21,1.486521348307102e-21,1.0122763009143317e-09
4,200,1097.0,0.6688963210702341,299.0,0.02893258479293805,1.0402451461326661e-19,-1.0512831985001164e-18,0.9995813651410099,4.872804015768272e-19,-1.2630817630385243e-19,4.424149662685407e-09,3.4506522246812446e-21,7.196206048829474e-21,-1.4843581269038576e-09
4,201,1098.0,0.6722408026755853,299.0,0.02893258258178929,1.7420130255710597e-19,-8.095722052291338e-19,0.9995813652050112,5.04533661053644e-19,-1.1731291874307494e-19,-2.997640971835872e-09,7.057664025629717e-22,3.479506106980212e-21,-1.1729989673782121e-09
4,202,1099.0,0.6755852842809364,299.0,0.02893258407998233,2.4013193840636756e-19,-5.591080649684992e-19,0.9995813651616465,5.080624941166877e-19,-1.129635361091278e-19,-8.862635808728709e-09,-2.213196006941453e-21,9.286366884359515e-21,1.0357708373654302e-09
4,203,1100.0,0.6789297658862876,299.0,0.028932588509445127,3.039398440796812e-19,-3.06817326679688e-19,0.9995813650334372,4.969965170778403e-19,-1.013555775037964e-19,-3.683781621900466e-09,-4.765217259192689e-21,4.2892168152280555e-21,1.3721845870505226e-09
4,204,1101.0,0.6822742474916388,299.0,0.02893259035056486,3.6178611575810725e-19,-5.988933724866719e-20,0.9995813649801467,4.731704319030377e-19,-9.599405648452337e-20,3.1771413133534658e-09,-6.396527603931573e-21,9.749286889371754e-21,7.627097347061968e-10
4,205,1102.0,0.68561872909699,299.0,0.028932588762659237,4.166080737748597e-19,1.7520815692228803e-19,0.9995813650261083,4.411877929750829e-19,-8.380744787300622e-20,6.9906899868845964e-09,-7.360147980258531e-21,3.828946260489301e-21,-2.0653103157345924e-10
4,206,1103.0,0.6889632107023411,299.0,0.028932585268777528,4.648766084172107e-19,3.944973204342844e-19,0.9995813651272378,4.043870512993111e-19,-7.902126504720418e-20,5.958034829015496e-09,-8.381095039314023e-21,1.0989054187232737e-20,-9.486539358026722e-10
4,207,1104.0,0.6923076923076923,299.0,0.02893258229100725,5.10220683008389e-19,5.954630546987709e-19,0.9995813652134287,3.6248157468760675e-19,-6.528494731338624e-20,1.214765149999877e-09,-9.430069110942635e-21,4.770659935455369e-21,-3.895194543804944e-10
4,208,1105.0,0.6956521739130435,299.0,0.028932581683878952,5.480932558016683e-19,7.756835369770554e-19,0.999581365231002,3.153312289284874e-19,-5.9321622393791e-20,-7.32832121902521e-10,-9.723137499604028e-21,1.138213522434196e-20,-1.9331409774288027e-10
4,209,1106.0,0.6989966555183946,299.0,0.02893258205014161,5.823033229242306e-19,9.324249834883178e-19,0.9995813652204009,2.667155415430739e-19,-4.5093953363636895e-20,-1.6994026106148413e-09,-9.125871994850867e-21,5.207986016322329e-21,-1.5291588970905665e-09
4,210,1107.0,0.7023411371237458,299.0,0.028932582899487205,6.086992445886536e-19,1.0650745842940284e-18,0.9995813651958171,2.210861818121964e-19,-3.8583970842975107e-20,-9.345197096066751e-09,-8.687613948342379e-21,1.1793758068329225e-20,-1.99696517252982e-09
4,211,1108.0,0.705685618729097,299.0,0.028932587570129648,6.311814458320874e-19,1.1750132338990972e-18,0.9995813650606269,1.7764811315502334e-19,-2.384177325789178e-20,-1.933002295871604e-08,-9.238435916584115e-21,6.0553885086234596e-21,-1.3967996147953903e-09
4,212,1109.0,0.7090301003344481,299.0,0.028932597231095016,6.456672404909336e-19,1.2634552096223242e-18,0.9995813647809931,1.3145593494932775e-19,-1.627253762185567e-20,-2.6314021032692937e-08,-1.0092625744516371e-20,1.1459742933931586e-20,-1.214217391229614e-09
4,213,1110.0,0.7123745819397993,299.0,0.02893261038259755,6.557017673459233e-19,1.328920266161055e-18,0.9995813644003267,8.099280751245921e-20,-1.9478589547004565e-21,-3.238510798884163e-08,-1.0038647573496803e-20,6.269051315233246e-21,4.059128075767782e-10
4,214,1111.0,0.7157190635451505,299.0,0.028932626568372765,6.578469343080531e-19,1.3693715489718094e-18,0.9995813639318339,3.079956983544213e-20,5.888455189518906e-21,-3.035554395095703e-08,-9.134406211223351e-21,1.0116305927550783e-20,3.0127931797155136e-09
4,215,1112.0,0.7190635451505016,299.0,0.02893264173979077,6.553494747469623e-19,1.384850081211416e-18,0.9995813634927012,-1.487246175003715e-20,1.8533837598825334e-20,-1.529157805237667e-08,-8.410057702678942e-21,5.454013765533415e-21,4.526435003917737e-09
4,216,1113.0,0.7224080267558528,299.0,0.02893264938237899,6.458712750037251e-19,1.3776850848707888e-18,0.9995813632714885,-5.692275111647028e-20,2.5351354805784568e-20,7.34059696721387e-09,-8.164477929568815e-21,7.639181291131556e-21,6.739965374948456e-09
4,217,1114.0,0.725752508361204,299.0,0.028932645713617037,6.323774461854833e-19,1.3496023628431266e-18,0.9995813633776801,-9.774514016096745e-20,3.4900331419627935e-20,4.104042384195724e-08,-7.682044618171721e-21,4.57496894888127e-21,9.284746597883859e-09
4,218,1115.0,0.7290969899665551,299.0,0.028932625201995625,6.135206007017109e-19,1.3012551190872754e-18,0.9995813639713841,-1.3615535893610512e-19,4.061904260580046e-20,8.746415683137706e-08,-6.552382178084899e-21,5.526795507734442e-21,9.060511110858073e-09
4,219,1116.0,0.7324414715719063,299.0,0.028932581488225022,5.912499726092943e-19,1.2337935203128278e-18,0.9995813652366671,-1.6891725911514666e-19,4.752753699042227e-20,1.3276671238566472e-07,-5.356637823248365e-21,2.315502698975824e-21,6.184530539778971e-09
4,220,1117.0,0.7357859531772575,299.0,0.028932515132659178,5.650526281989404e-19,1.1500577559927095e-18,0.9995813671573069,-1.9570042929843655e-19,5.0421915364239134e-20,1.6368936508455364e-07,-4.771933863101945e-21,3.645517606581436e-21,1.0464106096390708e-09
4,221,1118.0,0.7391304347826086,299.0,0.028932433322239434,5.370212658538329e-19,1.052977874806874e-18,0.9995813695252762,-2.19560073875435e-19,5.497881237229758e-20,1.6892141813274172e-07,-4.693032087123104e-21,5.009300919857981e-22,-7.525342706477476e-09
4,222,1119.0,0.7424749163879598,299.0,0.02893234889688812,5.063672529895789e-19,9.440390851862777e-19,0.9995813719689267,-2.4302520638787404e-19,5.560497498754981e-20,1.3129470460034635e-07,-4.635737636704734e-21,4.6609379410264105e-21,-1.9639444429755706e-08
4,223,1120.0,0.745819397993311,299.0,0.0289322832770176,4.750608212298576e-19,8.233817085742742e-19,0.9995813738682567,-2.662038729016341e-19,6.143114741358592e-20,3.309748245155985e-08,-4.3908855896146245e-21,-2.485809840027199e-21,-3.368667539373694e-08
4,224,1121.0,0.7491638795986622,299.0,0.02893226673520412,4.405071766039024e-19,6.912241558296887e-19,0.9995813743470496,-2.8815829439363904e-19,5.8323885113915e-20,-1.3533589451713132e-07,-3.948155352443436e-21,5.22873504398717e-21,-4.311329183360041e-08
4,225,1122.0,0.7525083612040134,299.0,0.028932334374823777,4.071888587849305e-19,5.480490747881601e-19,0.9995813723892606,-3.0789909532589514e-19,6.485980391849015e-20,-3.509023536851321e-07,-3.2913829272842924e-21,-4.6974266509019585e-21,-3.962826055413362e-08
4,226,1123.0,0.7558528428093646,299.0,0.02893250975255141,3.70318316924561e-19,3.951023187022479e-19,0.9995813673130335,-3.2435607766773794e-19,5.898802060528776e-20,-5.490436564557813e-07,-2.524529028715377e-21,7.516558786173815e-21,-2.2006814083262717e-08
4,227,1124.0,0.7591973244147158,299.0,0.028932784159454616,3.3614432763791974e-19,2.3384561040937856e-19,0.9995813593703906,-3.3697882011463806e-19,6.838371908764358e-20,-6.59077726872058e-07,-1.837993626506525e-21,-5.5988919692575726e-21,8.355512853423545e-09
4,228,1125.0,0.7625418060200669,299.0,0.02893311356035799,2.9709183736787124e-19,6.641611316409743e-20,0.9995813498358594,-3.4616892410933254e-19,6.138510412652375e-20,-6.173001626048969e-07,-1.0826899548767375e-21,7.322139226629286e-21,5.121801747099706e-08
4,229,1126.0,0.7658862876254181,299.0,0.028933422081221405,2.614042418347223e-19,-1.0570776420023984e-19,0.9995813409056038,-3.51582486611453e-19,7.053777815932144e-20,-3.6121007524987456e-07,1.3944874716598658e-22,-5.239536260751439e-21,9.815421818157142e-08
4,230,1127.0,0.7692307692307693,299.0,0.028933602610646612,2.210638952569782e-19,-2.8040491397037987e-19,0.9995813356800664,-3.5088532187223546e-19,6.398835783380454e-20,1.2956101565799767e-07,1.701920780778752e-21,6.210850643078459e-21,1.3132031574496883e-07
4,231,1128.0,0.7725752508361204,299.0,0.02893353785726017,1.8400690475310094e-19,-4.548484310564178e-19,0.9995813375543997,-3.4237569125942477e-19,7.175192113724514e-20,7.86162594382818e-07,2.8463069659916198e-21,-2.240129667853287e-21,1.3053740001281552e-07
4,232,1129.0,0.7759197324414716,299.0,0.028933144940529457,1.4319271539863475e-19,-6.249266603055372e-19,0.9995813489275576,-3.2814398884496846e-19,6.8951759052756e-20,1.4388495944468211e-06,3.3295608293997437e-21,3.483830006240218e-21,8.086037576383558e-08
4,233,1130.0,0.7792642140468228,299.0,0.028932425816913132,1.0398370085842384e-19,-7.879325734041453e-19,0.9995813697425215,-3.1149588694691633e-19,7.330654656036388e-20,1.8431514732658773e-06,3.886315389059821e-21,1.2450759912596252e-21,-1.8227735336060667e-08
4,234,1131.0,0.782608695652174,299.0,0.028931504626964068,6.283887984403007e-20,-9.42554943465905e-19,0.9995813964055162,-2.9206390373532884e-19,7.486289154943548e-20,1.7520127965854348e-06,5.122044170665299e-21,9.254922729128839e-22,-1.4870495774505824e-07
4,235,1132.0,0.7859531772575251,299.0,0.02893062898725434,2.119735322124097e-20,-1.0874428724652602e-18,0.9995814217493135,-2.6645328956034743e-19,7.601975689060117e-20,1.00848800786004e-06,6.658593361746516e-21,3.866068205859256e-21,-2.735217903127098e-07
4,236,1133.0,0.7892976588628763,299.0,0.02893012495431245,-2.065149401453621e-20,-1.2195141119379856e-18,0.9995814363372887,-2.3316009456222515e-19,8.0852342147807e-20,-3.5912094370351474e-07,7.785798234850393e-21,-5.950240084578645e-22,-3.3933775022753805e-07
4,237,1134.0,0.7926421404682275,299.0,0.02893030443962634,-6.443320055065833e-20,-1.3348758322347269e-18,0.9995814311425827,-1.9423119007191469e-19,8.010856213737648e-20,-2.0558096948410627e-06,8.528472130937882e-21,2.5061008240623466e-21,-2.930731057047198e-07
4,238,1135.0,0.7959866220735786,299.0,0.02893133191420895,-1.0727892776361582e-19,-1.4307920607134508e-18,0.999581401404469,-1.5158932498145515e-19,8.324118816733304e-20,-3.5211752233643617e-06,9.499768539784684e-21,-1.0690556139152125e-21,-1.0982865043858253e-07
4,239,1136.0,0.7993311036789298,299.0,0.02893309176479476,-1.5107242120846537e-19,-1.5053510453016825e-18,0.9995813504667671,-1.0409136150014876e-19,8.190486864995108e-20,-4.070318475556877e-06,1.083212630958716e-20,-1.3296163891467543e-21,1.8195237261007795e-07
4,240,1137.0,0.802675585284281,299.0,0.02893512607195232,-1.9351048975300723e-19,-1.5561903643355596e-18,0.9995812915812232,-4.993173036976709e-20,8.02428481636195e-20,-3.1605566125061297e-06,1.1884224521139562e-20,9.413470598027254e-24,4.960605723900027e-07
4,241,1138.0,0.8060200668896321,299.0,0.028936705688546616,-2.3433504621993045e-19,-1.5799851635918595e-18,0.9995812458544349,9.488641412594468e-21,8.025461500163433e-20,-6.802537505559872e-07,1.2222169223977037e-20,-7.267140991851881e-21,7.049661844831557e-07
4,242,1139.0,0.8093645484949833,299.0,0.028937045672994367,-2.7430772805636133e-19,-1.574081756456273e-18,0.9995812360123212,7.059931778217145e-20,7.11706887621695e-20,2.8445771718595353e-06,1.2114995477815313e-20,2.2871379221645036e-23,6.682280155280384e-07
4,243,1140.0,0.8127090301003345,299.0,0.028935623979988268,-3.088589418212668e-19,-1.5377667572297156e-18,0.9995812771682632,1.3117491501092938e-19,7.119927798582995e-20,6.185717249499036e-06,1.1827912284772392e-20,-1.1697061075045054e-20,2.927033120805264e-07
4,244,1141.0,0.8160535117056856,299.0,0.028932532416278876,-3.4255061651949735e-19,-1.4711757074042883e-18,0.9995813666572765,1.903157976965103e-19,5.657795164238162e-20,7.64923380990066e-06,1.1046542307355544e-20,-7.088967200166046e-22,-4.0041277630111215e-07
4,245,1142.0,0.8193979933110368,299.0,0.028928709400272843,-3.6808021709152945e-19,-1.3752378667503307e-18,0.9995814773056559,2.455497896860137e-19,5.569183074204256e-20,5.647169928394095e-06,1.0127961293027433e-20,-1.1882658927180915e-20,-1.2533098926412976e-06
4,246,1143.0,0.822742474916388,299.0,0.028925886996927875,-3.9236664171397358e-19,-1.251707772636763e-18,0.9995815589842958,2.961905683274925e-19,4.083850708339635e-20,-6.193795348129676e-07,8.965679892232647e-21,-2.0257840904710496e-21,-1.9856001354668764e-06
4,247,1144.0,0.8260869565217391,299.0,0.028926196557119487,-4.0849317519472647e-19,-1.1030839353113499e-18,0.9995815500266776,3.4101886597413344e-19,3.830627697006616e-20,-1.0547380212147108e-05,7.238733770398792e-21,-9.882479920914879e-21,-2.261292628191114e-06
4,248,1145.0,0.8294314381270903,299.0,0.028931468040070324,-4.2270029201718737e-19,-9.320939846274742e-19,0.9995813974659227,3.772113413427803e-19,2.5953177069099153e-20,-2.1853843353101458e-05,5.24625723208742e-21,-5.64212115901148e-21,-1.811063711618893e-06
4,249,1146.0,0.8327759197324415,299.0,0.02894239038599237,-4.302046243375863e-19,-7.431964491246859e-19,0.9995810812749569,4.03440917923293e-19,1.8900525620214706e-20,-3.090916191119394e-05,3.505837274188413e-21,-5.2710665887670724e-21,-5.409371522203879e-07
4,250,1147.0,0.8361204013377926,299.0,0.028957838489254654,-4.338011699459506e-19,-5.412936318311344e-19,0.9995806338625336,4.20968346167323e-19,1.2311692384338788e-20,-3.361384767229371e-05,1.5255283804421141e-21,-7.473438816284056e-21,1.4048886718200888e-06
4,251,1148.0,0.8394648829431438,299.0,0.028974638360706025,-4.338501702841937e-19,-3.3072675830142746e-19,0.9995801470279821,4.2859473344062557e-19,2.9698938640740174e-21,-2.6589404313191704e-05,-4.109859239741141e-22,-2.3092531267740645e-21,3.6480080290172094e-06
4,252,1149.0,0.842809364548495,299.0,0.028987927478477695,-4.2912090787888876e-19,-1.1648210391527474e-19,0.999579761730329,4.2653956664425813e-19,8.332745544081846e-23,-8.349364168105354e-06,-2.0726396263473203e-21,-8.533239745615024e-21,5.672461184906035e-06
4,253,1150.0,0.8461538461538461,299.0,0.02899210040601278,-4.2297981858378444e-19,9.669747678555838e-20,0.9995796407082721,4.1617631149112934e-19,-1.0583222226413118e-20,2.0012941756423625e-05,-4.128894974551661e-21,-1.6517894284737166e-22,6.967372429002828e-06
4,254,1151.0,0.8494983277591973,299.0,0.028982098140094333,-4.1165655122581398e-19,3.0454897414161904e-19,0.999579930769866,3.9553122215791215e-19,-1.0789695905195792e-20,5.484980390143542e-05,-6.4309351876134966e-21,-5.799484414035706e-21,7.163024434707199e-06
4,255,1152.0,0.8528428093645485,299.0,0.028954684747659606,-4.005239544113457e-19,5.020864533577327e-19,0.9995807252266309,3.633747587947566e-19,-1.8039051422504686e-20,9.066492607496874e-05,-8.16620099568831e-21,-1.1513622736675407e-21,6.1300031610988704e-06
4,256,1153.0,0.8561872909698997,299.0,0.028909371261615788,-3.8622474959247887e-19,6.834546499323633e-19,0.9995820367854071,3.225388408885127e-19,-1.9478254264740773e-20,0.00012131494188046106,-8.784631541426206e-21,-1.1276325693990823e-21,3.992279202444165e-06
4,257,1154.0,0.8595317725752508,299.0,0.028848739090045376,-3.7178604015493215e-19,8.443985468808739e-19,0.9995837885130884,2.786086190477177e-19,-2.0887794976489626e-20,0.00014127633789268114,-8.805199448032685e-21,-1.4744684405229182e-21,1.0495507611034203e-06
4,258,1155.0,0.862876254180602,299.0,0.028778130249541126,-3.572680899879104e-19,9.833698489079421e-19,0.9995858238392997,2.3457378721446943e-19,-2.2730880527061748e-20,0.00014652409169819887,-9.501567660705618e-21,4.5335400972509005e-21,-2.345642843083558e-06
4,259,1156.0,0.8662207357859532,299.0,0.028704898469898585,-3.424600159511849e-19,1.100307262121665e-18,0.9995879295008617,1.8705593346930713e-19,-1.7063955405719112e-20,0.0001347958774827825,-1.1080613830845668e-20,-2.360552534853584e-21,-5.8952535820714045e-06
4,260,1157.0,0.8695652173913043,299.0,0.02863752823871493,-3.311726846591894e-19,1.1935748589033106e-18,0.9995898618817161,1.3164598506534862e-19,-2.001464607396675e-20,0.00010531960957242674,-1.1178189305002657e-20,7.168488159221085e-21,-9.391288584689242e-06
4,261,1158.0,0.8729096989966555,299.0,0.028584889992042527,-3.192216045049889e-19,1.2591017113403649e-18,0.9995913685425918,7.574870170323986e-20,-1.1054035875324061e-20,5.836316664898085e-05,-1.0347718873376505e-20,-2.861585312863538e-21,-1.2685526441878054e-05
4,262,1159.0,0.8762541806020067,299.0,0.02855572032106919,-3.125774680585766e-19,1.2968119080292707e-18,0.9995922022694903,2.4008179563847792e-20,-1.46310175160245e-20,-5.06446556041022e-06,-1.0301424362058091e-20,6.706958797357442e-21,-1.564523328830426e-05
4,263,1160.0,0.8795986622073578,299.0,0.028558251521134906,-3.049254404352166e-19,1.308601417485453e-18,0.9995921299570505,-2.7498740930744356e-20,-6.247319019667957e-21,-8.329063200193294e-05,-1.0354597914214398e-20,-2.2492899690292865e-21,-1.8116172643303872e-05
4,264,1161.0,0.882943143812709,299.0,0.028599879826525443,-3.0225021015803205e-19,1.2947557431253793e-18,0.9995909397743483,-7.927013033610838e-20,-9.058931480668808e-21,-0.00017387149521845346,-9.514425739584021e-21,3.880405164643235e-21,-1.9888258983124483e-05
4,265,1162.0,0.8862876254180602,299.0,0.028686779904082693,-2.9896871565931507e-19,1.254981080747937e-18,0.9995884496483686,-1.2683758721044424e-19,-4.208425025119884e-21,-0.000273312790134076,-6.912939993472012e-21,-1.6349642881576818e-21,-2.0667177185782465e-05
4,266,1163.0,0.8896321070234113,299.0,0.028823379790005647,-2.9885615148369305e-19,1.191487152145719e-18,0.9995845200876892,-1.6139881741719966e-19,-6.252130385152958e-21,-0.00037664867606298727,-3.8719268585761656e-21,7.100639487830863e-22,-2.0074587973206047e-05
4,267,1164.0,0.8929765886287625,299.0,0.029011625370934702,-2.982818010271031e-19,1.1106748770993364e-18,0.9995790742225804,-1.807514090792882e-19,-5.364550449242996e-21,-0.0004770216159290154,-2.530141116776999e-21,9.626108429350993e-22,-1.775803504233886e-05
4,268,1165.0,0.8963210702341137,299.0,0.02925003495612035,-2.9848750903270333e-19,1.0201882239213514e-18,0.9995721262061169,-1.933944382876022e-19,-4.161286895582991e-21,-0.0005658117911407074,-2.425830388483517e-22,-8.823858488774601e-22,-1.3621724531443973e-05
4,269,1166.0,0.8996655518394648,299.0,0.029532818629286712,-2.995247667965619e-19,9.233870338851223e-19,0.9995638111955666,-1.9460029337138237e-19,-5.2642692065421264e-21,-0.0006339204137979253,3.1367108696198818e-21,3.176552101550604e-21,-7.947884827349332e-06
4,270,1167.0,0.903010033444816,299.0,0.029849639092742745,-3.000599959516092e-19,8.259566194085933e-19,0.999554400252526,-1.7890671149088956e-19,-1.2935790797995082e-21,-0.0006736598379346713,2.8924873621984495e-21,-7.615603800387233e-22,-1.1905108755184359e-06
4,271,1168.0,0.9063545150501672,299.0,0.03018631722059394,-3.0236183916228375e-19,7.364226984045283e-19,0.9995442892948241,-1.6444168469632624e-19,-2.2455295546806932e-21,-0.0006796123923122644,9.306431629527037e-22,3.1896930184248996e-21,6.40792087287025e-06
4,272,1169.0,0.9096989966555183,299.0,0.03052596681403955,-3.039717542913481e-19,6.541026533081723e-19,0.9995339740871191,-1.5978386868978345e-19,1.741586718260864e-21,-0.0006475727879479149,1.147400115123625e-22,-1.8960737125596485e-22,1.4924958996441909e-05
4,273,1170.0,0.9130434782608695,299.0,0.030849600709351718,-3.074926911431685e-19,5.741760771235054e-19,0.9995240377993811,-1.5921355531474652e-19,1.5045775042443334e-21,-0.0005729479929657068,-1.2854664199759226e-21,1.3598052516600565e-22,2.441685267446486e-05
4,274,1171.0,0.9163879598662207,299.0,0.031135937085245938,-3.1086492925068434e-19,4.945422842127162e-19,0.9995151591768461,-1.6564347437774889e-19,1.6745531607918506e-21,-0.0004508637295933819,-2.6548186346612507e-21,7.860738911818564e-22,3.464363235636772e-05
4,275,1172.0,0.919732441471572,299.0,0.03136125885838677,-3.1439200654176704e-19,4.117166815223338e-19,0.9995081147467387,-1.7891983158305543e-19,2.657145524609125e-21,-0.0002776455678115406,-7.14019971105424e-22,-4.4336224599820314e-21,4.532415156669109e-05
4,276,1173.0,0.9230769230769231,299.0,0.03150001305473747,-3.1858264925619425e-19,3.2229878334012494e-19,0.9995037514575028,-1.824921840281878e-19,-2.884882550146867e-21,-5.102480997808145e-05,3.97675680255007e-21,1.0042650818604331e-21,5.636471398062327e-05
4,277,1174.0,0.9264214046822743,299.0,0.03152551278902857,-3.2002339038383953e-19,2.3104440233521555e-19,0.9995029474928706,-1.6260788183457067e-19,-1.6295511981480562e-21,0.00023079875992503812,6.679773958832951e-21,-7.60355716917193e-21,6.723503118971741e-05
4,278,1175.0,0.9297658862876255,299.0,0.03141017055930518,-3.2174548738524796e-19,1.4979212333435184e-19,0.9995065788731904,-1.292102576521491e-19,-1.1133997659311396e-20,0.0005669739158736265,7.315190858484819e-21,3.280212527838032e-22,7.615936053696914e-05
4,279,1176.0,0.9331103678929766,299.0,0.03112682222224008,-3.181679989044909e-19,8.513519188085137e-20,0.9995154431080926,-9.26531136879767e-20,-1.0723971093583497e-20,0.0009477707185584699,9.802383421097945e-21,-8.171090353195712e-21,8.091171716460996e-05
4,280,1177.0,0.9364548494983278,299.0,0.030653163010938372,-3.1421022309503373e-19,3.8814965780725e-20,0.9995300814508026,-4.367175134566288e-20,-2.0937834034969976e-20,0.0013523293043815126,1.1148481690448879e-20,-8.147173911300434e-22,8.107730314425763e-05
4,281,1178.0,0.939799331103679,299.0,0.02997730914548812,-3.0438925589512836e-19,1.6880873788158633e-20,0.9995505795484021,1.1985724263451107e-20,-2.1956230773983317e-20,0.0017577158201027903,6.499282519798649e-21,-3.460007690318374e-21,7.874294246484175e-05
4,282,1179.0,0.9431438127090301,299.0,0.02909883474738976,-2.9322148592312363e-19,2.280946736766109e-20,0.9995765392911877,4.4366390159436325e-20,-2.6281240386786778e-20,0.002151430532426991,-6.161224310684308e-22,-1.5505561810737708e-21,7.596883633108631e-05
4,283,1180.0,0.9464882943143813,299.0,0.02802355837474488,-2.7941624120916397e-19,4.491629276796976e-20,0.9996072629768055,4.1116100929432074e-20,-2.8219435613128757e-20,0.002531274714082424,-3.4858838429961095e-21,-4.332983186982597e-22,7.244418442288733e-05
4,284,1181.0,0.9498327759197325,299.0,0.02675839597321852,-2.6467890996313657e-19,6.542445519936631e-20,0.9996419300154151,2.3472301874683106e-20,-2.876105851157265e-20,0.0028934956361968706,-6.056259716016733e-21,-4.30075872950577e-21,6.72703847483306e-05
4,285,1182.0,0.9531772575250836,299.0,0.025312138692876143,-2.4989457279439284e-19,7.715445235718193e-20,0.9996795964891635,-7.058661185940984e-21,-3.41370069233715e-20,0.003229847559938536,-4.109168629800779e-21,2.5434545397053108e-21,6.213571627071617e-05
4,286,1183.0,0.9565217391304348,299.0,0.023697700035096695,-2.3279593830955024e-19,7.359768020407854e-20,0.9997191700740549,-2.793523515550756e-20,-3.0957688748842334e-20,0.003540526141292125,-1.2664430845207513e-22,-4.992457045744791e-21,5.971430876004634e-05
4,287,1184.0,0.959866220735786,299.0,0.021927897899694317,-2.175217548686339e-19,5.967919194076855e-20,0.9997595547547279,-2.889737205051765e-20,-3.7198260055799146e-20,0.00383909768509236,1.5746084179735724e-21,1.4029041343745926e-21,5.8527579804970065e-05
4,288,1185.0,0.9632107023411371,299.0,0.020008771384592047,-1.9912891932988644e-19,4.524358357265257e-20,0.9997998045596463,-2.145262518646954e-20,-3.544462988804692e-20,0.004131735584117211,7.304269225839697e-21,-4.819136376624325e-21,5.256915165369937e-05
4,289,1186.0,0.9665551839464883,299.0,0.017943275943741142,-1.8153083857473747e-19,3.4576158467988307e-20,0.999839006613479,1.4629157749899523e-20,-4.1468550358644907e-20,0.004394581342385702,1.1251256950613149e-20,-1.9960139554422994e-22,3.7570657828673445e-05
4,290,1187.0,0.9698996655518395,299.0,0.015746297475058093,-1.6059223941307916e-19,4.191626268003346e-20,0.999876019595412,7.033885379917715e-20,-4.1718052103264075e-20,0.004582434631529055,5.231056538999062e-21,-1.340627971826548e-21,1.5075037679831881e-05
4,291,1188.0,0.9732441471571907,299.0,0.013455324898282071,-1.3908558590391789e-19,7.712070619890573e-20,0.9999094732327987,9.592063038162436e-20,-4.33938370678735e-20,0.004657809819928196,-4.51483296977227e-22,-1.4990202194717809e-21,-1.1476732593402266e-05
4,292,1189.0,0.9765886287625418,299.0,0.011126596431068362,-1.1656540538674344e-19,1.251084016048721e-19,0.9999380976229938,9.305688511236053e-20,-4.5267612342182134e-20,0.004600426156961174,-4.580876311168813e-21,2.7250012591884497e-21,-4.163547796140965e-05
4,293,1190.0,0.979933110367893,299.0,0.008826498333381404,-9.312731855347632e-20,1.716498643397894e-19,0.9999610457220643,6.952776680718914e-20,-4.186136076842324e-20,0.0043922487671541255,-1.2385638986612918e-20,-1.3228276427967962e-21,-7.559775983334335e-05
4,294,1191.0,0.9832775919732442,299.0,0.0066304399784383825,-7.151351990898908e-20,2.0643172181147587e-19,0.9999780183967267,7.048200969597287e-21,-4.351489532171978e-20,0.0040142599679874194,-1.5776978025076295e-20,7.32806030218304e-21,-0.00010959046306177137
4,295,1192.0,0.9866220735785953,299.0,0.0046233421065349665,-4.931877697631478e-20,2.0995461170723337e-19,0.9999893123421756,-7.236090425274348e-20,-3.435481994421378e-20,0.0034663076526785766,-9.993895244448697e-21,2.8815447811495076e-21,-0.00013844655905564745
4,296,1193.0,0.9899665551839465,299.0,0.0028902007273774936,-3.194490590098442e-20,1.737802741455565e-19,0.9999958234268297,-1.2268755793485129e-19,-3.0752888967484626e-20,0.002774074857400353,-1.6903042478619489e-21,8.522608461484621e-21,-0.0001619640578449824
4,297,1194.0,0.9933110367892977,299.0,0.001503166756206366,-1.650476876485521e-20,1.124365001968216e-19,0.9999988702865402,-1.3139493762227777e-19,-2.0099628390820173e-20,0.00196425456817545,7.606628932018274e-21,5.770437790706615e-21,-0.00018443489839774696
4,298,1195.0,0.9966555183946488,299.0,0.0005210400145226506,-6.443290284661729e-21,4.6740158735538437e-20,0.9999998642679392,-9.348032170806223e-20,-1.2886581152382425e-20,0.0010420800761867138,1.8704121310098082e-20,1.0309264921934719e-20,-0.00020841601523733687
4,299,1196.0,1.0,299.0,1.5158288452186593e-17,1.6816671947471997e-32,-1.5605954742015422e-32,0.9999999999999998,1.648584188777346e-32,1.798704997955386e-32,1.469432738897504e-17,1.8704121310098082e-20,1.0309264921934719e-20,-0.00020841601523733687
